strain,query,database,gene,identity_%,coverage_%,category,product,drug,mech,family
GCA_011454775.1,GCA_011454775.1|AAQBFY010000003.1|408731-409195|-|g2482,CARD,golS,100.0,100.0,,,carbapenem;cephalosporin;monobactam;penicillin beta-lactam;phenicol antibiotic,antibiotic efflux,antibiotic efflux regulatory protein;resistance-nodulation-cell division (RND) antibiotic efflux pump
GCA_000258365.1,GCA_000258365.1|CP003416.1|628967-629389|+|g551,CARD,FosA7,100.0,100.0,,,phosphonic acid antibiotic,antibiotic inactivation,fosfomycin thiol transferase
GCA_000258365.1,GCA_000258365.1|CP003416.1|1182657-1183121|+|g1071,CARD,golS,100.0,100.0,,,carbapenem;cephalosporin;monobactam;penicillin beta-lactam;phenicol antibiotic,antibiotic efflux,antibiotic efflux regulatory protein;resistance-nodulation-cell division (RND) antibiotic efflux pump
GCA_010715595.1,GCA_010715595.1|DAATGU010000038.1|17755-18228|-|g4515,CARD,dfrA1,100.0,100.0,,,diaminopyrimidine antibiotic,antibiotic target replacement,trimethoprim resistant dihydrofolate reductase dfr
GCA_010716035.1,GCA_010716035.1|DAATFR010000006.1|239779-240243|-|g1923,CARD,golS,100.0,100.0,,,carbapenem;cephalosporin;monobactam;penicillin beta-lactam;phenicol antibiotic,antibiotic efflux,antibiotic efflux regulatory protein;resistance-nodulation-cell division (RND) antibiotic efflux pump
GCA_010715595.1,GCA_010715595.1|DAATGU010000043.1|222-881|+|g4582,CARD,catA1,100.0,100.0,,,phenicol antibiotic,antibiotic inactivation,chloramphenicol acetyltransferase (CAT)
GCA_010715595.1,GCA_010715595.1|DAATGU010000001.1|430635-431099|-|g401,CARD,golS,100.0,100.0,,,carbapenem;cephalosporin;monobactam;penicillin beta-lactam;phenicol antibiotic,antibiotic efflux,antibiotic efflux regulatory protein;resistance-nodulation-cell division (RND) antibiotic efflux pump
GCA_010715595.1,GCA_010715595.1|DAATGU010000004.1|144769-145206|-|g1249,CARD,AAC(6')-Iy,100.0,100.0,,,aminoglycoside antibiotic,antibiotic inactivation,AAC(6')
GCA_010715595.1,GCA_010715595.1|DAATGU010000038.1|1222-2082|-|g4498,CARD,TEM-1,100.0,100.0,,,cephalosporin;monobactam;penicillin beta-lactam,antibiotic inactivation,TEM beta-lactamase
GCA_010715595.1,GCA_010715595.1|DAATGU010000038.1|15527-16366|-|g4512,CARD,sul1,100.0,100.0,,,sulfonamide antibiotic,antibiotic target replacement,sulfonamide resistant sul
GCA_010715595.1,GCA_010715595.1|DAATGU010000038.1|16360-16707|-|g4513,CARD,qacEdelta1,100.0,100.0,,,disinfecting agents and antiseptics,antibiotic efflux,major facilitator superfamily (MFS) antibiotic efflux pump
GCA_010714675.1,GCA_010714675.1|DAATGB010000033.1|59678-60007|-|g3897,CARD,FosA7,100.0,77.9,,,phosphonic acid antibiotic,antibiotic inactivation,fosfomycin thiol transferase
GCA_010714675.1,GCA_010714675.1|DAATGB010000066.1|699-1541|-|g4793,CARD,APH(6)-Ic,100.0,95.0,,,aminoglycoside antibiotic,antibiotic inactivation,APH(6)
GCA_010714675.1,GCA_010714675.1|DAATGB010000066.1|1538-1813|-|g4794,CARD,BLMT,100.0,72.2,,,glycopeptide antibiotic;nonribosomal peptide antibiotics;peptide antibiotic,antibiotic inactivation,Bleomycin resistant protein
GCA_010714675.1,GCA_010714675.1|DAATGB010000066.1|1939-2733|-|g4795,CARD,APH(3')-IIa,100.0,100.0,,,aminoglycoside antibiotic,antibiotic inactivation,APH(3')
GCA_008032345.1,GCA_008032345.1|AAJLMD010000008.1|150975-151439|-|g3698,CARD,golS,100.0,100.0,,,carbapenem;cephalosporin;monobactam;penicillin beta-lactam;phenicol antibiotic,antibiotic efflux,antibiotic efflux regulatory protein;resistance-nodulation-cell division (RND) antibiotic efflux pump
GCA_008005965.1,GCA_008005965.1|AAJKJE010000009.1|151061-151525|-|g3777,CARD,golS,100.0,100.0,,,carbapenem;cephalosporin;monobactam;penicillin beta-lactam;phenicol antibiotic,antibiotic efflux,antibiotic efflux regulatory protein;resistance-nodulation-cell division (RND) antibiotic efflux pump
GCA_000330625.1,GCA_000330625.1|ANOT01000005.1|421-1200|+|g64,CARD,aadA2,100.0,100.0,,,aminoglycoside antibiotic,antibiotic inactivation,ANT(3'')
GCA_000330625.1,GCA_000330625.1|ANOT01000005.1|1364-1711|+|g65,CARD,qacEdelta1,100.0,100.0,,,disinfecting agents and antiseptics,antibiotic efflux,major facilitator superfamily (MFS) antibiotic efflux pump
GCA_005675415.1,GCA_005675415.1|AADNIJ010000025.1|25695-26042|+|g4309,CARD,qacEdelta1,100.0,100.0,,,disinfecting agents and antiseptics,antibiotic efflux,major facilitator superfamily (MFS) antibiotic efflux pump
GCA_010123345.1,GCA_010123345.1|DAAMFF010000001.1|284595-285059|-|g265,CARD,golS,100.0,100.0,,,carbapenem;cephalosporin;monobactam;penicillin beta-lactam;phenicol antibiotic,antibiotic efflux,antibiotic efflux regulatory protein;resistance-nodulation-cell division (RND) antibiotic efflux pump
GCA_010123015.1,GCA_010123015.1|DAAMFD010000003.1|145234-145671|-|g774,CARD,AAC(6')-Iaa,100.0,100.0,,,aminoglycoside antibiotic,antibiotic inactivation,AAC(6')
GCA_010123015.1,GCA_010123015.1|DAAMFD010000010.1|186159-186881|-|g2413,CARD,sdiA,100.0,100.0,,,cephalosporin;disinfecting agents and antiseptics;fluoroquinolone antibiotic;glycylcycline;penicillin beta-lactam;phenicol antibiotic;rifamycin antibiotic;tetracycline antibiotic,antibiotic efflux,antibiotic efflux regulatory protein;resistance-nodulation-cell division (RND) antibiotic efflux pump
GCA_010123015.1,GCA_010123015.1|DAAMFD010000001.1|344459-345916|+|g319,CARD,mdsC,100.0,96.4,,,carbapenem;cephalosporin;monobactam;penicillin beta-lactam;phenicol antibiotic,antibiotic efflux,resistance-nodulation-cell division (RND) antibiotic efflux pump
GCA_000329025.1,GCA_000329025.1|ALFF01000010.1|66043-66507|+|g327,CARD,golS,100.0,100.0,,,carbapenem;cephalosporin;monobactam;penicillin beta-lactam;phenicol antibiotic,antibiotic efflux,antibiotic efflux regulatory protein;resistance-nodulation-cell division (RND) antibiotic efflux pump
GCA_010714675.1,GCA_010714675.1|DAATGB010000002.1|215841-216305|-|g468,CARD,golS,100.0,100.0,,,carbapenem;cephalosporin;monobactam;penicillin beta-lactam;phenicol antibiotic,antibiotic efflux,antibiotic efflux regulatory protein;resistance-nodulation-cell division (RND) antibiotic efflux pump
GCA_010714675.1,GCA_010714675.1|DAATGB010000031.1|42079-43224|-|g3756,CARD,CMY-2,100.0,100.0,,,carbapenem;cephalosporin;penicillin beta-lactam,antibiotic inactivation,CMY beta-lactamase
GCA_000474395.1,GCA_000474395.1|AUQU01000004.1|124479-125201|-|g1031,CARD,sdiA,100.0,100.0,,,cephalosporin;disinfecting agents and antiseptics;fluoroquinolone antibiotic;glycylcycline;penicillin beta-lactam;phenicol antibiotic;rifamycin antibiotic;tetracycline antibiotic,antibiotic efflux,antibiotic efflux regulatory protein;resistance-nodulation-cell division (RND) antibiotic efflux pump
GCA_000474395.1,GCA_000474395.1|AUQU01000011.1|10423-11238|-|g1592,CARD,sul2,100.0,100.0,,,sulfonamide antibiotic,antibiotic target replacement,sulfonamide resistant sul
GCA_000474395.1,GCA_000474395.1|AUQU01000011.1|4374-5588|+|g1584,CARD,floR,100.0,100.0,,,phenicol antibiotic,antibiotic efflux,major facilitator superfamily (MFS) antibiotic efflux pump
GCA_000474395.1,GCA_000474395.1|AUQU01000037.1|2924-3421|-|g3695,CARD,dfrA12,100.0,100.0,,,diaminopyrimidine antibiotic,antibiotic target replacement,trimethoprim resistant dihydrofolate reductase dfr
GCA_000474395.1,GCA_000474395.1|AUQU01000037.1|1725-2504|-|g3694,CARD,aadA2,100.0,100.0,,,aminoglycoside antibiotic,antibiotic inactivation,ANT(3'')
GCA_000474395.1,GCA_000474395.1|AUQU01000023.1|146919-147383|+|g2852,CARD,golS,100.0,100.0,,,carbapenem;cephalosporin;monobactam;penicillin beta-lactam;phenicol antibiotic,antibiotic efflux,antibiotic efflux regulatory protein;resistance-nodulation-cell division (RND) antibiotic efflux pump
GCA_000474395.1,GCA_000474395.1|AUQU01000023.1|143116-144342|-|g2850,CARD,mdsA,100.0,100.0,,,carbapenem;cephalosporin;monobactam;penicillin beta-lactam;phenicol antibiotic,antibiotic efflux,resistance-nodulation-cell division (RND) antibiotic efflux pump
GCA_000474395.1,GCA_000474395.1|AUQU01000023.1|139952-143119|-|g2849,CARD,mdsB,100.0,100.0,,,carbapenem;cephalosporin;monobactam;penicillin beta-lactam;phenicol antibiotic,antibiotic efflux,resistance-nodulation-cell division (RND) antibiotic efflux pump
GCA_000474395.1,GCA_000474395.1|AUQU01000011.1|39579-40724|+|g1629,CARD,CMY-2,100.0,100.0,,,carbapenem;cephalosporin;penicillin beta-lactam,antibiotic inactivation,CMY beta-lactamase
GCA_000330625.1,GCA_000330625.1|ANOT01000043.1|31517-31981|+|g2583,CARD,golS,100.0,100.0,,,carbapenem;cephalosporin;monobactam;penicillin beta-lactam;phenicol antibiotic,antibiotic efflux,antibiotic efflux regulatory protein;resistance-nodulation-cell division (RND) antibiotic efflux pump
GCA_000474395.1,GCA_000474395.1|AUQU01000038.1|831-1691|+|g3698,CARD,AAC(3)-IId,100.0,100.0,,,aminoglycoside antibiotic,antibiotic inactivation,AAC(3)
GCA_000330625.1,GCA_000330625.1|ANOT01000040.1|22087-23001|+|g2372,CARD,CARB-2,100.0,94.7,,,penicillin beta-lactam,antibiotic inactivation,CARB beta-lactamase
GCA_008032345.1,GCA_008032345.1|AAJLMD010000008.1|158423-159880|+|g3702,CARD,mdsC,100.0,96.4,,,carbapenem;cephalosporin;monobactam;penicillin beta-lactam;phenicol antibiotic,antibiotic efflux,resistance-nodulation-cell division (RND) antibiotic efflux pump
GCA_010123015.1,GCA_010123015.1|DAAMFD010000001.1|337011-337475|-|g315,CARD,golS,100.0,100.0,,,carbapenem;cephalosporin;monobactam;penicillin beta-lactam;phenicol antibiotic,antibiotic efflux,antibiotic efflux regulatory protein;resistance-nodulation-cell division (RND) antibiotic efflux pump
GCA_010123015.1,GCA_010123015.1|DAAMFD010000001.1|340052-341278|+|g317,CARD,mdsA,100.0,100.0,,,carbapenem;cephalosporin;monobactam;penicillin beta-lactam;phenicol antibiotic,antibiotic efflux,resistance-nodulation-cell division (RND) antibiotic efflux pump
GCA_010123015.1,GCA_010123015.1|DAAMFD010000001.1|341275-344442|+|g318,CARD,mdsB,100.0,100.0,,,carbapenem;cephalosporin;monobactam;penicillin beta-lactam;phenicol antibiotic,antibiotic efflux,resistance-nodulation-cell division (RND) antibiotic efflux pump
GCA_005675415.1,GCA_005675415.1|AADNIJ010000025.1|26036-26875|+|g4310,CARD,sul1,100.0,100.0,,,sulfonamide antibiotic,antibiotic target replacement,sulfonamide resistant sul
GCA_006862905.1,GCA_006862905.1|AAGLPJ010000008.1|113663-114127|-|g2090,CARD,golS,100.0,100.0,,,carbapenem;cephalosporin;monobactam;penicillin beta-lactam;phenicol antibiotic,antibiotic efflux,antibiotic efflux regulatory protein;resistance-nodulation-cell division (RND) antibiotic efflux pump
GCA_000474395.1,GCA_000474395.1|AUQU01000034.1|175348-175785|+|g3486,CARD,AAC(6')-Iaa,100.0,100.0,,,aminoglycoside antibiotic,antibiotic inactivation,AAC(6')
GCA_000474395.1,GCA_000474395.1|AUQU01000033.1|3842-5017|-|g3321,CARD,oqxA,100.0,100.0,,,diaminopyrimidine antibiotic;fluoroquinolone antibiotic;glycylcycline;nitrofuran antibiotic;tetracycline antibiotic,antibiotic efflux,resistance-nodulation-cell division (RND) antibiotic efflux pump
GCA_000474395.1,GCA_000474395.1|AUQU01000033.1|666-3818|-|g3320,CARD,oqxB,100.0,100.0,,,diaminopyrimidine antibiotic;fluoroquinolone antibiotic;glycylcycline;nitrofuran antibiotic;tetracycline antibiotic,antibiotic efflux,resistance-nodulation-cell division (RND) antibiotic efflux pump
GCA_000812595.1,GCA_000812595.1|JRXC01000003.1|92983-93447|-|g3212,CARD,golS,100.0,100.0,,,carbapenem;cephalosporin;monobactam;penicillin beta-lactam;phenicol antibiotic,antibiotic efflux,antibiotic efflux regulatory protein;resistance-nodulation-cell division (RND) antibiotic efflux pump
GCA_000812595.1,GCA_000812595.1|JRXC01000027.1|2781-3620|+|g3101,CARD,sul1,100.0,100.0,,,sulfonamide antibiotic,antibiotic target replacement,sulfonamide resistant sul
GCA_005675415.1,GCA_005675415.1|AADNIJ010000003.1|328707-329171|-|g1684,CARD,golS,100.0,100.0,,,carbapenem;cephalosporin;monobactam;penicillin beta-lactam;phenicol antibiotic,antibiotic efflux,antibiotic efflux regulatory protein;resistance-nodulation-cell division (RND) antibiotic efflux pump
GCA_000812595.1,GCA_000812595.1|JRXC01000027.1|2440-2787|+|g3100,CARD,qacEdelta1,100.0,100.0,,,disinfecting agents and antiseptics,antibiotic efflux,major facilitator superfamily (MFS) antibiotic efflux pump
GCA_000812595.1,GCA_000812595.1|JRXC01000003.1|97247-100414|+|g3215,CARD,mdsB,99.9,100.0,,,carbapenem;cephalosporin;monobactam;penicillin beta-lactam;phenicol antibiotic,antibiotic efflux,resistance-nodulation-cell division (RND) antibiotic efflux pump
GCA_010715595.1,GCA_010715595.1|DAATGU010000005.1|191910-193334|+|g1553,CARD,MdtK,99.8,100.0,,,fluoroquinolone antibiotic,antibiotic efflux,multidrug and toxic compound extrusion (MATE) transporter
GCA_011457165.1,GCA_011457165.1|AAQBKM010000015.1|26548-29715|+|g3797,CARD,mdsB,99.8,100.0,,,carbapenem;cephalosporin;monobactam;penicillin beta-lactam;phenicol antibiotic,antibiotic efflux,resistance-nodulation-cell division (RND) antibiotic efflux pump
GCA_008005965.1,GCA_008005965.1|AAJKJE010000009.1|155325-158492|+|g3780,CARD,mdsB,99.8,100.0,,,carbapenem;cephalosporin;monobactam;penicillin beta-lactam;phenicol antibiotic,antibiotic efflux,resistance-nodulation-cell division (RND) antibiotic efflux pump
GCA_011454775.1,GCA_011454775.1|AAQBFY010000003.1|412995-416162|+|g2485,CARD,mdsB,99.8,100.0,,,carbapenem;cephalosporin;monobactam;penicillin beta-lactam;phenicol antibiotic,antibiotic efflux,resistance-nodulation-cell division (RND) antibiotic efflux pump
GCA_000192125.1,GCA_000192125.1|CM001153.1|391881-395048|-|g372,CARD,mdsB,99.8,100.0,,,carbapenem;cephalosporin;monobactam;penicillin beta-lactam;phenicol antibiotic,antibiotic efflux,resistance-nodulation-cell division (RND) antibiotic efflux pump
GCA_000474395.1,GCA_000474395.1|AUQU01000023.1|138478-139935|-|g2848,CARD,mdsC,99.8,96.4,,,carbapenem;cephalosporin;monobactam;penicillin beta-lactam;phenicol antibiotic,antibiotic efflux,resistance-nodulation-cell division (RND) antibiotic efflux pump
GCA_000474395.1,GCA_000474395.1|AUQU01000067.1|24999-26423|-|g4270,CARD,MdtK,99.8,100.0,,,fluoroquinolone antibiotic,antibiotic efflux,multidrug and toxic compound extrusion (MATE) transporter
GCA_000329025.1,GCA_000329025.1|ALFF01000010.1|59076-62243|-|g324,CARD,mdsB,99.8,100.0,,,carbapenem;cephalosporin;monobactam;penicillin beta-lactam;phenicol antibiotic,antibiotic efflux,resistance-nodulation-cell division (RND) antibiotic efflux pump
GCA_010123015.1,GCA_010123015.1|DAAMFD010000004.1|251777-253201|+|g1171,CARD,MdtK,99.8,100.0,,,fluoroquinolone antibiotic,antibiotic efflux,multidrug and toxic compound extrusion (MATE) transporter
GCA_010123345.1,GCA_010123345.1|DAAMFF010000001.1|288859-292026|+|g268,CARD,mdsB,99.8,100.0,,,carbapenem;cephalosporin;monobactam;penicillin beta-lactam;phenicol antibiotic,antibiotic efflux,resistance-nodulation-cell division (RND) antibiotic efflux pump
GCA_010123345.1,GCA_010123345.1|DAAMFF010000003.1|251846-253270|+|g913,CARD,MdtK,99.8,100.0,,,fluoroquinolone antibiotic,antibiotic efflux,multidrug and toxic compound extrusion (MATE) transporter
GCA_005675415.1,GCA_005675415.1|AADNIJ010000003.1|332971-336138|+|g1687,CARD,mdsB,99.7,100.0,,,carbapenem;cephalosporin;monobactam;penicillin beta-lactam;phenicol antibiotic,antibiotic efflux,resistance-nodulation-cell division (RND) antibiotic efflux pump
GCA_006862905.1,GCA_006862905.1|AAGLPJ010000008.1|117927-121094|+|g2093,CARD,mdsB,99.7,100.0,,,carbapenem;cephalosporin;monobactam;penicillin beta-lactam;phenicol antibiotic,antibiotic efflux,resistance-nodulation-cell division (RND) antibiotic efflux pump
GCA_010715595.1,GCA_010715595.1|DAATGU010000001.1|434899-438066|+|g404,CARD,mdsB,99.7,100.0,,,carbapenem;cephalosporin;monobactam;penicillin beta-lactam;phenicol antibiotic,antibiotic efflux,resistance-nodulation-cell division (RND) antibiotic efflux pump
GCA_010716035.1,GCA_010716035.1|DAATFR010000006.1|244043-247210|+|g1926,CARD,mdsB,99.7,100.0,,,carbapenem;cephalosporin;monobactam;penicillin beta-lactam;phenicol antibiotic,antibiotic efflux,resistance-nodulation-cell division (RND) antibiotic efflux pump
GCA_000330625.1,GCA_000330625.1|ANOT01000043.1|24550-27717|-|g2580,CARD,mdsB,99.7,100.0,,,carbapenem;cephalosporin;monobactam;penicillin beta-lactam;phenicol antibiotic,antibiotic efflux,resistance-nodulation-cell division (RND) antibiotic efflux pump
GCA_000329025.1,GCA_000329025.1|ALFF01000001.1|51721-52443|+|g62,CARD,sdiA,99.6,100.0,,,cephalosporin;disinfecting agents and antiseptics;fluoroquinolone antibiotic;glycylcycline;penicillin beta-lactam;phenicol antibiotic;rifamycin antibiotic;tetracycline antibiotic,antibiotic efflux,antibiotic efflux regulatory protein;resistance-nodulation-cell division (RND) antibiotic efflux pump
GCA_000258365.1,GCA_000258365.1|CP003416.1|2830173-2831597|-|g2675,CARD,MdtK,99.6,100.0,,,fluoroquinolone antibiotic,antibiotic efflux,multidrug and toxic compound extrusion (MATE) transporter
GCA_010715595.1,GCA_010715595.1|DAATGU010000001.1|438083-439540|+|g405,CARD,mdsC,99.6,96.4,,,carbapenem;cephalosporin;monobactam;penicillin beta-lactam;phenicol antibiotic,antibiotic efflux,resistance-nodulation-cell division (RND) antibiotic efflux pump
GCA_011454775.1,GCA_011454775.1|AAQBFY010000001.1|1115735-1116457|-|g1107,CARD,sdiA,99.6,100.0,,,cephalosporin;disinfecting agents and antiseptics;fluoroquinolone antibiotic;glycylcycline;penicillin beta-lactam;phenicol antibiotic;rifamycin antibiotic;tetracycline antibiotic,antibiotic efflux,antibiotic efflux regulatory protein;resistance-nodulation-cell division (RND) antibiotic efflux pump
GCA_000258365.1,GCA_000258365.1|CP003416.1|1175690-1178857|-|g1068,CARD,mdsB,99.6,100.0,,,carbapenem;cephalosporin;monobactam;penicillin beta-lactam;phenicol antibiotic,antibiotic efflux,resistance-nodulation-cell division (RND) antibiotic efflux pump
GCA_010714675.1,GCA_010714675.1|DAATGB010000055.1|3995-4717|-|g4695,CARD,sdiA,99.6,100.0,,,cephalosporin;disinfecting agents and antiseptics;fluoroquinolone antibiotic;glycylcycline;penicillin beta-lactam;phenicol antibiotic;rifamycin antibiotic;tetracycline antibiotic,antibiotic efflux,antibiotic efflux regulatory protein;resistance-nodulation-cell division (RND) antibiotic efflux pump
GCA_000258365.1,GCA_000258365.1|CP003416.1|2776184-2776906|-|g2618,CARD,sdiA,99.6,100.0,,,cephalosporin;disinfecting agents and antiseptics;fluoroquinolone antibiotic;glycylcycline;penicillin beta-lactam;phenicol antibiotic;rifamycin antibiotic;tetracycline antibiotic,antibiotic efflux,antibiotic efflux regulatory protein;resistance-nodulation-cell division (RND) antibiotic efflux pump
GCA_008005965.1,GCA_008005965.1|AAJKJE010000006.1|165284-166006|+|g3018,CARD,sdiA,99.6,100.0,,,cephalosporin;disinfecting agents and antiseptics;fluoroquinolone antibiotic;glycylcycline;penicillin beta-lactam;phenicol antibiotic;rifamycin antibiotic;tetracycline antibiotic,antibiotic efflux,antibiotic efflux regulatory protein;resistance-nodulation-cell division (RND) antibiotic efflux pump
GCA_008032345.1,GCA_008032345.1|AAJLMD010000001.1|779886-780608|-|g786,CARD,sdiA,99.6,100.0,,,cephalosporin;disinfecting agents and antiseptics;fluoroquinolone antibiotic;glycylcycline;penicillin beta-lactam;phenicol antibiotic;rifamycin antibiotic;tetracycline antibiotic,antibiotic efflux,antibiotic efflux regulatory protein;resistance-nodulation-cell division (RND) antibiotic efflux pump
GCA_010123345.1,GCA_010123345.1|DAAMFF010000020.1|80266-80988|-|g3147,CARD,sdiA,99.6,100.0,,,cephalosporin;disinfecting agents and antiseptics;fluoroquinolone antibiotic;glycylcycline;penicillin beta-lactam;phenicol antibiotic;rifamycin antibiotic;tetracycline antibiotic,antibiotic efflux,antibiotic efflux regulatory protein;resistance-nodulation-cell division (RND) antibiotic efflux pump
GCA_010714675.1,GCA_010714675.1|DAATGB010000023.1|2840-3676|+|g3134,CARD,APH(6)-Id,99.6,100.0,,,aminoglycoside antibiotic,antibiotic inactivation,APH(6)
GCA_010714675.1,GCA_010714675.1|DAATGB010000002.1|220105-223272|+|g471,CARD,mdsB,99.6,100.0,,,carbapenem;cephalosporin;monobactam;penicillin beta-lactam;phenicol antibiotic,antibiotic efflux,resistance-nodulation-cell division (RND) antibiotic efflux pump
GCA_010714675.1,GCA_010714675.1|DAATGB010000023.1|2037-2840|+|g3133,CARD,APH(3'')-Ib,99.6,100.0,,,aminoglycoside antibiotic,antibiotic inactivation,APH(3'')
GCA_010714675.1,GCA_010714675.1|DAATGB010000018.1|63521-64945|+|g2704,CARD,MdtK,99.6,100.0,,,fluoroquinolone antibiotic,antibiotic efflux,multidrug and toxic compound extrusion (MATE) transporter
GCA_005675415.1,GCA_005675415.1|AADNIJ010000006.1|47480-48904|-|g2485,CARD,MdtK,99.6,100.0,,,fluoroquinolone antibiotic,antibiotic efflux,multidrug and toxic compound extrusion (MATE) transporter
GCA_000330625.1,GCA_000330625.1|ANOT01000037.1|157229-157951|-|g2275,CARD,sdiA,99.6,100.0,,,cephalosporin;disinfecting agents and antiseptics;fluoroquinolone antibiotic;glycylcycline;penicillin beta-lactam;phenicol antibiotic;rifamycin antibiotic;tetracycline antibiotic,antibiotic efflux,antibiotic efflux regulatory protein;resistance-nodulation-cell division (RND) antibiotic efflux pump
GCA_000812595.1,GCA_000812595.1|JRXC01000006.1|300056-301480|-|g4121,CARD,MdtK,99.6,100.0,,,fluoroquinolone antibiotic,antibiotic efflux,multidrug and toxic compound extrusion (MATE) transporter
GCA_000812595.1,GCA_000812595.1|JRXC01000006.1|246928-247650|-|g4064,CARD,sdiA,99.6,100.0,,,cephalosporin;disinfecting agents and antiseptics;fluoroquinolone antibiotic;glycylcycline;penicillin beta-lactam;phenicol antibiotic;rifamycin antibiotic;tetracycline antibiotic,antibiotic efflux,antibiotic efflux regulatory protein;resistance-nodulation-cell division (RND) antibiotic efflux pump
GCA_005675415.1,GCA_005675415.1|AADNIJ010000001.1|825684-826406|-|g812,CARD,sdiA,99.6,100.0,,,cephalosporin;disinfecting agents and antiseptics;fluoroquinolone antibiotic;glycylcycline;penicillin beta-lactam;phenicol antibiotic;rifamycin antibiotic;tetracycline antibiotic,antibiotic efflux,antibiotic efflux regulatory protein;resistance-nodulation-cell division (RND) antibiotic efflux pump
GCA_000330625.1,GCA_000330625.1|ANOT01000049.1|48198-49622|-|g2997,CARD,MdtK,99.6,100.0,,,fluoroquinolone antibiotic,antibiotic efflux,multidrug and toxic compound extrusion (MATE) transporter
GCA_000474395.1,GCA_000474395.1|AUQU01000011.1|9559-10362|-|g1591,CARD,APH(3'')-Ib,99.6,100.0,,,aminoglycoside antibiotic,antibiotic inactivation,APH(3'')
GCA_000474395.1,GCA_000474395.1|AUQU01000011.1|8723-9559|-|g1590,CARD,APH(6)-Id,99.6,100.0,,,aminoglycoside antibiotic,antibiotic inactivation,APH(6)
GCA_006862905.1,GCA_006862905.1|AAGLPJ010000008.1|116704-117930|+|g2092,CARD,mdsA,99.5,100.0,,,carbapenem;cephalosporin;monobactam;penicillin beta-lactam;phenicol antibiotic,antibiotic efflux,resistance-nodulation-cell division (RND) antibiotic efflux pump
GCA_005675415.1,GCA_005675415.1|AADNIJ010000003.1|331748-332974|+|g1686,CARD,mdsA,99.5,100.0,,,carbapenem;cephalosporin;monobactam;penicillin beta-lactam;phenicol antibiotic,antibiotic efflux,resistance-nodulation-cell division (RND) antibiotic efflux pump
GCA_000330625.1,GCA_000330625.1|ANOT01000043.1|27714-28940|-|g2581,CARD,mdsA,99.5,100.0,,,carbapenem;cephalosporin;monobactam;penicillin beta-lactam;phenicol antibiotic,antibiotic efflux,resistance-nodulation-cell division (RND) antibiotic efflux pump
GCA_008032345.1,GCA_008032345.1|AAJLMD010000008.1|155239-158406|+|g3701,CARD,mdsB,99.5,100.0,,,carbapenem;cephalosporin;monobactam;penicillin beta-lactam;phenicol antibiotic,antibiotic efflux,resistance-nodulation-cell division (RND) antibiotic efflux pump
GCA_001448615.1,GCA_001448615.1|LHSQ01000002.1|450490-450954|-|g2377,CARD,golS,99.4,100.0,,,carbapenem;cephalosporin;monobactam;penicillin beta-lactam;phenicol antibiotic,antibiotic efflux,antibiotic efflux regulatory protein;resistance-nodulation-cell division (RND) antibiotic efflux pump
GCA_010716035.1,GCA_010716035.1|DAATFR010000011.1|37496-38920|-|g2799,CARD,MdtK,99.4,100.0,,,fluoroquinolone antibiotic,antibiotic efflux,multidrug and toxic compound extrusion (MATE) transporter
GCA_001448615.1,GCA_001448615.1|LHSQ01000002.1|454754-457921|+|g2380,CARD,mdsB,99.4,100.0,,,carbapenem;cephalosporin;monobactam;penicillin beta-lactam;phenicol antibiotic,antibiotic efflux,resistance-nodulation-cell division (RND) antibiotic efflux pump
GCA_006862905.1,GCA_006862905.1|AAGLPJ010000018.1|70391-71815|-|g3204,CARD,MdtK,99.4,100.0,,,fluoroquinolone antibiotic,antibiotic efflux,multidrug and toxic compound extrusion (MATE) transporter
GCA_000192125.1,GCA_000192125.1|CM001153.1|398848-399312|+|g375,CARD,golS,99.4,100.0,,,carbapenem;cephalosporin;monobactam;penicillin beta-lactam;phenicol antibiotic,antibiotic efflux,antibiotic efflux regulatory protein;resistance-nodulation-cell division (RND) antibiotic efflux pump
GCA_011457165.1,GCA_011457165.1|AAQBKM010000015.1|22283-22747|-|g3793,CARD,golS,99.4,100.0,,,carbapenem;cephalosporin;monobactam;penicillin beta-lactam;phenicol antibiotic,antibiotic efflux,antibiotic efflux regulatory protein;resistance-nodulation-cell division (RND) antibiotic efflux pump
GCA_011457165.1,GCA_011457165.1|AAQBKM010000007.1|218593-220017|-|g2649,CARD,MdtK,99.4,100.0,,,fluoroquinolone antibiotic,antibiotic efflux,multidrug and toxic compound extrusion (MATE) transporter
GCA_010714675.1,GCA_010714675.1|DAATGB010000057.1|2590-3795|+|g4719,CARD,tet(B),99.3,100.0,,,tetracycline antibiotic,antibiotic efflux,major facilitator superfamily (MFS) antibiotic efflux pump
GCA_010123345.1,GCA_010123345.1|DAAMFF010000008.1|39170-39607|-|g1779,CARD,AAC(6')-Iy,99.3,100.0,,,aminoglycoside antibiotic,antibiotic inactivation,AAC(6')
GCA_000330625.1,GCA_000330625.1|ANOT01000035.1|183534-183971|+|g1946,CARD,AAC(6')-Iy,99.3,100.0,,,aminoglycoside antibiotic,antibiotic inactivation,AAC(6')
GCA_005675415.1,GCA_005675415.1|AADNIJ010000001.1|486110-486547|+|g486,CARD,AAC(6')-Iy,99.3,100.0,,,aminoglycoside antibiotic,antibiotic inactivation,AAC(6')
GCA_010716035.1,GCA_010716035.1|DAATFR010000006.1|242820-244046|+|g1925,CARD,mdsA,99.3,100.0,,,carbapenem;cephalosporin;monobactam;penicillin beta-lactam;phenicol antibiotic,antibiotic efflux,resistance-nodulation-cell division (RND) antibiotic efflux pump
GCA_008005965.1,GCA_008005965.1|AAJKJE010000001.1|242342-243766|+|g225,CARD,MdtK,99.2,100.0,,,fluoroquinolone antibiotic,antibiotic efflux,multidrug and toxic compound extrusion (MATE) transporter
GCA_001448615.1,GCA_001448615.1|LHSQ01000001.1|358060-359484|+|g333,CARD,MdtK,99.2,100.0,,,fluoroquinolone antibiotic,antibiotic efflux,multidrug and toxic compound extrusion (MATE) transporter
GCA_011457165.1,GCA_011457165.1|AAQBKM010000007.1|171346-172068|-|g2600,CARD,sdiA,99.2,100.0,,,cephalosporin;disinfecting agents and antiseptics;fluoroquinolone antibiotic;glycylcycline;penicillin beta-lactam;phenicol antibiotic;rifamycin antibiotic;tetracycline antibiotic,antibiotic efflux,antibiotic efflux regulatory protein;resistance-nodulation-cell division (RND) antibiotic efflux pump
GCA_010716035.1,GCA_010716035.1|DAATFR010000008.1|184126-184848|-|g2350,CARD,sdiA,99.2,100.0,,,cephalosporin;disinfecting agents and antiseptics;fluoroquinolone antibiotic;glycylcycline;penicillin beta-lactam;phenicol antibiotic;rifamycin antibiotic;tetracycline antibiotic,antibiotic efflux,antibiotic efflux regulatory protein;resistance-nodulation-cell division (RND) antibiotic efflux pump
GCA_011454775.1,GCA_011454775.1|AAQBFY010000001.1|174476-175900|+|g160,CARD,MdtK,99.2,100.0,,,fluoroquinolone antibiotic,antibiotic efflux,multidrug and toxic compound extrusion (MATE) transporter
GCA_001448615.1,GCA_001448615.1|LHSQ01000001.1|1302981-1303703|-|g1293,CARD,sdiA,99.2,100.0,,,cephalosporin;disinfecting agents and antiseptics;fluoroquinolone antibiotic;glycylcycline;penicillin beta-lactam;phenicol antibiotic;rifamycin antibiotic;tetracycline antibiotic,antibiotic efflux,antibiotic efflux regulatory protein;resistance-nodulation-cell division (RND) antibiotic efflux pump
GCA_006862905.1,GCA_006862905.1|AAGLPJ010000019.1|38589-39311|-|g3260,CARD,sdiA,99.2,100.0,,,cephalosporin;disinfecting agents and antiseptics;fluoroquinolone antibiotic;glycylcycline;penicillin beta-lactam;phenicol antibiotic;rifamycin antibiotic;tetracycline antibiotic,antibiotic efflux,antibiotic efflux regulatory protein;resistance-nodulation-cell division (RND) antibiotic efflux pump
GCA_000812595.1,GCA_000812595.1|JRXC01000003.1|100431-101888|+|g3216,CARD,mdsC,99.2,96.4,,,carbapenem;cephalosporin;monobactam;penicillin beta-lactam;phenicol antibiotic,antibiotic efflux,resistance-nodulation-cell division (RND) antibiotic efflux pump
GCA_000192125.1,GCA_000192125.1|CM001153.1|1191360-1192082|+|g1120,CARD,sdiA,99.2,100.0,,,cephalosporin;disinfecting agents and antiseptics;fluoroquinolone antibiotic;glycylcycline;penicillin beta-lactam;phenicol antibiotic;rifamycin antibiotic;tetracycline antibiotic,antibiotic efflux,antibiotic efflux regulatory protein;resistance-nodulation-cell division (RND) antibiotic efflux pump
GCA_000329025.1,GCA_000329025.1|ALFF01000020.1|12701-14125|+|g615,CARD,MdtK,99.2,100.0,,,fluoroquinolone antibiotic,antibiotic efflux,multidrug and toxic compound extrusion (MATE) transporter
GCA_011454775.1,GCA_011454775.1|AAQBFY010000005.1|266092-266724|-|g3041,CARD,CRP,99.0,100.0,,,fluoroquinolone antibiotic;macrolide antibiotic;penicillin beta-lactam,antibiotic efflux,antibiotic efflux regulatory protein;resistance-nodulation-cell division (RND) antibiotic efflux pump
GCA_011457165.1,GCA_011457165.1|AAQBKM010000008.1|197312-197944|-|g2817,CARD,CRP,99.0,100.0,,,fluoroquinolone antibiotic;macrolide antibiotic;penicillin beta-lactam,antibiotic efflux,antibiotic efflux regulatory protein;resistance-nodulation-cell division (RND) antibiotic efflux pump
GCA_005675415.1,GCA_005675415.1|AADNIJ010000026.1|16664-17296|+|g4337,CARD,CRP,99.0,100.0,,,fluoroquinolone antibiotic;macrolide antibiotic;penicillin beta-lactam,antibiotic efflux,antibiotic efflux regulatory protein;resistance-nodulation-cell division (RND) antibiotic efflux pump
GCA_000329025.1,GCA_000329025.1|ALFF01000105.1|13295-13927|-|g3937,CARD,CRP,99.0,100.0,,,fluoroquinolone antibiotic;macrolide antibiotic;penicillin beta-lactam,antibiotic efflux,antibiotic efflux regulatory protein;resistance-nodulation-cell division (RND) antibiotic efflux pump
GCA_001448615.1,GCA_001448615.1|LHSQ01000005.1|48654-49286|+|g3616,CARD,CRP,99.0,100.0,,,fluoroquinolone antibiotic;macrolide antibiotic;penicillin beta-lactam,antibiotic efflux,antibiotic efflux regulatory protein;resistance-nodulation-cell division (RND) antibiotic efflux pump
GCA_000330625.1,GCA_000330625.1|ANOT01000016.1|17234-17866|+|g416,CARD,CRP,99.0,100.0,,,fluoroquinolone antibiotic;macrolide antibiotic;penicillin beta-lactam,antibiotic efflux,antibiotic efflux regulatory protein;resistance-nodulation-cell division (RND) antibiotic efflux pump
GCA_008005965.1,GCA_008005965.1|AAJKJE010000004.1|389132-389764|-|g2506,CARD,CRP,99.0,100.0,,,fluoroquinolone antibiotic;macrolide antibiotic;penicillin beta-lactam,antibiotic efflux,antibiotic efflux regulatory protein;resistance-nodulation-cell division (RND) antibiotic efflux pump
GCA_006862905.1,GCA_006862905.1|AAGLPJ010000034.1|16295-16927|+|g3970,CARD,CRP,99.0,100.0,,,fluoroquinolone antibiotic;macrolide antibiotic;penicillin beta-lactam,antibiotic efflux,antibiotic efflux regulatory protein;resistance-nodulation-cell division (RND) antibiotic efflux pump
GCA_010123345.1,GCA_010123345.1|DAAMFF010000001.1|292043-293500|+|g269,CARD,mdsC,99.0,96.4,,,carbapenem;cephalosporin;monobactam;penicillin beta-lactam;phenicol antibiotic,antibiotic efflux,resistance-nodulation-cell division (RND) antibiotic efflux pump
GCA_010123345.1,GCA_010123345.1|DAAMFF010000042.1|16357-16989|+|g4227,CARD,CRP,99.0,100.0,,,fluoroquinolone antibiotic;macrolide antibiotic;penicillin beta-lactam,antibiotic efflux,antibiotic efflux regulatory protein;resistance-nodulation-cell division (RND) antibiotic efflux pump
GCA_008032345.1,GCA_008032345.1|AAJLMD010000005.1|391804-392436|-|g2932,CARD,CRP,99.0,100.0,,,fluoroquinolone antibiotic;macrolide antibiotic;penicillin beta-lactam,antibiotic efflux,antibiotic efflux regulatory protein;resistance-nodulation-cell division (RND) antibiotic efflux pump
GCA_000258365.1,GCA_000258365.1|CP003416.1|4287917-4288549|+|g4042,CARD,CRP,99.0,100.0,,,fluoroquinolone antibiotic;macrolide antibiotic;penicillin beta-lactam,antibiotic efflux,antibiotic efflux regulatory protein;resistance-nodulation-cell division (RND) antibiotic efflux pump
GCA_000812595.1,GCA_000812595.1|JRXC01000015.1|44190-44822|+|g1670,CARD,CRP,99.0,100.0,,,fluoroquinolone antibiotic;macrolide antibiotic;penicillin beta-lactam,antibiotic efflux,antibiotic efflux regulatory protein;resistance-nodulation-cell division (RND) antibiotic efflux pump
GCA_010123015.1,GCA_010123015.1|DAAMFD010000034.1|16174-16806|+|g4378,CARD,CRP,99.0,100.0,,,fluoroquinolone antibiotic;macrolide antibiotic;penicillin beta-lactam,antibiotic efflux,antibiotic efflux regulatory protein;resistance-nodulation-cell division (RND) antibiotic efflux pump
GCA_010714675.1,GCA_010714675.1|DAATGB010000048.1|16438-17070|+|g4527,CARD,CRP,99.0,100.0,,,fluoroquinolone antibiotic;macrolide antibiotic;penicillin beta-lactam,antibiotic efflux,antibiotic efflux regulatory protein;resistance-nodulation-cell division (RND) antibiotic efflux pump
GCA_010716035.1,GCA_010716035.1|DAATFR010000001.1|409286-409918|-|g360,CARD,CRP,99.0,100.0,,,fluoroquinolone antibiotic;macrolide antibiotic;penicillin beta-lactam,antibiotic efflux,antibiotic efflux regulatory protein;resistance-nodulation-cell division (RND) antibiotic efflux pump
GCA_010715595.1,GCA_010715595.1|DAATGU010000008.1|16174-16806|+|g2014,CARD,CRP,99.0,100.0,,,fluoroquinolone antibiotic;macrolide antibiotic;penicillin beta-lactam,antibiotic efflux,antibiotic efflux regulatory protein;resistance-nodulation-cell division (RND) antibiotic efflux pump
GCA_000474395.1,GCA_000474395.1|AUQU01000021.1|18843-19475|-|g2637,CARD,CRP,99.0,100.0,,,fluoroquinolone antibiotic;macrolide antibiotic;penicillin beta-lactam,antibiotic efflux,antibiotic efflux regulatory protein;resistance-nodulation-cell division (RND) antibiotic efflux pump
GCA_000329025.1,GCA_000329025.1|ALFF01000010.1|57602-59059|-|g323,CARD,mdsC,98.8,96.4,,,carbapenem;cephalosporin;monobactam;penicillin beta-lactam;phenicol antibiotic,antibiotic efflux,resistance-nodulation-cell division (RND) antibiotic efflux pump
GCA_010714675.1,GCA_010714675.1|DAATGB010000002.1|223289-224746|+|g472,CARD,mdsC,98.8,96.4,,,carbapenem;cephalosporin;monobactam;penicillin beta-lactam;phenicol antibiotic,antibiotic efflux,resistance-nodulation-cell division (RND) antibiotic efflux pump
GCA_010716035.1,GCA_010716035.1|DAATFR010000006.1|247227-248684|+|g1927,CARD,mdsC,98.8,96.4,,,carbapenem;cephalosporin;monobactam;penicillin beta-lactam;phenicol antibiotic,antibiotic efflux,resistance-nodulation-cell division (RND) antibiotic efflux pump
GCA_000258365.1,GCA_000258365.1|CP003416.1|1174216-1175673|-|g1067,CARD,mdsC,98.8,96.4,,,carbapenem;cephalosporin;monobactam;penicillin beta-lactam;phenicol antibiotic,antibiotic efflux,resistance-nodulation-cell division (RND) antibiotic efflux pump
GCA_000192125.1,GCA_000192125.1|CM001153.1|390407-391864|-|g371,CARD,mdsC,98.8,96.4,,,carbapenem;cephalosporin;monobactam;penicillin beta-lactam;phenicol antibiotic,antibiotic efflux,resistance-nodulation-cell division (RND) antibiotic efflux pump
GCA_011457165.1,GCA_011457165.1|AAQBKM010000015.1|29732-31189|+|g3798,CARD,mdsC,98.8,96.4,,,carbapenem;cephalosporin;monobactam;penicillin beta-lactam;phenicol antibiotic,antibiotic efflux,resistance-nodulation-cell division (RND) antibiotic efflux pump
GCA_006862905.1,GCA_006862905.1|AAGLPJ010000008.1|121603-122568|+|g2095,CARD,mdsC,98.8,63.8,,,carbapenem;cephalosporin;monobactam;penicillin beta-lactam;phenicol antibiotic,antibiotic efflux,resistance-nodulation-cell division (RND) antibiotic efflux pump
GCA_001448615.1,GCA_001448615.1|LHSQ01000002.1|453531-454757|+|g2379,CARD,mdsA,98.8,100.0,,,carbapenem;cephalosporin;monobactam;penicillin beta-lactam;phenicol antibiotic,antibiotic efflux,resistance-nodulation-cell division (RND) antibiotic efflux pump
GCA_000330625.1,GCA_000330625.1|ANOT01000043.1|23076-24533|-|g2579,CARD,mdsC,98.8,96.4,,,carbapenem;cephalosporin;monobactam;penicillin beta-lactam;phenicol antibiotic,antibiotic efflux,resistance-nodulation-cell division (RND) antibiotic efflux pump
GCA_011454775.1,GCA_011454775.1|AAQBFY010000003.1|416179-417636|+|g2486,CARD,mdsC,98.8,96.4,,,carbapenem;cephalosporin;monobactam;penicillin beta-lactam;phenicol antibiotic,antibiotic efflux,resistance-nodulation-cell division (RND) antibiotic efflux pump
GCA_005675415.1,GCA_005675415.1|AADNIJ010000003.1|336155-337612|+|g1688,CARD,mdsC,98.8,96.4,,,carbapenem;cephalosporin;monobactam;penicillin beta-lactam;phenicol antibiotic,antibiotic efflux,resistance-nodulation-cell division (RND) antibiotic efflux pump
GCA_010715595.1,GCA_010715595.1|DAATGU010000007.1|186059-186781|-|g1985,CARD,sdiA,98.8,100.0,,,cephalosporin;disinfecting agents and antiseptics;fluoroquinolone antibiotic;glycylcycline;penicillin beta-lactam;phenicol antibiotic;rifamycin antibiotic;tetracycline antibiotic,antibiotic efflux,antibiotic efflux regulatory protein;resistance-nodulation-cell division (RND) antibiotic efflux pump
GCA_000192125.1,GCA_000192125.1|CM001153.1|4200472-4201104|-|g4002,CARD,CRP,98.6,100.0,,,fluoroquinolone antibiotic;macrolide antibiotic;penicillin beta-lactam,antibiotic efflux,antibiotic efflux regulatory protein;resistance-nodulation-cell division (RND) antibiotic efflux pump
GCA_008005965.1,GCA_008005965.1|AAJKJE010000009.1|158509-159966|+|g3781,CARD,mdsC,98.6,96.4,,,carbapenem;cephalosporin;monobactam;penicillin beta-lactam;phenicol antibiotic,antibiotic efflux,resistance-nodulation-cell division (RND) antibiotic efflux pump
GCA_008005965.1,GCA_008005965.1|AAJKJE010000009.1|154102-155328|+|g3779,CARD,mdsA,98.5,100.0,,,carbapenem;cephalosporin;monobactam;penicillin beta-lactam;phenicol antibiotic,antibiotic efflux,resistance-nodulation-cell division (RND) antibiotic efflux pump
GCA_000812595.1,GCA_000812595.1|JRXC01000027.1|1497-2276|+|g3099,CARD,aadA,98.5,98.5,,,aminoglycoside antibiotic,antibiotic inactivation,ANT(3'')
GCA_000330625.1,GCA_000330625.1|ANOT01000009.1|1638-2852|+|g138,CARD,floR,98.5,100.0,,,phenicol antibiotic,antibiotic efflux,major facilitator superfamily (MFS) antibiotic efflux pump
GCA_001448615.1,GCA_001448615.1|LHSQ01000002.1|457938-459395|+|g2381,CARD,mdsC,98.4,96.4,,,carbapenem;cephalosporin;monobactam;penicillin beta-lactam;phenicol antibiotic,antibiotic efflux,resistance-nodulation-cell division (RND) antibiotic efflux pump
GCA_011454775.1,GCA_011454775.1|AAQBFY010000003.1|411772-412998|+|g2484,CARD,mdsA,98.3,100.0,,,carbapenem;cephalosporin;monobactam;penicillin beta-lactam;phenicol antibiotic,antibiotic efflux,resistance-nodulation-cell division (RND) antibiotic efflux pump
GCA_000192125.1,GCA_000192125.1|CM001153.1|395045-396271|-|g373,CARD,mdsA,98.3,100.0,,,carbapenem;cephalosporin;monobactam;penicillin beta-lactam;phenicol antibiotic,antibiotic efflux,resistance-nodulation-cell division (RND) antibiotic efflux pump
GCA_000329025.1,GCA_000329025.1|ALFF01000010.1|62240-63466|-|g325,CARD,mdsA,98.3,100.0,,,carbapenem;cephalosporin;monobactam;penicillin beta-lactam;phenicol antibiotic,antibiotic efflux,resistance-nodulation-cell division (RND) antibiotic efflux pump
GCA_000812595.1,GCA_000812595.1|JRXC01000003.1|96024-97250|+|g3214,CARD,mdsA,98.3,100.0,,,carbapenem;cephalosporin;monobactam;penicillin beta-lactam;phenicol antibiotic,antibiotic efflux,resistance-nodulation-cell division (RND) antibiotic efflux pump
GCA_005675415.1,GCA_005675415.1|AADNIJ010000025.1|24671-25531|+|g4308,CARD,aadA7,98.1,92.7,,,aminoglycoside antibiotic,antibiotic inactivation,ANT(3'')
GCA_010715595.1,GCA_010715595.1|DAATGU010000038.1|16871-17650|-|g4514,CARD,aadA,98.1,98.5,,,aminoglycoside antibiotic,antibiotic inactivation,ANT(3'')
GCA_000258365.1,GCA_000258365.1|CP003416.1|1178854-1180080|-|g1069,CARD,mdsA,98.0,100.0,,,carbapenem;cephalosporin;monobactam;penicillin beta-lactam;phenicol antibiotic,antibiotic efflux,resistance-nodulation-cell division (RND) antibiotic efflux pump
GCA_010714675.1,GCA_010714675.1|DAATGB010000002.1|218882-220108|+|g470,CARD,mdsA,98.0,100.0,,,carbapenem;cephalosporin;monobactam;penicillin beta-lactam;phenicol antibiotic,antibiotic efflux,resistance-nodulation-cell division (RND) antibiotic efflux pump
GCA_008032345.1,GCA_008032345.1|AAJLMD010000008.1|154016-155242|+|g3700,CARD,mdsA,98.0,100.0,,,carbapenem;cephalosporin;monobactam;penicillin beta-lactam;phenicol antibiotic,antibiotic efflux,resistance-nodulation-cell division (RND) antibiotic efflux pump
GCA_011457165.1,GCA_011457165.1|AAQBKM010000004.1|170009-170446|-|g1655,CARD,AAC(6')-Iy,97.9,100.0,,,aminoglycoside antibiotic,antibiotic inactivation,AAC(6')
GCA_008032345.1,GCA_008032345.1|AAJLMD010000001.1|388469-388906|+|g391,CARD,AAC(6')-Iy,97.9,100.0,,,aminoglycoside antibiotic,antibiotic inactivation,AAC(6')
GCA_000812595.1,GCA_000812595.1|JRXC01000010.1|460193-460630|+|g532,CARD,AAC(6')-Iy,97.9,100.0,,,aminoglycoside antibiotic,antibiotic inactivation,AAC(6')
GCA_006862905.1,GCA_006862905.1|AAGLPJ010000001.1|261576-262013|-|g244,CARD,AAC(6')-Iy,97.9,100.0,,,aminoglycoside antibiotic,antibiotic inactivation,AAC(6')
GCA_001448615.1,GCA_001448615.1|LHSQ01000001.1|920530-920967|+|g912,CARD,AAC(6')-Iy,97.9,100.0,,,aminoglycoside antibiotic,antibiotic inactivation,AAC(6')
GCA_010715595.1,GCA_010715595.1|DAATGU010000001.1|433676-434902|+|g403,CARD,mdsA,97.8,100.0,,,carbapenem;cephalosporin;monobactam;penicillin beta-lactam;phenicol antibiotic,antibiotic efflux,resistance-nodulation-cell division (RND) antibiotic efflux pump
GCA_010123345.1,GCA_010123345.1|DAAMFF010000001.1|287636-288862|+|g267,CARD,mdsA,97.5,100.0,,,carbapenem;cephalosporin;monobactam;penicillin beta-lactam;phenicol antibiotic,antibiotic efflux,resistance-nodulation-cell division (RND) antibiotic efflux pump
GCA_011457165.1,GCA_011457165.1|AAQBKM010000015.1|25325-26551|+|g3796,CARD,mdsA,97.5,100.0,,,carbapenem;cephalosporin;monobactam;penicillin beta-lactam;phenicol antibiotic,antibiotic efflux,resistance-nodulation-cell division (RND) antibiotic efflux pump
GCA_000329025.1,GCA_000329025.1|ALFF01000016.1|5547-5984|-|g524,CARD,AAC(6')-Iy,97.2,100.0,,,aminoglycoside antibiotic,antibiotic inactivation,AAC(6')
GCA_008005965.1,GCA_008005965.1|AAJKJE010000001.1|815917-816354|+|g812,CARD,AAC(6')-Iy,97.2,100.0,,,aminoglycoside antibiotic,antibiotic inactivation,AAC(6')
GCA_000192125.1,GCA_000192125.1|CM001153.1|1576826-1577263|-|g1514,CARD,AAC(6')-Iy,97.2,100.0,,,aminoglycoside antibiotic,antibiotic inactivation,AAC(6')
GCA_011454775.1,GCA_011454775.1|AAQBFY010000001.1|744684-745121|+|g733,CARD,AAC(6')-Iy,97.2,100.0,,,aminoglycoside antibiotic,antibiotic inactivation,AAC(6')
GCA_006862905.1,GCA_006862905.1|AAGLPJ010000004.1|191723-192544|+|g1186,CARD,bacA,97.1,100.0,,,nonribosomal peptide antibiotics;peptide antibiotic,antibiotic target alteration,undecaprenyl pyrophosphate related proteins
GCA_000330625.1,GCA_000330625.1|ANOT01000055.1|155749-156171|-|g3824,CARD,FosA7,97.1,100.0,,,phosphonic acid antibiotic,antibiotic inactivation,fosfomycin thiol transferase
GCA_000330625.1,GCA_000330625.1|ANOT01000061.1|13607-14428|-|g4405,CARD,bacA,97.1,100.0,,,nonribosomal peptide antibiotics;peptide antibiotic,antibiotic target alteration,undecaprenyl pyrophosphate related proteins
GCA_000474395.1,GCA_000474395.1|AUQU01000001.1|147730-148551|+|g145,CARD,bacA,97.1,100.0,,,nonribosomal peptide antibiotics;peptide antibiotic,antibiotic target alteration,undecaprenyl pyrophosphate related proteins
GCA_008032345.1,GCA_008032345.1|AAJLMD010000004.1|194252-195073|+|g2310,CARD,bacA,97.1,100.0,,,nonribosomal peptide antibiotics;peptide antibiotic,antibiotic target alteration,undecaprenyl pyrophosphate related proteins
GCA_010123015.1,GCA_010123015.1|DAAMFD010000006.1|42853-43674|+|g1450,CARD,bacA,97.1,100.0,,,nonribosomal peptide antibiotics;peptide antibiotic,antibiotic target alteration,undecaprenyl pyrophosphate related proteins
GCA_010714675.1,GCA_010714675.1|DAATGB010000001.1|42725-43546|+|g40,CARD,bacA,97.1,100.0,,,nonribosomal peptide antibiotics;peptide antibiotic,antibiotic target alteration,undecaprenyl pyrophosphate related proteins
GCA_000329025.1,GCA_000329025.1|ALFF01000063.1|403317-404138|-|g2485,CARD,bacA,97.1,100.0,,,nonribosomal peptide antibiotics;peptide antibiotic,antibiotic target alteration,undecaprenyl pyrophosphate related proteins
GCA_000192125.1,GCA_000192125.1|CM001153.1|3235898-3236719|-|g3118,CARD,bacA,97.1,100.0,,,nonribosomal peptide antibiotics;peptide antibiotic,antibiotic target alteration,undecaprenyl pyrophosphate related proteins
GCA_010715595.1,GCA_010715595.1|DAATGU010000018.1|42780-43601|+|g3411,CARD,bacA,97.1,100.0,,,nonribosomal peptide antibiotics;peptide antibiotic,antibiotic target alteration,undecaprenyl pyrophosphate related proteins
GCA_000258365.1,GCA_000258365.1|CP003416.1|4051085-4051906|-|g3795,CARD,bacA,97.1,100.0,,,nonribosomal peptide antibiotics;peptide antibiotic,antibiotic target alteration,undecaprenyl pyrophosphate related proteins
GCA_011457165.1,GCA_011457165.1|AAQBKM010000011.1|74237-75058|+|g3297,CARD,bacA,97.1,100.0,,,nonribosomal peptide antibiotics;peptide antibiotic,antibiotic target alteration,undecaprenyl pyrophosphate related proteins
GCA_008005965.1,GCA_008005965.1|AAJKJE010000002.1|141556-142377|+|g1213,CARD,bacA,97.1,100.0,,,nonribosomal peptide antibiotics;peptide antibiotic,antibiotic target alteration,undecaprenyl pyrophosphate related proteins
GCA_010123345.1,GCA_010123345.1|DAAMFF010000017.1|43051-43872|+|g2832,CARD,bacA,97.1,100.0,,,nonribosomal peptide antibiotics;peptide antibiotic,antibiotic target alteration,undecaprenyl pyrophosphate related proteins
GCA_005675415.1,GCA_005675415.1|AADNIJ010000009.1|142285-143106|+|g3277,CARD,bacA,97.1,100.0,,,nonribosomal peptide antibiotics;peptide antibiotic,antibiotic target alteration,undecaprenyl pyrophosphate related proteins
GCA_005675415.1,GCA_005675415.1|AADNIJ010000008.1|27817-28239|+|g2979,CARD,FosA7,97.1,100.0,,,phosphonic acid antibiotic,antibiotic inactivation,fosfomycin thiol transferase
GCA_011454775.1,GCA_011454775.1|AAQBFY010000002.1|189028-189849|+|g1634,CARD,bacA,97.1,100.0,,,nonribosomal peptide antibiotics;peptide antibiotic,antibiotic target alteration,undecaprenyl pyrophosphate related proteins
GCA_010716035.1,GCA_010716035.1|DAATFR010000004.1|140007-140828|+|g1229,CARD,bacA,97.1,100.0,,,nonribosomal peptide antibiotics;peptide antibiotic,antibiotic target alteration,undecaprenyl pyrophosphate related proteins
GCA_000812595.1,GCA_000812595.1|JRXC01000017.1|25572-26945|+|g2042,CARD,cpxA,96.9,100.0,,,aminocoumarin antibiotic;aminoglycoside antibiotic,antibiotic efflux,antibiotic efflux regulatory protein;resistance-nodulation-cell division (RND) antibiotic efflux pump
GCA_005675415.1,GCA_005675415.1|AADNIJ010000011.1|73782-75155|-|g3480,CARD,cpxA,96.9,100.0,,,aminocoumarin antibiotic;aminoglycoside antibiotic,antibiotic efflux,antibiotic efflux regulatory protein;resistance-nodulation-cell division (RND) antibiotic efflux pump
GCA_010123015.1,GCA_010123015.1|DAAMFD010000014.1|66949-68322|-|g2918,CARD,cpxA,96.9,100.0,,,aminocoumarin antibiotic;aminoglycoside antibiotic,antibiotic efflux,antibiotic efflux regulatory protein;resistance-nodulation-cell division (RND) antibiotic efflux pump
GCA_008005965.1,GCA_008005965.1|AAJKJE010000011.1|66207-67580|-|g4141,CARD,cpxA,96.9,100.0,,,aminocoumarin antibiotic;aminoglycoside antibiotic,antibiotic efflux,antibiotic efflux regulatory protein;resistance-nodulation-cell division (RND) antibiotic efflux pump
GCA_000330625.1,GCA_000330625.1|ANOT01000041.1|46031-47404|-|g2421,CARD,cpxA,96.9,100.0,,,aminocoumarin antibiotic;aminoglycoside antibiotic,antibiotic efflux,antibiotic efflux regulatory protein;resistance-nodulation-cell division (RND) antibiotic efflux pump
GCA_010716035.1,GCA_010716035.1|DAATFR010000012.1|72971-74344|-|g3007,CARD,cpxA,96.9,100.0,,,aminocoumarin antibiotic;aminoglycoside antibiotic,antibiotic efflux,antibiotic efflux regulatory protein;resistance-nodulation-cell division (RND) antibiotic efflux pump
GCA_006862905.1,GCA_006862905.1|AAGLPJ010000010.1|72573-73946|+|g2361,CARD,cpxA,96.9,100.0,,,aminocoumarin antibiotic;aminoglycoside antibiotic,antibiotic efflux,antibiotic efflux regulatory protein;resistance-nodulation-cell division (RND) antibiotic efflux pump
GCA_000474395.1,GCA_000474395.1|AUQU01000003.1|81149-82522|+|g838,CARD,cpxA,96.9,100.0,,,aminocoumarin antibiotic;aminoglycoside antibiotic,antibiotic efflux,antibiotic efflux regulatory protein;resistance-nodulation-cell division (RND) antibiotic efflux pump
GCA_008032345.1,GCA_008032345.1|AAJLMD010000010.1|68291-69664|-|g3988,CARD,cpxA,96.9,100.0,,,aminocoumarin antibiotic;aminoglycoside antibiotic,antibiotic efflux,antibiotic efflux regulatory protein;resistance-nodulation-cell division (RND) antibiotic efflux pump
GCA_010714675.1,GCA_010714675.1|DAATGB010000022.1|62767-64140|-|g3099,CARD,cpxA,96.9,100.0,,,aminocoumarin antibiotic;aminoglycoside antibiotic,antibiotic efflux,antibiotic efflux regulatory protein;resistance-nodulation-cell division (RND) antibiotic efflux pump
GCA_000258365.1,GCA_000258365.1|CP003416.1|178791-180164|-|g163,CARD,cpxA,96.9,100.0,,,aminocoumarin antibiotic;aminoglycoside antibiotic,antibiotic efflux,antibiotic efflux regulatory protein;resistance-nodulation-cell division (RND) antibiotic efflux pump
GCA_011457165.1,GCA_011457165.1|AAQBKM010000014.1|79076-80449|+|g3712,CARD,cpxA,96.9,100.0,,,aminocoumarin antibiotic;aminoglycoside antibiotic,antibiotic efflux,antibiotic efflux regulatory protein;resistance-nodulation-cell division (RND) antibiotic efflux pump
GCA_000192125.1,GCA_000192125.1|CM001153.1|3516676-3518049|+|g3382,CARD,cpxA,96.9,100.0,,,aminocoumarin antibiotic;aminoglycoside antibiotic,antibiotic efflux,antibiotic efflux regulatory protein;resistance-nodulation-cell division (RND) antibiotic efflux pump
GCA_010715595.1,GCA_010715595.1|DAATGU010000013.1|67098-68471|-|g2828,CARD,cpxA,96.9,100.0,,,aminocoumarin antibiotic;aminoglycoside antibiotic,antibiotic efflux,antibiotic efflux regulatory protein;resistance-nodulation-cell division (RND) antibiotic efflux pump
GCA_011454775.1,GCA_011454775.1|AAQBFY010000009.1|66288-67661|-|g3738,CARD,cpxA,96.9,100.0,,,aminocoumarin antibiotic;aminoglycoside antibiotic,antibiotic efflux,antibiotic efflux regulatory protein;resistance-nodulation-cell division (RND) antibiotic efflux pump
GCA_010123345.1,GCA_010123345.1|DAAMFF010000009.1|62989-64362|-|g1967,CARD,cpxA,96.9,100.0,,,aminocoumarin antibiotic;aminoglycoside antibiotic,antibiotic efflux,antibiotic efflux regulatory protein;resistance-nodulation-cell division (RND) antibiotic efflux pump
GCA_001448615.1,GCA_001448615.1|LHSQ01000004.1|72334-73707|-|g3118,CARD,cpxA,96.7,100.0,,,aminocoumarin antibiotic;aminoglycoside antibiotic,antibiotic efflux,antibiotic efflux regulatory protein;resistance-nodulation-cell division (RND) antibiotic efflux pump
GCA_000329025.1,GCA_000329025.1|ALFF01000033.1|62155-63528|+|g1067,CARD,cpxA,96.7,100.0,,,aminocoumarin antibiotic;aminoglycoside antibiotic,antibiotic efflux,antibiotic efflux regulatory protein;resistance-nodulation-cell division (RND) antibiotic efflux pump
GCA_001448615.1,GCA_001448615.1|LHSQ01000006.1|441326-442147|-|g4392,CARD,bacA,96.7,100.0,,,nonribosomal peptide antibiotics;peptide antibiotic,antibiotic target alteration,undecaprenyl pyrophosphate related proteins
GCA_000812595.1,GCA_000812595.1|JRXC01000013.1|92310-93131|+|g1481,CARD,bacA,96.7,100.0,,,nonribosomal peptide antibiotics;peptide antibiotic,antibiotic target alteration,undecaprenyl pyrophosphate related proteins
GCA_000258365.1,GCA_000258365.1|CP003416.1|2444957-2445394|+|g2289,CARD,AAC(6')-Iy,96.6,100.0,,,aminoglycoside antibiotic,antibiotic inactivation,AAC(6')
GCA_010716035.1,GCA_010716035.1|DAATFR010000002.1|182789-183226|-|g560,CARD,AAC(6')-Iy,96.6,100.0,,,aminoglycoside antibiotic,antibiotic inactivation,AAC(6')
GCA_010123345.1,GCA_010123345.1|DAAMFF010000007.1|22305-24053|+|g1575,CARD,msbA,96.6,100.0,,,nitroimidazole antibiotic,antibiotic efflux,ATP-binding cassette (ABC) antibiotic efflux pump
GCA_010714675.1,GCA_010714675.1|DAATGB010000006.1|75915-76352|+|g1117,CARD,AAC(6')-Iy,96.6,100.0,,,aminoglycoside antibiotic,antibiotic inactivation,AAC(6')
GCA_000474395.1,GCA_000474395.1|AUQU01000012.1|44701-46449|+|g1685,CARD,msbA,96.4,100.0,,,nitroimidazole antibiotic,antibiotic efflux,ATP-binding cassette (ABC) antibiotic efflux pump
GCA_000812595.1,GCA_000812595.1|JRXC01000026.1|16305-18053|-|g3080,CARD,msbA,96.4,100.0,,,nitroimidazole antibiotic,antibiotic efflux,ATP-binding cassette (ABC) antibiotic efflux pump
GCA_006862905.1,GCA_006862905.1|AAGLPJ010000015.1|42952-44700|+|g2908,CARD,msbA,96.4,100.0,,,nitroimidazole antibiotic,antibiotic efflux,ATP-binding cassette (ABC) antibiotic efflux pump
GCA_001448615.1,GCA_001448615.1|LHSQ01000001.1|1529584-1531332|-|g1525,CARD,msbA,96.4,100.0,,,nitroimidazole antibiotic,antibiotic efflux,ATP-binding cassette (ABC) antibiotic efflux pump
GCA_011454775.1,GCA_011454775.1|AAQBFY010000001.1|1283804-1285552|-|g1275,CARD,msbA,96.4,100.0,,,nitroimidazole antibiotic,antibiotic efflux,ATP-binding cassette (ABC) antibiotic efflux pump
GCA_000192125.1,GCA_000192125.1|CM001153.1|1003419-1005167|+|g940,CARD,msbA,96.4,100.0,,,nitroimidazole antibiotic,antibiotic efflux,ATP-binding cassette (ABC) antibiotic efflux pump
GCA_000330625.1,GCA_000330625.1|ANOT01000052.1|71711-73459|-|g3340,CARD,msbA,96.4,100.0,,,nitroimidazole antibiotic,antibiotic efflux,ATP-binding cassette (ABC) antibiotic efflux pump
GCA_008032345.1,GCA_008032345.1|AAJLMD010000003.1|40686-42434|-|g1693,CARD,msbA,96.4,100.0,,,nitroimidazole antibiotic,antibiotic efflux,ATP-binding cassette (ABC) antibiotic efflux pump
GCA_010716035.1,GCA_010716035.1|DAATFR010000013.1|30637-32385|+|g3102,CARD,msbA,96.4,100.0,,,nitroimidazole antibiotic,antibiotic efflux,ATP-binding cassette (ABC) antibiotic efflux pump
GCA_005675415.1,GCA_005675415.1|AADNIJ010000010.1|43015-44763|+|g3319,CARD,msbA,96.4,100.0,,,nitroimidazole antibiotic,antibiotic efflux,ATP-binding cassette (ABC) antibiotic efflux pump
GCA_010123015.1,GCA_010123015.1|DAAMFD010000025.1|27622-29370|-|g3963,CARD,msbA,96.4,100.0,,,nitroimidazole antibiotic,antibiotic efflux,ATP-binding cassette (ABC) antibiotic efflux pump
GCA_010714675.1,GCA_010714675.1|DAATGB010000011.1|21978-23726|+|g1799,CARD,msbA,96.4,100.0,,,nitroimidazole antibiotic,antibiotic efflux,ATP-binding cassette (ABC) antibiotic efflux pump
GCA_010715595.1,GCA_010715595.1|DAATGU010000014.1|21982-23730|+|g2917,CARD,msbA,96.4,100.0,,,nitroimidazole antibiotic,antibiotic efflux,ATP-binding cassette (ABC) antibiotic efflux pump
GCA_000329025.1,GCA_000329025.1|ALFF01000006.1|43130-44878|+|g160,CARD,msbA,96.4,100.0,,,nitroimidazole antibiotic,antibiotic efflux,ATP-binding cassette (ABC) antibiotic efflux pump
GCA_011457165.1,GCA_011457165.1|AAQBKM010000002.1|25007-26755|-|g543,CARD,msbA,96.4,100.0,,,nitroimidazole antibiotic,antibiotic efflux,ATP-binding cassette (ABC) antibiotic efflux pump
GCA_000258365.1,GCA_000258365.1|CP003416.1|1807120-1808868|+|g1653,CARD,msbA,96.4,100.0,,,nitroimidazole antibiotic,antibiotic efflux,ATP-binding cassette (ABC) antibiotic efflux pump
GCA_008005965.1,GCA_008005965.1|AAJKJE010000007.1|65299-67047|-|g3219,CARD,msbA,96.2,100.0,,,nitroimidazole antibiotic,antibiotic efflux,ATP-binding cassette (ABC) antibiotic efflux pump
GCA_006862905.1,GCA_006862905.1|AAGLPJ010000007.1|93609-95147|+|g1871,CARD,emrB,95.9,100.0,,,fluoroquinolone antibiotic,antibiotic efflux,major facilitator superfamily (MFS) antibiotic efflux pump
GCA_011454775.1,GCA_011454775.1|AAQBFY010000002.1|599089-600627|-|g2023,CARD,emrB,95.9,100.0,,,fluoroquinolone antibiotic,antibiotic efflux,major facilitator superfamily (MFS) antibiotic efflux pump
GCA_008005965.1,GCA_008005965.1|AAJKJE010000002.1|551461-552999|-|g1604,CARD,emrB,95.9,100.0,,,fluoroquinolone antibiotic,antibiotic efflux,major facilitator superfamily (MFS) antibiotic efflux pump
GCA_011457165.1,GCA_011457165.1|AAQBKM010000003.1|133053-134591|+|g1188,CARD,emrB,95.9,100.0,,,fluoroquinolone antibiotic,antibiotic efflux,major facilitator superfamily (MFS) antibiotic efflux pump
GCA_000329025.1,GCA_000329025.1|ALFF01000022.1|5675-7213|-|g649,CARD,emrB,95.9,100.0,,,fluoroquinolone antibiotic,antibiotic efflux,major facilitator superfamily (MFS) antibiotic efflux pump
GCA_000812595.1,GCA_000812595.1|JRXC01000021.1|5530-7068|-|g2697,CARD,emrB,95.9,100.0,,,fluoroquinolone antibiotic,antibiotic efflux,major facilitator superfamily (MFS) antibiotic efflux pump
GCA_005675415.1,GCA_005675415.1|AADNIJ010000002.1|122581-124119|+|g990,CARD,emrB,95.7,100.0,,,fluoroquinolone antibiotic,antibiotic efflux,major facilitator superfamily (MFS) antibiotic efflux pump
GCA_000474395.1,GCA_000474395.1|AUQU01000001.1|553376-554914|-|g528,CARD,emrB,95.7,100.0,,,fluoroquinolone antibiotic,antibiotic efflux,major facilitator superfamily (MFS) antibiotic efflux pump
GCA_000330625.1,GCA_000330625.1|ANOT01000058.1|115715-117253|-|g4239,CARD,emrB,95.7,100.0,,,fluoroquinolone antibiotic,antibiotic efflux,major facilitator superfamily (MFS) antibiotic efflux pump
GCA_010123015.1,GCA_010123015.1|DAAMFD010000027.1|47199-48737|+|g4105,CARD,emrB,95.7,100.0,,,fluoroquinolone antibiotic,antibiotic efflux,major facilitator superfamily (MFS) antibiotic efflux pump
GCA_010123345.1,GCA_010123345.1|DAAMFF010000027.1|51334-52872|+|g3596,CARD,emrB,95.7,100.0,,,fluoroquinolone antibiotic,antibiotic efflux,major facilitator superfamily (MFS) antibiotic efflux pump
GCA_008032345.1,GCA_008032345.1|AAJLMD010000011.1|47205-48743|+|g4104,CARD,emrB,95.7,100.0,,,fluoroquinolone antibiotic,antibiotic efflux,major facilitator superfamily (MFS) antibiotic efflux pump
GCA_010715595.1,GCA_010715595.1|DAATGU010000027.1|48320-49858|+|g4058,CARD,emrB,95.7,100.0,,,fluoroquinolone antibiotic,antibiotic efflux,major facilitator superfamily (MFS) antibiotic efflux pump
GCA_000258365.1,GCA_000258365.1|CP003416.1|3627072-3628610|+|g3390,CARD,emrB,95.7,100.0,,,fluoroquinolone antibiotic,antibiotic efflux,major facilitator superfamily (MFS) antibiotic efflux pump
GCA_010714675.1,GCA_010714675.1|DAATGB010000037.1|48323-49861|+|g4121,CARD,emrB,95.7,100.0,,,fluoroquinolone antibiotic,antibiotic efflux,major facilitator superfamily (MFS) antibiotic efflux pump
GCA_001448615.1,GCA_001448615.1|LHSQ01000006.1|31435-32973|+|g4000,CARD,emrB,95.5,100.0,,,fluoroquinolone antibiotic,antibiotic efflux,major facilitator superfamily (MFS) antibiotic efflux pump
GCA_010716035.1,GCA_010716035.1|DAATFR010000016.1|5299-6843|-|g3413,CARD,emrB,95.3,99.6,,,fluoroquinolone antibiotic,antibiotic efflux,major facilitator superfamily (MFS) antibiotic efflux pump
GCA_008032345.1,GCA_008032345.1|AAJLMD010000001.1|833164-834651|-|g840,CARD,MdtK,95.2,95.8,,,fluoroquinolone antibiotic,antibiotic efflux,multidrug and toxic compound extrusion (MATE) transporter
GCA_000192125.1,GCA_000192125.1|CM001153.1|2839280-2840269|+|g2734,CARD,emrB,95.1,64.3,,,fluoroquinolone antibiotic,antibiotic efflux,major facilitator superfamily (MFS) antibiotic efflux pump
GCA_010715595.1,GCA_010715595.1|DAATGU010000004.1|4871-5284|-|g1117,CARD,H-NS,94.9,100.0,,,cephalosporin;fluoroquinolone antibiotic;macrolide antibiotic;penicillin beta-lactam;tetracycline antibiotic,antibiotic efflux,antibiotic efflux regulatory protein;major facilitator superfamily (MFS) antibiotic efflux pump;resistance-nodulation-cell division (RND) antibiotic efflux pump
GCA_010714675.1,GCA_010714675.1|DAATGB010000054.1|4871-5284|-|g4685,CARD,H-NS,94.9,100.0,,,cephalosporin;fluoroquinolone antibiotic;macrolide antibiotic;penicillin beta-lactam;tetracycline antibiotic,antibiotic efflux,antibiotic efflux regulatory protein;major facilitator superfamily (MFS) antibiotic efflux pump;resistance-nodulation-cell division (RND) antibiotic efflux pump
GCA_000474395.1,GCA_000474395.1|AUQU01000034.1|315272-315685|+|g3617,CARD,H-NS,94.9,100.0,,,cephalosporin;fluoroquinolone antibiotic;macrolide antibiotic;penicillin beta-lactam;tetracycline antibiotic,antibiotic efflux,antibiotic efflux regulatory protein;major facilitator superfamily (MFS) antibiotic efflux pump;resistance-nodulation-cell division (RND) antibiotic efflux pump
GCA_000329025.1,GCA_000329025.1|ALFF01000084.1|3973-4386|-|g3323,CARD,H-NS,94.9,100.0,,,cephalosporin;fluoroquinolone antibiotic;macrolide antibiotic;penicillin beta-lactam;tetracycline antibiotic,antibiotic efflux,antibiotic efflux regulatory protein;major facilitator superfamily (MFS) antibiotic efflux pump;resistance-nodulation-cell division (RND) antibiotic efflux pump
GCA_010123345.1,GCA_010123345.1|DAAMFF010000047.1|4871-5284|-|g4341,CARD,H-NS,94.9,100.0,,,cephalosporin;fluoroquinolone antibiotic;macrolide antibiotic;penicillin beta-lactam;tetracycline antibiotic,antibiotic efflux,antibiotic efflux regulatory protein;major facilitator superfamily (MFS) antibiotic efflux pump;resistance-nodulation-cell division (RND) antibiotic efflux pump
GCA_010123015.1,GCA_010123015.1|DAAMFD010000003.1|5333-5746|-|g642,CARD,H-NS,94.9,100.0,,,cephalosporin;fluoroquinolone antibiotic;macrolide antibiotic;penicillin beta-lactam;tetracycline antibiotic,antibiotic efflux,antibiotic efflux regulatory protein;major facilitator superfamily (MFS) antibiotic efflux pump;resistance-nodulation-cell division (RND) antibiotic efflux pump
GCA_000812595.1,GCA_000812595.1|JRXC01000006.1|53514-53927|+|g3873,CARD,H-NS,94.9,100.0,,,cephalosporin;fluoroquinolone antibiotic;macrolide antibiotic;penicillin beta-lactam;tetracycline antibiotic,antibiotic efflux,antibiotic efflux regulatory protein;major facilitator superfamily (MFS) antibiotic efflux pump;resistance-nodulation-cell division (RND) antibiotic efflux pump
GCA_005675415.1,GCA_005675415.1|AADNIJ010000001.1|634911-635324|+|g624,CARD,H-NS,94.9,100.0,,,cephalosporin;fluoroquinolone antibiotic;macrolide antibiotic;penicillin beta-lactam;tetracycline antibiotic,antibiotic efflux,antibiotic efflux regulatory protein;major facilitator superfamily (MFS) antibiotic efflux pump;resistance-nodulation-cell division (RND) antibiotic efflux pump
GCA_011454775.1,GCA_011454775.1|AAQBFY010000001.1|901742-902155|+|g891,CARD,H-NS,94.9,100.0,,,cephalosporin;fluoroquinolone antibiotic;macrolide antibiotic;penicillin beta-lactam;tetracycline antibiotic,antibiotic efflux,antibiotic efflux regulatory protein;major facilitator superfamily (MFS) antibiotic efflux pump;resistance-nodulation-cell division (RND) antibiotic efflux pump
GCA_000192125.1,GCA_000192125.1|CM001153.1|1432929-1433342|-|g1375,CARD,H-NS,94.9,100.0,,,cephalosporin;fluoroquinolone antibiotic;macrolide antibiotic;penicillin beta-lactam;tetracycline antibiotic,antibiotic efflux,antibiotic efflux regulatory protein;major facilitator superfamily (MFS) antibiotic efflux pump;resistance-nodulation-cell division (RND) antibiotic efflux pump
GCA_011457165.1,GCA_011457165.1|AAQBKM010000004.1|21658-22071|-|g1516,CARD,H-NS,94.9,100.0,,,cephalosporin;fluoroquinolone antibiotic;macrolide antibiotic;penicillin beta-lactam;tetracycline antibiotic,antibiotic efflux,antibiotic efflux regulatory protein;major facilitator superfamily (MFS) antibiotic efflux pump;resistance-nodulation-cell division (RND) antibiotic efflux pump
GCA_001448615.1,GCA_001448615.1|LHSQ01000001.1|1060389-1060802|+|g1046,CARD,H-NS,94.9,100.0,,,cephalosporin;fluoroquinolone antibiotic;macrolide antibiotic;penicillin beta-lactam;tetracycline antibiotic,antibiotic efflux,antibiotic efflux regulatory protein;major facilitator superfamily (MFS) antibiotic efflux pump;resistance-nodulation-cell division (RND) antibiotic efflux pump
GCA_006862905.1,GCA_006862905.1|AAGLPJ010000001.1|112880-113293|-|g106,CARD,H-NS,94.9,100.0,,,cephalosporin;fluoroquinolone antibiotic;macrolide antibiotic;penicillin beta-lactam;tetracycline antibiotic,antibiotic efflux,antibiotic efflux regulatory protein;major facilitator superfamily (MFS) antibiotic efflux pump;resistance-nodulation-cell division (RND) antibiotic efflux pump
GCA_008005965.1,GCA_008005965.1|AAJKJE010000001.1|955586-955999|+|g947,CARD,H-NS,94.9,100.0,,,cephalosporin;fluoroquinolone antibiotic;macrolide antibiotic;penicillin beta-lactam;tetracycline antibiotic,antibiotic efflux,antibiotic efflux regulatory protein;major facilitator superfamily (MFS) antibiotic efflux pump;resistance-nodulation-cell division (RND) antibiotic efflux pump
GCA_000258365.1,GCA_000258365.1|CP003416.1|2584784-2585197|+|g2424,CARD,H-NS,94.9,100.0,,,cephalosporin;fluoroquinolone antibiotic;macrolide antibiotic;penicillin beta-lactam;tetracycline antibiotic,antibiotic efflux,antibiotic efflux regulatory protein;major facilitator superfamily (MFS) antibiotic efflux pump;resistance-nodulation-cell division (RND) antibiotic efflux pump
GCA_010716035.1,GCA_010716035.1|DAATFR010000034.1|5053-5466|-|g4457,CARD,H-NS,94.9,100.0,,,cephalosporin;fluoroquinolone antibiotic;macrolide antibiotic;penicillin beta-lactam;tetracycline antibiotic,antibiotic efflux,antibiotic efflux regulatory protein;major facilitator superfamily (MFS) antibiotic efflux pump;resistance-nodulation-cell division (RND) antibiotic efflux pump
GCA_008032345.1,GCA_008032345.1|AAJLMD010000001.1|528386-528799|+|g523,CARD,H-NS,94.9,100.0,,,cephalosporin;fluoroquinolone antibiotic;macrolide antibiotic;penicillin beta-lactam;tetracycline antibiotic,antibiotic efflux,antibiotic efflux regulatory protein;major facilitator superfamily (MFS) antibiotic efflux pump;resistance-nodulation-cell division (RND) antibiotic efflux pump
GCA_000330625.1,GCA_000330625.1|ANOT01000036.1|53530-53943|+|g2086,CARD,H-NS,94.9,100.0,,,cephalosporin;fluoroquinolone antibiotic;macrolide antibiotic;penicillin beta-lactam;tetracycline antibiotic,antibiotic efflux,antibiotic efflux regulatory protein;major facilitator superfamily (MFS) antibiotic efflux pump;resistance-nodulation-cell division (RND) antibiotic efflux pump
GCA_010715595.1,GCA_010715595.1|DAATGU010000001.1|299575-302724|+|g282,CARD,acrB,94.6,100.0,,,cephalosporin;disinfecting agents and antiseptics;fluoroquinolone antibiotic;glycylcycline;penicillin beta-lactam;phenicol antibiotic;rifamycin antibiotic;tetracycline antibiotic,antibiotic efflux,resistance-nodulation-cell division (RND) antibiotic efflux pump
GCA_000258365.1,GCA_000258365.1|CP003416.1|1311046-1314195|-|g1190,CARD,acrB,94.6,100.0,,,cephalosporin;disinfecting agents and antiseptics;fluoroquinolone antibiotic;glycylcycline;penicillin beta-lactam;phenicol antibiotic;rifamycin antibiotic;tetracycline antibiotic,antibiotic efflux,resistance-nodulation-cell division (RND) antibiotic efflux pump
GCA_000474395.1,GCA_000474395.1|AUQU01000023.1|275307-278456|-|g2971,CARD,acrB,94.6,100.0,,,cephalosporin;disinfecting agents and antiseptics;fluoroquinolone antibiotic;glycylcycline;penicillin beta-lactam;phenicol antibiotic;rifamycin antibiotic;tetracycline antibiotic,antibiotic efflux,resistance-nodulation-cell division (RND) antibiotic efflux pump
GCA_011457165.1,GCA_011457165.1|AAQBKM010000002.1|483790-486939|+|g963,CARD,acrB,94.6,100.0,,,cephalosporin;disinfecting agents and antiseptics;fluoroquinolone antibiotic;glycylcycline;penicillin beta-lactam;phenicol antibiotic;rifamycin antibiotic;tetracycline antibiotic,antibiotic efflux,resistance-nodulation-cell division (RND) antibiotic efflux pump
GCA_010716035.1,GCA_010716035.1|DAATFR010000006.1|108623-111772|+|g1804,CARD,acrB,94.6,100.0,,,cephalosporin;disinfecting agents and antiseptics;fluoroquinolone antibiotic;glycylcycline;penicillin beta-lactam;phenicol antibiotic;rifamycin antibiotic;tetracycline antibiotic,antibiotic efflux,resistance-nodulation-cell division (RND) antibiotic efflux pump
GCA_001448615.1,GCA_001448615.1|LHSQ01000002.1|319495-322644|+|g2255,CARD,acrB,94.6,100.0,,,cephalosporin;disinfecting agents and antiseptics;fluoroquinolone antibiotic;glycylcycline;penicillin beta-lactam;phenicol antibiotic;rifamycin antibiotic;tetracycline antibiotic,antibiotic efflux,resistance-nodulation-cell division (RND) antibiotic efflux pump
GCA_000330625.1,GCA_000330625.1|ANOT01000045.1|91868-95017|-|g2703,CARD,acrB,94.6,100.0,,,cephalosporin;disinfecting agents and antiseptics;fluoroquinolone antibiotic;glycylcycline;penicillin beta-lactam;phenicol antibiotic;rifamycin antibiotic;tetracycline antibiotic,antibiotic efflux,resistance-nodulation-cell division (RND) antibiotic efflux pump
GCA_000812595.1,GCA_000812595.1|JRXC01000025.1|84256-87405|+|g3031,CARD,acrB,94.6,100.0,,,cephalosporin;disinfecting agents and antiseptics;fluoroquinolone antibiotic;glycylcycline;penicillin beta-lactam;phenicol antibiotic;rifamycin antibiotic;tetracycline antibiotic,antibiotic efflux,resistance-nodulation-cell division (RND) antibiotic efflux pump
GCA_000329025.1,GCA_000329025.1|ALFF01000042.1|198291-201440|+|g1445,CARD,acrB,94.6,100.0,,,cephalosporin;disinfecting agents and antiseptics;fluoroquinolone antibiotic;glycylcycline;penicillin beta-lactam;phenicol antibiotic;rifamycin antibiotic;tetracycline antibiotic,antibiotic efflux,resistance-nodulation-cell division (RND) antibiotic efflux pump
GCA_010123345.1,GCA_010123345.1|DAAMFF010000001.1|153496-156645|+|g145,CARD,acrB,94.6,100.0,,,cephalosporin;disinfecting agents and antiseptics;fluoroquinolone antibiotic;glycylcycline;penicillin beta-lactam;phenicol antibiotic;rifamycin antibiotic;tetracycline antibiotic,antibiotic efflux,resistance-nodulation-cell division (RND) antibiotic efflux pump
GCA_008032345.1,GCA_008032345.1|AAJLMD010000008.1|19915-23064|+|g3577,CARD,acrB,94.6,100.0,,,cephalosporin;disinfecting agents and antiseptics;fluoroquinolone antibiotic;glycylcycline;penicillin beta-lactam;phenicol antibiotic;rifamycin antibiotic;tetracycline antibiotic,antibiotic efflux,resistance-nodulation-cell division (RND) antibiotic efflux pump
GCA_010714675.1,GCA_010714675.1|DAATGB010000002.1|84772-87921|+|g349,CARD,acrB,94.6,100.0,,,cephalosporin;disinfecting agents and antiseptics;fluoroquinolone antibiotic;glycylcycline;penicillin beta-lactam;phenicol antibiotic;rifamycin antibiotic;tetracycline antibiotic,antibiotic efflux,resistance-nodulation-cell division (RND) antibiotic efflux pump
GCA_005675415.1,GCA_005675415.1|AADNIJ010000003.1|198886-202035|+|g1566,CARD,acrB,94.6,100.0,,,cephalosporin;disinfecting agents and antiseptics;fluoroquinolone antibiotic;glycylcycline;penicillin beta-lactam;phenicol antibiotic;rifamycin antibiotic;tetracycline antibiotic,antibiotic efflux,resistance-nodulation-cell division (RND) antibiotic efflux pump
GCA_008005965.1,GCA_008005965.1|AAJKJE010000009.1|19923-23072|+|g3658,CARD,acrB,94.6,100.0,,,cephalosporin;disinfecting agents and antiseptics;fluoroquinolone antibiotic;glycylcycline;penicillin beta-lactam;phenicol antibiotic;rifamycin antibiotic;tetracycline antibiotic,antibiotic efflux,resistance-nodulation-cell division (RND) antibiotic efflux pump
GCA_000330625.1,GCA_000330625.1|ANOT01000009.1|3789-4964|+|g140,CARD,tet(G),94.6,100.0,,,tetracycline antibiotic,antibiotic efflux,major facilitator superfamily (MFS) antibiotic efflux pump
GCA_011454775.1,GCA_011454775.1|AAQBFY010000003.1|277593-280742|+|g2362,CARD,acrB,94.6,100.0,,,cephalosporin;disinfecting agents and antiseptics;fluoroquinolone antibiotic;glycylcycline;penicillin beta-lactam;phenicol antibiotic;rifamycin antibiotic;tetracycline antibiotic,antibiotic efflux,resistance-nodulation-cell division (RND) antibiotic efflux pump
GCA_006862905.1,GCA_006862905.1|AAGLPJ010000030.1|19958-23107|+|g3845,CARD,acrB,94.6,100.0,,,cephalosporin;disinfecting agents and antiseptics;fluoroquinolone antibiotic;glycylcycline;penicillin beta-lactam;phenicol antibiotic;rifamycin antibiotic;tetracycline antibiotic,antibiotic efflux,resistance-nodulation-cell division (RND) antibiotic efflux pump
GCA_008032345.1,GCA_008032345.1|AAJLMD010000001.1|273940-274323|-|g280,CARD,marA,94.5,100.0,,,carbapenem;cephalosporin;disinfecting agents and antiseptics;fluoroquinolone antibiotic;glycylcycline;monobactam;penicillin beta-lactam;phenicol antibiotic;rifamycin antibiotic;tetracycline antibiotic,antibiotic efflux;reduced permeability to antibiotic,General Bacterial Porin with reduced permeability to beta-lactams;antibiotic efflux regulatory protein;resistance-nodulation-cell division (RND) antibiotic efflux pump
GCA_000330625.1,GCA_000330625.1|ANOT01000035.1|71048-71431|-|g1841,CARD,marA,94.5,100.0,,,carbapenem;cephalosporin;disinfecting agents and antiseptics;fluoroquinolone antibiotic;glycylcycline;monobactam;penicillin beta-lactam;phenicol antibiotic;rifamycin antibiotic;tetracycline antibiotic,antibiotic efflux;reduced permeability to antibiotic,General Bacterial Porin with reduced permeability to beta-lactams;antibiotic efflux regulatory protein;resistance-nodulation-cell division (RND) antibiotic efflux pump
GCA_005675415.1,GCA_005675415.1|AADNIJ010000001.1|373624-374007|-|g381,CARD,marA,94.5,100.0,,,carbapenem;cephalosporin;disinfecting agents and antiseptics;fluoroquinolone antibiotic;glycylcycline;monobactam;penicillin beta-lactam;phenicol antibiotic;rifamycin antibiotic;tetracycline antibiotic,antibiotic efflux;reduced permeability to antibiotic,General Bacterial Porin with reduced permeability to beta-lactams;antibiotic efflux regulatory protein;resistance-nodulation-cell division (RND) antibiotic efflux pump
GCA_000192125.1,GCA_000192125.1|CM001153.1|1673336-1673719|+|g1611,CARD,marA,94.5,100.0,,,carbapenem;cephalosporin;disinfecting agents and antiseptics;fluoroquinolone antibiotic;glycylcycline;monobactam;penicillin beta-lactam;phenicol antibiotic;rifamycin antibiotic;tetracycline antibiotic,antibiotic efflux;reduced permeability to antibiotic,General Bacterial Porin with reduced permeability to beta-lactams;antibiotic efflux regulatory protein;resistance-nodulation-cell division (RND) antibiotic efflux pump
GCA_000474395.1,GCA_000474395.1|AUQU01000034.1|65084-65467|-|g3383,CARD,marA,94.5,100.0,,,carbapenem;cephalosporin;disinfecting agents and antiseptics;fluoroquinolone antibiotic;glycylcycline;monobactam;penicillin beta-lactam;phenicol antibiotic;rifamycin antibiotic;tetracycline antibiotic,antibiotic efflux;reduced permeability to antibiotic,General Bacterial Porin with reduced permeability to beta-lactams;antibiotic efflux regulatory protein;resistance-nodulation-cell division (RND) antibiotic efflux pump
GCA_010715595.1,GCA_010715595.1|DAATGU010000004.1|254408-254791|+|g1352,CARD,marA,94.5,100.0,,,carbapenem;cephalosporin;disinfecting agents and antiseptics;fluoroquinolone antibiotic;glycylcycline;monobactam;penicillin beta-lactam;phenicol antibiotic;rifamycin antibiotic;tetracycline antibiotic,antibiotic efflux;reduced permeability to antibiotic,General Bacterial Porin with reduced permeability to beta-lactams;antibiotic efflux regulatory protein;resistance-nodulation-cell division (RND) antibiotic efflux pump
GCA_010123015.1,GCA_010123015.1|DAAMFD010000001.1|205937-209086|+|g196,CARD,acrB,94.5,100.0,,,cephalosporin;disinfecting agents and antiseptics;fluoroquinolone antibiotic;glycylcycline;penicillin beta-lactam;phenicol antibiotic;rifamycin antibiotic;tetracycline antibiotic,antibiotic efflux,resistance-nodulation-cell division (RND) antibiotic efflux pump
GCA_010123015.1,GCA_010123015.1|DAAMFD010000003.1|255553-255936|+|g877,CARD,marA,94.5,100.0,,,carbapenem;cephalosporin;disinfecting agents and antiseptics;fluoroquinolone antibiotic;glycylcycline;monobactam;penicillin beta-lactam;phenicol antibiotic;rifamycin antibiotic;tetracycline antibiotic,antibiotic efflux;reduced permeability to antibiotic,General Bacterial Porin with reduced permeability to beta-lactams;antibiotic efflux regulatory protein;resistance-nodulation-cell division (RND) antibiotic efflux pump
GCA_000812595.1,GCA_000812595.1|JRXC01000010.1|348406-348789|-|g427,CARD,marA,94.5,100.0,,,carbapenem;cephalosporin;disinfecting agents and antiseptics;fluoroquinolone antibiotic;glycylcycline;monobactam;penicillin beta-lactam;phenicol antibiotic;rifamycin antibiotic;tetracycline antibiotic,antibiotic efflux;reduced permeability to antibiotic,General Bacterial Porin with reduced permeability to beta-lactams;antibiotic efflux regulatory protein;resistance-nodulation-cell division (RND) antibiotic efflux pump
GCA_010714675.1,GCA_010714675.1|DAATGB010000036.1|35645-36028|+|g4053,CARD,marA,94.5,100.0,,,carbapenem;cephalosporin;disinfecting agents and antiseptics;fluoroquinolone antibiotic;glycylcycline;monobactam;penicillin beta-lactam;phenicol antibiotic;rifamycin antibiotic;tetracycline antibiotic,antibiotic efflux;reduced permeability to antibiotic,General Bacterial Porin with reduced permeability to beta-lactams;antibiotic efflux regulatory protein;resistance-nodulation-cell division (RND) antibiotic efflux pump
GCA_001448615.1,GCA_001448615.1|LHSQ01000001.1|823753-824136|-|g823,CARD,marA,94.5,100.0,,,carbapenem;cephalosporin;disinfecting agents and antiseptics;fluoroquinolone antibiotic;glycylcycline;monobactam;penicillin beta-lactam;phenicol antibiotic;rifamycin antibiotic;tetracycline antibiotic,antibiotic efflux;reduced permeability to antibiotic,General Bacterial Porin with reduced permeability to beta-lactams;antibiotic efflux regulatory protein;resistance-nodulation-cell division (RND) antibiotic efflux pump
GCA_008005965.1,GCA_008005965.1|AAJKJE010000001.1|711785-712168|-|g717,CARD,marA,94.5,100.0,,,carbapenem;cephalosporin;disinfecting agents and antiseptics;fluoroquinolone antibiotic;glycylcycline;monobactam;penicillin beta-lactam;phenicol antibiotic;rifamycin antibiotic;tetracycline antibiotic,antibiotic efflux;reduced permeability to antibiotic,General Bacterial Porin with reduced permeability to beta-lactams;antibiotic efflux regulatory protein;resistance-nodulation-cell division (RND) antibiotic efflux pump
GCA_011457165.1,GCA_011457165.1|AAQBKM010000004.1|278774-279157|+|g1758,CARD,marA,94.5,100.0,,,carbapenem;cephalosporin;disinfecting agents and antiseptics;fluoroquinolone antibiotic;glycylcycline;monobactam;penicillin beta-lactam;phenicol antibiotic;rifamycin antibiotic;tetracycline antibiotic,antibiotic efflux;reduced permeability to antibiotic,General Bacterial Porin with reduced permeability to beta-lactams;antibiotic efflux regulatory protein;resistance-nodulation-cell division (RND) antibiotic efflux pump
GCA_000192125.1,GCA_000192125.1|CM001153.1|527083-530232|-|g495,CARD,acrB,94.5,100.0,,,cephalosporin;disinfecting agents and antiseptics;fluoroquinolone antibiotic;glycylcycline;penicillin beta-lactam;phenicol antibiotic;rifamycin antibiotic;tetracycline antibiotic,antibiotic efflux,resistance-nodulation-cell division (RND) antibiotic efflux pump
GCA_006862905.1,GCA_006862905.1|AAGLPJ010000001.1|371774-372157|+|g343,CARD,marA,94.5,100.0,,,carbapenem;cephalosporin;disinfecting agents and antiseptics;fluoroquinolone antibiotic;glycylcycline;monobactam;penicillin beta-lactam;phenicol antibiotic;rifamycin antibiotic;tetracycline antibiotic,antibiotic efflux;reduced permeability to antibiotic,General Bacterial Porin with reduced permeability to beta-lactams;antibiotic efflux regulatory protein;resistance-nodulation-cell division (RND) antibiotic efflux pump
GCA_000329025.1,GCA_000329025.1|ALFF01000069.1|8483-8866|-|g2677,CARD,marA,94.5,100.0,,,carbapenem;cephalosporin;disinfecting agents and antiseptics;fluoroquinolone antibiotic;glycylcycline;monobactam;penicillin beta-lactam;phenicol antibiotic;rifamycin antibiotic;tetracycline antibiotic,antibiotic efflux;reduced permeability to antibiotic,General Bacterial Porin with reduced permeability to beta-lactams;antibiotic efflux regulatory protein;resistance-nodulation-cell division (RND) antibiotic efflux pump
GCA_000258365.1,GCA_000258365.1|CP003416.1|2333744-2334127|-|g2184,CARD,marA,94.5,100.0,,,carbapenem;cephalosporin;disinfecting agents and antiseptics;fluoroquinolone antibiotic;glycylcycline;monobactam;penicillin beta-lactam;phenicol antibiotic;rifamycin antibiotic;tetracycline antibiotic,antibiotic efflux;reduced permeability to antibiotic,General Bacterial Porin with reduced permeability to beta-lactams;antibiotic efflux regulatory protein;resistance-nodulation-cell division (RND) antibiotic efflux pump
GCA_010123345.1,GCA_010123345.1|DAAMFF010000008.1|147260-147643|+|g1879,CARD,marA,94.5,100.0,,,carbapenem;cephalosporin;disinfecting agents and antiseptics;fluoroquinolone antibiotic;glycylcycline;monobactam;penicillin beta-lactam;phenicol antibiotic;rifamycin antibiotic;tetracycline antibiotic,antibiotic efflux;reduced permeability to antibiotic,General Bacterial Porin with reduced permeability to beta-lactams;antibiotic efflux regulatory protein;resistance-nodulation-cell division (RND) antibiotic efflux pump
GCA_010716035.1,GCA_010716035.1|DAATFR010000002.1|297558-297941|+|g668,CARD,marA,94.5,100.0,,,carbapenem;cephalosporin;disinfecting agents and antiseptics;fluoroquinolone antibiotic;glycylcycline;monobactam;penicillin beta-lactam;phenicol antibiotic;rifamycin antibiotic;tetracycline antibiotic,antibiotic efflux;reduced permeability to antibiotic,General Bacterial Porin with reduced permeability to beta-lactams;antibiotic efflux regulatory protein;resistance-nodulation-cell division (RND) antibiotic efflux pump
GCA_011454775.1,GCA_011454775.1|AAQBFY010000001.1|638945-639328|-|g638,CARD,marA,94.5,100.0,,,carbapenem;cephalosporin;disinfecting agents and antiseptics;fluoroquinolone antibiotic;glycylcycline;monobactam;penicillin beta-lactam;phenicol antibiotic;rifamycin antibiotic;tetracycline antibiotic,antibiotic efflux;reduced permeability to antibiotic,General Bacterial Porin with reduced permeability to beta-lactams;antibiotic efflux regulatory protein;resistance-nodulation-cell division (RND) antibiotic efflux pump
GCA_006862905.1,GCA_006862905.1|AAGLPJ010000003.1|233360-236473|+|g929,CARD,acrD,94.4,100.0,,,aminoglycoside antibiotic,antibiotic efflux,resistance-nodulation-cell division (RND) antibiotic efflux pump
GCA_010123345.1,GCA_010123345.1|DAAMFF010000006.1|4307-7420|+|g1377,CARD,acrD,94.4,100.0,,,aminoglycoside antibiotic,antibiotic efflux,resistance-nodulation-cell division (RND) antibiotic efflux pump
GCA_010716035.1,GCA_010716035.1|DAATFR010000007.1|98037-101150|+|g2047,CARD,acrD,94.4,100.0,,,aminoglycoside antibiotic,antibiotic efflux,resistance-nodulation-cell division (RND) antibiotic efflux pump
GCA_000330625.1,GCA_000330625.1|ANOT01000024.1|151643-154756|-|g987,CARD,acrD,94.4,100.0,,,aminoglycoside antibiotic,antibiotic efflux,resistance-nodulation-cell division (RND) antibiotic efflux pump
GCA_005675415.1,GCA_005675415.1|AADNIJ010000004.1|249598-252711|+|g1984,CARD,acrD,94.4,100.0,,,aminoglycoside antibiotic,antibiotic efflux,resistance-nodulation-cell division (RND) antibiotic efflux pump
GCA_011457165.1,GCA_011457165.1|AAQBKM010000006.1|85440-88553|+|g2302,CARD,acrD,94.4,100.0,,,aminoglycoside antibiotic,antibiotic efflux,resistance-nodulation-cell division (RND) antibiotic efflux pump
GCA_010715595.1,GCA_010715595.1|DAATGU010000012.1|151214-154327|-|g2758,CARD,acrD,94.4,100.0,,,aminoglycoside antibiotic,antibiotic efflux,resistance-nodulation-cell division (RND) antibiotic efflux pump
GCA_008005965.1,GCA_008005965.1|AAJKJE010000005.1|243363-246476|+|g2750,CARD,acrD,94.3,100.0,,,aminoglycoside antibiotic,antibiotic efflux,resistance-nodulation-cell division (RND) antibiotic efflux pump
GCA_000329025.1,GCA_000329025.1|ALFF01000073.1|22496-25609|-|g2864,CARD,acrD,94.3,100.0,,,aminoglycoside antibiotic,antibiotic efflux,resistance-nodulation-cell division (RND) antibiotic efflux pump
GCA_011454775.1,GCA_011454775.1|AAQBFY010000004.1|37573-40686|-|g2593,CARD,acrD,94.3,100.0,,,aminoglycoside antibiotic,antibiotic efflux,resistance-nodulation-cell division (RND) antibiotic efflux pump
GCA_000812595.1,GCA_000812595.1|JRXC01000011.1|286093-289206|+|g908,CARD,acrD,94.3,100.0,,,aminoglycoside antibiotic,antibiotic efflux,resistance-nodulation-cell division (RND) antibiotic efflux pump
GCA_008032345.1,GCA_008032345.1|AAJLMD010000006.1|140103-143216|-|g3109,CARD,acrD,94.2,100.0,,,aminoglycoside antibiotic,antibiotic efflux,resistance-nodulation-cell division (RND) antibiotic efflux pump
GCA_010123015.1,GCA_010123015.1|DAAMFD010000028.1|33977-37090|-|g4140,CARD,acrD,94.2,100.0,,,aminoglycoside antibiotic,antibiotic efflux,resistance-nodulation-cell division (RND) antibiotic efflux pump
GCA_010714675.1,GCA_010714675.1|DAATGB010000010.1|151349-154462|-|g1779,CARD,acrD,94.2,100.0,,,aminoglycoside antibiotic,antibiotic efflux,resistance-nodulation-cell division (RND) antibiotic efflux pump
GCA_000474395.1,GCA_000474395.1|AUQU01000056.1|33978-37091|-|g4015,CARD,acrD,94.2,100.0,,,aminoglycoside antibiotic,antibiotic efflux,resistance-nodulation-cell division (RND) antibiotic efflux pump
GCA_000474395.1,GCA_000474395.1|AUQU01000011.1|6188-7387|-|g1587,CARD,tet(A),94.1,94.1,,,tetracycline antibiotic,antibiotic efflux,major facilitator superfamily (MFS) antibiotic efflux pump
GCA_001448615.1,GCA_001448615.1|LHSQ01000003.1|135251-138364|+|g2726,CARD,acrD,94.1,100.0,,,aminoglycoside antibiotic,antibiotic efflux,resistance-nodulation-cell division (RND) antibiotic efflux pump
GCA_000258365.1,GCA_000258365.1|CP003416.1|3339012-3342086|+|g3158,CARD,acrD,93.0,98.7,,,aminoglycoside antibiotic,antibiotic efflux,resistance-nodulation-cell division (RND) antibiotic efflux pump
GCA_010123345.1,GCA_010123345.1|DAAMFF010000027.1|49488-50018|+|g3594,CARD,emrR,92.6,100.0,,,fluoroquinolone antibiotic,antibiotic efflux,antibiotic efflux regulatory protein;major facilitator superfamily (MFS) antibiotic efflux pump
GCA_010714675.1,GCA_010714675.1|DAATGB010000037.1|46477-47007|+|g4119,CARD,emrR,92.6,100.0,,,fluoroquinolone antibiotic,antibiotic efflux,antibiotic efflux regulatory protein;major facilitator superfamily (MFS) antibiotic efflux pump
GCA_008032345.1,GCA_008032345.1|AAJLMD010000011.1|45359-45889|+|g4102,CARD,emrR,92.6,100.0,,,fluoroquinolone antibiotic,antibiotic efflux,antibiotic efflux regulatory protein;major facilitator superfamily (MFS) antibiotic efflux pump
GCA_010123015.1,GCA_010123015.1|DAAMFD010000027.1|45353-45883|+|g4103,CARD,emrR,92.6,100.0,,,fluoroquinolone antibiotic,antibiotic efflux,antibiotic efflux regulatory protein;major facilitator superfamily (MFS) antibiotic efflux pump
GCA_000329025.1,GCA_000329025.1|ALFF01000022.1|8529-9059|-|g651,CARD,emrR,92.6,100.0,,,fluoroquinolone antibiotic,antibiotic efflux,antibiotic efflux regulatory protein;major facilitator superfamily (MFS) antibiotic efflux pump
GCA_008005965.1,GCA_008005965.1|AAJKJE010000002.1|554315-554845|-|g1606,CARD,emrR,92.6,100.0,,,fluoroquinolone antibiotic,antibiotic efflux,antibiotic efflux regulatory protein;major facilitator superfamily (MFS) antibiotic efflux pump
GCA_000330625.1,GCA_000330625.1|ANOT01000058.1|118569-119099|-|g4241,CARD,emrR,92.6,100.0,,,fluoroquinolone antibiotic,antibiotic efflux,antibiotic efflux regulatory protein;major facilitator superfamily (MFS) antibiotic efflux pump
GCA_000474395.1,GCA_000474395.1|AUQU01000001.1|556230-556760|-|g530,CARD,emrR,92.6,100.0,,,fluoroquinolone antibiotic,antibiotic efflux,antibiotic efflux regulatory protein;major facilitator superfamily (MFS) antibiotic efflux pump
GCA_011454775.1,GCA_011454775.1|AAQBFY010000002.1|601943-602473|-|g2025,CARD,emrR,92.6,100.0,,,fluoroquinolone antibiotic,antibiotic efflux,antibiotic efflux regulatory protein;major facilitator superfamily (MFS) antibiotic efflux pump
GCA_005675415.1,GCA_005675415.1|AADNIJ010000002.1|120735-121265|+|g988,CARD,emrR,92.6,100.0,,,fluoroquinolone antibiotic,antibiotic efflux,antibiotic efflux regulatory protein;major facilitator superfamily (MFS) antibiotic efflux pump
GCA_010716035.1,GCA_010716035.1|DAATFR010000016.1|8159-8689|-|g3415,CARD,emrR,92.6,100.0,,,fluoroquinolone antibiotic,antibiotic efflux,antibiotic efflux regulatory protein;major facilitator superfamily (MFS) antibiotic efflux pump
GCA_006862905.1,GCA_006862905.1|AAGLPJ010000007.1|91763-92293|+|g1869,CARD,emrR,92.6,100.0,,,fluoroquinolone antibiotic,antibiotic efflux,antibiotic efflux regulatory protein;major facilitator superfamily (MFS) antibiotic efflux pump
GCA_000812595.1,GCA_000812595.1|JRXC01000021.1|8384-8914|-|g2699,CARD,emrR,92.6,100.0,,,fluoroquinolone antibiotic,antibiotic efflux,antibiotic efflux regulatory protein;major facilitator superfamily (MFS) antibiotic efflux pump
GCA_010715595.1,GCA_010715595.1|DAATGU010000027.1|46474-47004|+|g4056,CARD,emrR,92.6,100.0,,,fluoroquinolone antibiotic,antibiotic efflux,antibiotic efflux regulatory protein;major facilitator superfamily (MFS) antibiotic efflux pump
GCA_000258365.1,GCA_000258365.1|CP003416.1|3625226-3625756|+|g3388,CARD,emrR,92.6,100.0,,,fluoroquinolone antibiotic,antibiotic efflux,antibiotic efflux regulatory protein;major facilitator superfamily (MFS) antibiotic efflux pump
GCA_000192125.1,GCA_000192125.1|CM001153.1|2836886-2837416|+|g2731,CARD,emrR,92.6,100.0,,,fluoroquinolone antibiotic,antibiotic efflux,antibiotic efflux regulatory protein;major facilitator superfamily (MFS) antibiotic efflux pump
GCA_011457165.1,GCA_011457165.1|AAQBKM010000003.1|131207-131737|+|g1186,CARD,emrR,92.6,100.0,,,fluoroquinolone antibiotic,antibiotic efflux,antibiotic efflux regulatory protein;major facilitator superfamily (MFS) antibiotic efflux pump
GCA_010716035.1,GCA_010716035.1|DAATFR010000010.1|26225-27433|-|g2601,CARD,mdtH,92.5,100.0,,,fluoroquinolone antibiotic,antibiotic efflux,major facilitator superfamily (MFS) antibiotic efflux pump
GCA_005675415.1,GCA_005675415.1|AADNIJ010000001.1|26353-27561|-|g33,CARD,mdtH,92.5,100.0,,,fluoroquinolone antibiotic,antibiotic efflux,major facilitator superfamily (MFS) antibiotic efflux pump
GCA_000330625.1,GCA_000330625.1|ANOT01000033.1|27189-28397|-|g1491,CARD,mdtH,92.5,100.0,,,fluoroquinolone antibiotic,antibiotic efflux,major facilitator superfamily (MFS) antibiotic efflux pump
GCA_006862905.1,GCA_006862905.1|AAGLPJ010000016.1|20464-21672|-|g2978,CARD,mdtH,92.5,100.0,,,fluoroquinolone antibiotic,antibiotic efflux,major facilitator superfamily (MFS) antibiotic efflux pump
GCA_001448615.1,GCA_001448615.1|LHSQ01000001.1|469878-471086|-|g463,CARD,mdtH,92.5,100.0,,,fluoroquinolone antibiotic,antibiotic efflux,major facilitator superfamily (MFS) antibiotic efflux pump
GCA_000258365.1,GCA_000258365.1|CP003416.1|1986512-1987720|-|g1838,CARD,mdtH,92.5,100.0,,,fluoroquinolone antibiotic,antibiotic efflux,major facilitator superfamily (MFS) antibiotic efflux pump
GCA_000812595.1,GCA_000812595.1|JRXC01000010.1|2686-3894|-|g80,CARD,mdtH,92.5,100.0,,,fluoroquinolone antibiotic,antibiotic efflux,major facilitator superfamily (MFS) antibiotic efflux pump
GCA_010714675.1,GCA_010714675.1|DAATGB010000030.1|26264-27472|-|g3660,CARD,mdtH,92.5,100.0,,,fluoroquinolone antibiotic,antibiotic efflux,major facilitator superfamily (MFS) antibiotic efflux pump
GCA_008032345.1,GCA_008032345.1|AAJLMD010000007.1|112811-114019|-|g3443,CARD,mdtH,92.5,100.0,,,fluoroquinolone antibiotic,antibiotic efflux,major facilitator superfamily (MFS) antibiotic efflux pump
GCA_010123015.1,GCA_010123015.1|DAAMFD010000019.1|26381-27589|-|g3440,CARD,mdtH,92.5,100.0,,,fluoroquinolone antibiotic,antibiotic efflux,major facilitator superfamily (MFS) antibiotic efflux pump
GCA_000474395.1,GCA_000474395.1|AUQU01000012.1|217056-218264|-|g1860,CARD,mdtH,92.5,100.0,,,fluoroquinolone antibiotic,antibiotic efflux,major facilitator superfamily (MFS) antibiotic efflux pump
GCA_010123345.1,GCA_010123345.1|DAAMFF010000007.1|156534-157742|-|g1700,CARD,mdtH,92.5,100.0,,,fluoroquinolone antibiotic,antibiotic efflux,major facilitator superfamily (MFS) antibiotic efflux pump
GCA_010715595.1,GCA_010715595.1|DAATGU010000003.1|26286-27494|-|g825,CARD,mdtH,92.3,100.0,,,fluoroquinolone antibiotic,antibiotic efflux,major facilitator superfamily (MFS) antibiotic efflux pump
GCA_000192125.1,GCA_000192125.1|CM001153.1|2019167-2020375|+|g1978,CARD,mdtH,92.3,100.0,,,fluoroquinolone antibiotic,antibiotic efflux,major facilitator superfamily (MFS) antibiotic efflux pump
GCA_000192125.1,GCA_000192125.1|CM001153.1|2088922-2090448|-|g2048,CARD,MdtK,92.3,93.3,,,fluoroquinolone antibiotic,antibiotic efflux,multidrug and toxic compound extrusion (MATE) transporter
GCA_011457165.1,GCA_011457165.1|AAQBKM010000005.1|103711-104919|-|g1977,CARD,mdtH,92.3,100.0,,,fluoroquinolone antibiotic,antibiotic efflux,major facilitator superfamily (MFS) antibiotic efflux pump
GCA_011454775.1,GCA_011454775.1|AAQBFY010000001.1|286058-287266|-|g286,CARD,mdtH,92.3,100.0,,,fluoroquinolone antibiotic,antibiotic efflux,major facilitator superfamily (MFS) antibiotic efflux pump
GCA_011457165.1,GCA_011457165.1|AAQBKM010000002.1|259770-260447|+|g751,CARD,kdpE,92.0,100.0,,,aminoglycoside antibiotic,antibiotic efflux,antibiotic efflux regulatory protein;kdpDE
GCA_000812595.1,GCA_000812595.1|JRXC01000001.1|69798-70997|-|g73,CARD,tet(A),92.0,94.1,,,tetracycline antibiotic,antibiotic efflux,major facilitator superfamily (MFS) antibiotic efflux pump
GCA_010123345.1,GCA_010123345.1|DAAMFF010000003.1|128814-131936|-|g799,CARD,mdtB,92.0,100.0,,,aminocoumarin antibiotic,antibiotic efflux,resistance-nodulation-cell division (RND) antibiotic efflux pump
GCA_001448615.1,GCA_001448615.1|LHSQ01000001.1|234014-237136|-|g215,CARD,mdtB,92.0,100.0,,,aminocoumarin antibiotic,antibiotic efflux,resistance-nodulation-cell division (RND) antibiotic efflux pump
GCA_008005965.1,GCA_008005965.1|AAJKJE010000001.1|118298-121420|-|g110,CARD,mdtB,92.0,100.0,,,aminocoumarin antibiotic,antibiotic efflux,resistance-nodulation-cell division (RND) antibiotic efflux pump
GCA_000812595.1,GCA_000812595.1|JRXC01000009.1|147192-147869|-|g4679,CARD,kdpE,92.0,100.0,,,aminoglycoside antibiotic,antibiotic efflux,antibiotic efflux regulatory protein;kdpDE
GCA_000330625.1,GCA_000330625.1|ANOT01000029.1|8066-8743|-|g1280,CARD,kdpE,92.0,100.0,,,aminoglycoside antibiotic,antibiotic efflux,antibiotic efflux regulatory protein;kdpDE
GCA_010716035.1,GCA_010716035.1|DAATFR010000009.1|39320-39997|+|g2433,CARD,kdpE,92.0,100.0,,,aminoglycoside antibiotic,antibiotic efflux,antibiotic efflux regulatory protein;kdpDE
GCA_008032345.1,GCA_008032345.1|AAJLMD010000001.1|962268-965390|+|g964,CARD,mdtB,92.0,100.0,,,aminocoumarin antibiotic,antibiotic efflux,resistance-nodulation-cell division (RND) antibiotic efflux pump
GCA_010715595.1,GCA_010715595.1|DAATGU010000005.1|69063-72185|-|g1438,CARD,mdtB,92.0,100.0,,,aminocoumarin antibiotic,antibiotic efflux,resistance-nodulation-cell division (RND) antibiotic efflux pump
GCA_001448615.1,GCA_001448615.1|LHSQ01000006.1|29589-30119|+|g3998,CARD,emrR,92.0,100.0,,,fluoroquinolone antibiotic,antibiotic efflux,antibiotic efflux regulatory protein;major facilitator superfamily (MFS) antibiotic efflux pump
GCA_005675415.1,GCA_005675415.1|AADNIJ010000031.1|3890-5089|+|g4452,CARD,tet(A),92.0,94.1,,,tetracycline antibiotic,antibiotic efflux,major facilitator superfamily (MFS) antibiotic efflux pump
GCA_011454775.1,GCA_011454775.1|AAQBFY010000001.1|50435-53557|-|g45,CARD,mdtB,92.0,100.0,,,aminocoumarin antibiotic,antibiotic efflux,resistance-nodulation-cell division (RND) antibiotic efflux pump
GCA_005675415.1,GCA_005675415.1|AADNIJ010000018.1|17179-17856|-|g3970,CARD,kdpE,92.0,100.0,,,aminoglycoside antibiotic,antibiotic efflux,antibiotic efflux regulatory protein;kdpDE
GCA_000329025.1,GCA_000329025.1|ALFF01000094.1|51813-54935|-|g3686,CARD,mdtB,92.0,100.0,,,aminocoumarin antibiotic,antibiotic efflux,resistance-nodulation-cell division (RND) antibiotic efflux pump
GCA_005675415.1,GCA_005675415.1|AADNIJ010000006.1|182655-185777|+|g2615,CARD,mdtB,91.9,100.0,,,aminocoumarin antibiotic,antibiotic efflux,resistance-nodulation-cell division (RND) antibiotic efflux pump
GCA_006862905.1,GCA_006862905.1|AAGLPJ010000022.1|33122-36244|+|g3485,CARD,mdtB,91.9,100.0,,,aminocoumarin antibiotic,antibiotic efflux,resistance-nodulation-cell division (RND) antibiotic efflux pump
GCA_010716035.1,GCA_010716035.1|DAATFR010000011.1|163306-166428|+|g2921,CARD,mdtB,91.9,100.0,,,aminocoumarin antibiotic,antibiotic efflux,resistance-nodulation-cell division (RND) antibiotic efflux pump
GCA_010714675.1,GCA_010714675.1|DAATGB010000013.1|56172-59294|+|g2096,CARD,mdtB,91.9,100.0,,,aminocoumarin antibiotic,antibiotic efflux,resistance-nodulation-cell division (RND) antibiotic efflux pump
GCA_000330625.1,GCA_000330625.1|ANOT01000050.1|102959-106081|+|g3128,CARD,mdtB,91.9,100.0,,,aminocoumarin antibiotic,antibiotic efflux,resistance-nodulation-cell division (RND) antibiotic efflux pump
GCA_011457165.1,GCA_011457165.1|AAQBKM010000013.1|27711-30833|+|g3541,CARD,mdtB,91.8,100.0,,,aminocoumarin antibiotic,antibiotic efflux,resistance-nodulation-cell division (RND) antibiotic efflux pump
GCA_000192125.1,GCA_000192125.1|CM001153.1|2211140-2214262|+|g2169,CARD,mdtB,91.8,100.0,,,aminocoumarin antibiotic,antibiotic efflux,resistance-nodulation-cell division (RND) antibiotic efflux pump
GCA_005675415.1,GCA_005675415.1|AADNIJ010000003.1|197670-198863|+|g1565,CARD,Ecol_acrA,91.7,100.0,,,cephalosporin;disinfecting agents and antiseptics;fluoroquinolone antibiotic;glycylcycline;penicillin beta-lactam;phenicol antibiotic;rifamycin antibiotic;tetracycline antibiotic,antibiotic efflux,resistance-nodulation-cell division (RND) antibiotic efflux pump
GCA_006862905.1,GCA_006862905.1|AAGLPJ010000030.1|18742-19935|+|g3844,CARD,Ecol_acrA,91.7,100.0,,,cephalosporin;disinfecting agents and antiseptics;fluoroquinolone antibiotic;glycylcycline;penicillin beta-lactam;phenicol antibiotic;rifamycin antibiotic;tetracycline antibiotic,antibiotic efflux,resistance-nodulation-cell division (RND) antibiotic efflux pump
GCA_000330625.1,GCA_000330625.1|ANOT01000045.1|95040-96233|-|g2704,CARD,Ecol_acrA,91.7,100.0,,,cephalosporin;disinfecting agents and antiseptics;fluoroquinolone antibiotic;glycylcycline;penicillin beta-lactam;phenicol antibiotic;rifamycin antibiotic;tetracycline antibiotic,antibiotic efflux,resistance-nodulation-cell division (RND) antibiotic efflux pump
GCA_000812595.1,GCA_000812595.1|JRXC01000025.1|83040-84233|+|g3030,CARD,Ecol_acrA,91.7,100.0,,,cephalosporin;disinfecting agents and antiseptics;fluoroquinolone antibiotic;glycylcycline;penicillin beta-lactam;phenicol antibiotic;rifamycin antibiotic;tetracycline antibiotic,antibiotic efflux,resistance-nodulation-cell division (RND) antibiotic efflux pump
GCA_001448615.1,GCA_001448615.1|LHSQ01000002.1|318279-319472|+|g2254,CARD,Ecol_acrA,91.7,100.0,,,cephalosporin;disinfecting agents and antiseptics;fluoroquinolone antibiotic;glycylcycline;penicillin beta-lactam;phenicol antibiotic;rifamycin antibiotic;tetracycline antibiotic,antibiotic efflux,resistance-nodulation-cell division (RND) antibiotic efflux pump
GCA_011457165.1,GCA_011457165.1|AAQBKM010000002.1|482574-483767|+|g962,CARD,Ecol_acrA,91.7,100.0,,,cephalosporin;disinfecting agents and antiseptics;fluoroquinolone antibiotic;glycylcycline;penicillin beta-lactam;phenicol antibiotic;rifamycin antibiotic;tetracycline antibiotic,antibiotic efflux,resistance-nodulation-cell division (RND) antibiotic efflux pump
GCA_000258365.1,GCA_000258365.1|CP003416.1|1314218-1315411|-|g1191,CARD,Ecol_acrA,91.7,100.0,,,cephalosporin;disinfecting agents and antiseptics;fluoroquinolone antibiotic;glycylcycline;penicillin beta-lactam;phenicol antibiotic;rifamycin antibiotic;tetracycline antibiotic,antibiotic efflux,resistance-nodulation-cell division (RND) antibiotic efflux pump
GCA_000192125.1,GCA_000192125.1|CM001153.1|530255-531448|-|g496,CARD,Ecol_acrA,91.7,100.0,,,cephalosporin;disinfecting agents and antiseptics;fluoroquinolone antibiotic;glycylcycline;penicillin beta-lactam;phenicol antibiotic;rifamycin antibiotic;tetracycline antibiotic,antibiotic efflux,resistance-nodulation-cell division (RND) antibiotic efflux pump
GCA_000474395.1,GCA_000474395.1|AUQU01000023.1|278479-279672|-|g2972,CARD,Ecol_acrA,91.7,100.0,,,cephalosporin;disinfecting agents and antiseptics;fluoroquinolone antibiotic;glycylcycline;penicillin beta-lactam;phenicol antibiotic;rifamycin antibiotic;tetracycline antibiotic,antibiotic efflux,resistance-nodulation-cell division (RND) antibiotic efflux pump
GCA_000474395.1,GCA_000474395.1|AUQU01000067.1|146148-149270|+|g4384,CARD,mdtB,91.7,100.0,,,aminocoumarin antibiotic,antibiotic efflux,resistance-nodulation-cell division (RND) antibiotic efflux pump
GCA_010123345.1,GCA_010123345.1|DAAMFF010000001.1|152280-153473|+|g144,CARD,Ecol_acrA,91.7,100.0,,,cephalosporin;disinfecting agents and antiseptics;fluoroquinolone antibiotic;glycylcycline;penicillin beta-lactam;phenicol antibiotic;rifamycin antibiotic;tetracycline antibiotic,antibiotic efflux,resistance-nodulation-cell division (RND) antibiotic efflux pump
GCA_000329025.1,GCA_000329025.1|ALFF01000042.1|197075-198268|+|g1444,CARD,Ecol_acrA,91.7,100.0,,,cephalosporin;disinfecting agents and antiseptics;fluoroquinolone antibiotic;glycylcycline;penicillin beta-lactam;phenicol antibiotic;rifamycin antibiotic;tetracycline antibiotic,antibiotic efflux,resistance-nodulation-cell division (RND) antibiotic efflux pump
GCA_010714675.1,GCA_010714675.1|DAATGB010000002.1|83556-84749|+|g348,CARD,Ecol_acrA,91.7,100.0,,,cephalosporin;disinfecting agents and antiseptics;fluoroquinolone antibiotic;glycylcycline;penicillin beta-lactam;phenicol antibiotic;rifamycin antibiotic;tetracycline antibiotic,antibiotic efflux,resistance-nodulation-cell division (RND) antibiotic efflux pump
GCA_000812595.1,GCA_000812595.1|JRXC01000019.1|119114-122236|-|g2343,CARD,mdtB,91.7,100.0,,,aminocoumarin antibiotic,antibiotic efflux,resistance-nodulation-cell division (RND) antibiotic efflux pump
GCA_011454775.1,GCA_011454775.1|AAQBFY010000003.1|276377-277570|+|g2361,CARD,Ecol_acrA,91.7,100.0,,,cephalosporin;disinfecting agents and antiseptics;fluoroquinolone antibiotic;glycylcycline;penicillin beta-lactam;phenicol antibiotic;rifamycin antibiotic;tetracycline antibiotic,antibiotic efflux,resistance-nodulation-cell division (RND) antibiotic efflux pump
GCA_008032345.1,GCA_008032345.1|AAJLMD010000008.1|18699-19892|+|g3576,CARD,Ecol_acrA,91.7,100.0,,,cephalosporin;disinfecting agents and antiseptics;fluoroquinolone antibiotic;glycylcycline;penicillin beta-lactam;phenicol antibiotic;rifamycin antibiotic;tetracycline antibiotic,antibiotic efflux,resistance-nodulation-cell division (RND) antibiotic efflux pump
GCA_010123015.1,GCA_010123015.1|DAAMFD010000001.1|204721-205914|+|g195,CARD,Ecol_acrA,91.7,100.0,,,cephalosporin;disinfecting agents and antiseptics;fluoroquinolone antibiotic;glycylcycline;penicillin beta-lactam;phenicol antibiotic;rifamycin antibiotic;tetracycline antibiotic,antibiotic efflux,resistance-nodulation-cell division (RND) antibiotic efflux pump
GCA_010715595.1,GCA_010715595.1|DAATGU010000001.1|298359-299552|+|g281,CARD,Ecol_acrA,91.7,100.0,,,cephalosporin;disinfecting agents and antiseptics;fluoroquinolone antibiotic;glycylcycline;penicillin beta-lactam;phenicol antibiotic;rifamycin antibiotic;tetracycline antibiotic,antibiotic efflux,resistance-nodulation-cell division (RND) antibiotic efflux pump
GCA_001448615.1,GCA_001448615.1|LHSQ01000002.1|51937-52614|+|g1976,CARD,kdpE,91.6,100.0,,,aminoglycoside antibiotic,antibiotic efflux,antibiotic efflux regulatory protein;kdpDE
GCA_000474395.1,GCA_000474395.1|AUQU01000010.1|27933-28610|-|g1531,CARD,kdpE,91.6,100.0,,,aminoglycoside antibiotic,antibiotic efflux,antibiotic efflux regulatory protein;kdpDE
GCA_011454775.1,GCA_011454775.1|AAQBFY010000001.1|47354-50434|-|g44,CARD,mdtC,91.6,99.9,,,aminocoumarin antibiotic,antibiotic efflux,resistance-nodulation-cell division (RND) antibiotic efflux pump
GCA_001448615.1,GCA_001448615.1|LHSQ01000001.1|230933-234013|-|g214,CARD,mdtC,91.6,99.9,,,aminocoumarin antibiotic,antibiotic efflux,resistance-nodulation-cell division (RND) antibiotic efflux pump
GCA_000329025.1,GCA_000329025.1|ALFF01000094.1|48732-51812|-|g3685,CARD,mdtC,91.6,99.9,,,aminocoumarin antibiotic,antibiotic efflux,resistance-nodulation-cell division (RND) antibiotic efflux pump
GCA_008005965.1,GCA_008005965.1|AAJKJE010000001.1|115217-118297|-|g109,CARD,mdtC,91.6,99.9,,,aminocoumarin antibiotic,antibiotic efflux,resistance-nodulation-cell division (RND) antibiotic efflux pump
GCA_008005965.1,GCA_008005965.1|AAJKJE010000008.1|50833-51510|+|g3445,CARD,kdpE,91.6,100.0,,,aminoglycoside antibiotic,antibiotic efflux,antibiotic efflux regulatory protein;kdpDE
GCA_011454775.1,GCA_011454775.1|AAQBFY010000003.1|50275-50952|+|g2149,CARD,kdpE,91.6,100.0,,,aminoglycoside antibiotic,antibiotic efflux,antibiotic efflux regulatory protein;kdpDE
GCA_010123015.1,GCA_010123015.1|DAAMFD010000004.1|128930-132052|-|g1057,CARD,mdtB,91.6,100.0,,,aminocoumarin antibiotic,antibiotic efflux,resistance-nodulation-cell division (RND) antibiotic efflux pump
GCA_010123015.1,GCA_010123015.1|DAAMFD010000004.1|125849-128929|-|g1056,CARD,mdtC,91.6,99.9,,,aminocoumarin antibiotic,antibiotic efflux,resistance-nodulation-cell division (RND) antibiotic efflux pump
GCA_010123015.1,GCA_010123015.1|DAAMFD010000024.1|52382-53059|+|g3914,CARD,kdpE,91.6,100.0,,,aminoglycoside antibiotic,antibiotic efflux,antibiotic efflux regulatory protein;kdpDE
GCA_010123345.1,GCA_010123345.1|DAAMFF010000044.1|17179-17856|-|g4303,CARD,kdpE,91.6,100.0,,,aminoglycoside antibiotic,antibiotic efflux,antibiotic efflux regulatory protein;kdpDE
GCA_000329025.1,GCA_000329025.1|ALFF01000054.1|15003-15680|+|g1853,CARD,kdpE,91.6,100.0,,,aminoglycoside antibiotic,antibiotic efflux,antibiotic efflux regulatory protein;kdpDE
GCA_010714675.1,GCA_010714675.1|DAATGB010000024.1|51578-52255|+|g3264,CARD,kdpE,91.6,100.0,,,aminoglycoside antibiotic,antibiotic efflux,antibiotic efflux regulatory protein;kdpDE
GCA_010715595.1,GCA_010715595.1|DAATGU010000005.1|65982-69062|-|g1437,CARD,mdtC,91.6,99.9,,,aminocoumarin antibiotic,antibiotic efflux,resistance-nodulation-cell division (RND) antibiotic efflux pump
GCA_000474395.1,GCA_000474395.1|AUQU01000067.1|149271-152351|+|g4385,CARD,mdtC,91.6,99.9,,,aminocoumarin antibiotic,antibiotic efflux,resistance-nodulation-cell division (RND) antibiotic efflux pump
GCA_010715595.1,GCA_010715595.1|DAATGU010000001.1|64983-65660|+|g63,CARD,kdpE,91.6,100.0,,,aminoglycoside antibiotic,antibiotic efflux,antibiotic efflux regulatory protein;kdpDE
GCA_000192125.1,GCA_000192125.1|CM001153.1|756758-757435|-|g714,CARD,kdpE,91.6,100.0,,,aminoglycoside antibiotic,antibiotic efflux,antibiotic efflux regulatory protein;kdpDE
GCA_000258365.1,GCA_000258365.1|CP003416.1|1548239-1548916|-|g1412,CARD,kdpE,91.6,100.0,,,aminoglycoside antibiotic,antibiotic efflux,antibiotic efflux regulatory protein;kdpDE
GCA_000192125.1,GCA_000192125.1|CM001153.1|2214263-2217343|+|g2170,CARD,mdtC,91.5,99.9,,,aminocoumarin antibiotic,antibiotic efflux,resistance-nodulation-cell division (RND) antibiotic efflux pump
GCA_010716035.1,GCA_010716035.1|DAATFR010000011.1|166429-169509|+|g2922,CARD,mdtC,91.5,99.9,,,aminocoumarin antibiotic,antibiotic efflux,resistance-nodulation-cell division (RND) antibiotic efflux pump
GCA_011457165.1,GCA_011457165.1|AAQBKM010000013.1|30834-33914|+|g3542,CARD,mdtC,91.4,99.9,,,aminocoumarin antibiotic,antibiotic efflux,resistance-nodulation-cell division (RND) antibiotic efflux pump
GCA_000812595.1,GCA_000812595.1|JRXC01000019.1|116033-119113|-|g2342,CARD,mdtC,91.4,99.9,,,aminocoumarin antibiotic,antibiotic efflux,resistance-nodulation-cell division (RND) antibiotic efflux pump
GCA_010716035.1,GCA_010716035.1|DAATFR010000006.1|107407-108600|+|g1803,CARD,Ecol_acrA,91.4,100.0,,,cephalosporin;disinfecting agents and antiseptics;fluoroquinolone antibiotic;glycylcycline;penicillin beta-lactam;phenicol antibiotic;rifamycin antibiotic;tetracycline antibiotic,antibiotic efflux,resistance-nodulation-cell division (RND) antibiotic efflux pump
GCA_010123345.1,GCA_010123345.1|DAAMFF010000003.1|125733-128813|-|g798,CARD,mdtC,91.4,99.9,,,aminocoumarin antibiotic,antibiotic efflux,resistance-nodulation-cell division (RND) antibiotic efflux pump
GCA_006862905.1,GCA_006862905.1|AAGLPJ010000022.1|36245-39325|+|g3486,CARD,mdtC,91.4,99.9,,,aminocoumarin antibiotic,antibiotic efflux,resistance-nodulation-cell division (RND) antibiotic efflux pump
GCA_008005965.1,GCA_008005965.1|AAJKJE010000009.1|18707-19900|+|g3657,CARD,Ecol_acrA,91.4,100.0,,,cephalosporin;disinfecting agents and antiseptics;fluoroquinolone antibiotic;glycylcycline;penicillin beta-lactam;phenicol antibiotic;rifamycin antibiotic;tetracycline antibiotic,antibiotic efflux,resistance-nodulation-cell division (RND) antibiotic efflux pump
GCA_005675415.1,GCA_005675415.1|AADNIJ010000006.1|185778-188858|+|g2616,CARD,mdtC,91.3,99.9,,,aminocoumarin antibiotic,antibiotic efflux,resistance-nodulation-cell division (RND) antibiotic efflux pump
GCA_000330625.1,GCA_000330625.1|ANOT01000050.1|106082-109162|+|g3129,CARD,mdtC,91.3,99.9,,,aminocoumarin antibiotic,antibiotic efflux,resistance-nodulation-cell division (RND) antibiotic efflux pump
GCA_010714675.1,GCA_010714675.1|DAATGB010000013.1|59295-62375|+|g2097,CARD,mdtC,91.3,99.9,,,aminocoumarin antibiotic,antibiotic efflux,resistance-nodulation-cell division (RND) antibiotic efflux pump
GCA_000258365.1,GCA_000258365.1|CP003416.1|2954436-2957516|+|g2795,CARD,mdtC,91.3,99.9,,,aminocoumarin antibiotic,antibiotic efflux,resistance-nodulation-cell division (RND) antibiotic efflux pump
GCA_008032345.1,GCA_008032345.1|AAJLMD010000001.1|965391-968471|+|g965,CARD,mdtC,91.3,99.9,,,aminocoumarin antibiotic,antibiotic efflux,resistance-nodulation-cell division (RND) antibiotic efflux pump
GCA_005675415.1,GCA_005675415.1|AADNIJ010000004.1|7552-9195|-|g1773,CARD,YojI,91.2,100.0,,,lasso peptide antibiotics;peptide antibiotic;ribosomally synthesized and post-translationally modified peptide antibiotics,antibiotic efflux,ATP-binding cassette (ABC) antibiotic efflux pump
GCA_010715595.1,GCA_010715595.1|DAATGU010000009.1|169750-171393|+|g2304,CARD,YojI,91.2,100.0,,,lasso peptide antibiotics;peptide antibiotic;ribosomally synthesized and post-translationally modified peptide antibiotics,antibiotic efflux,ATP-binding cassette (ABC) antibiotic efflux pump
GCA_010123345.1,GCA_010123345.1|DAAMFF010000018.1|84804-86447|+|g2957,CARD,YojI,91.2,100.0,,,lasso peptide antibiotics;peptide antibiotic;ribosomally synthesized and post-translationally modified peptide antibiotics,antibiotic efflux,ATP-binding cassette (ABC) antibiotic efflux pump
GCA_000330625.1,GCA_000330625.1|ANOT01000026.1|72362-74005|+|g1199,CARD,YojI,91.2,100.0,,,lasso peptide antibiotics;peptide antibiotic;ribosomally synthesized and post-translationally modified peptide antibiotics,antibiotic efflux,ATP-binding cassette (ABC) antibiotic efflux pump
GCA_008032345.1,GCA_008032345.1|AAJLMD010000006.1|372879-374522|+|g3321,CARD,YojI,91.2,100.0,,,lasso peptide antibiotics;peptide antibiotic;ribosomally synthesized and post-translationally modified peptide antibiotics,antibiotic efflux,ATP-binding cassette (ABC) antibiotic efflux pump
GCA_001448615.1,GCA_001448615.1|LHSQ01000001.1|101082-102725|+|g88,CARD,YojI,91.2,100.0,,,lasso peptide antibiotics;peptide antibiotic;ribosomally synthesized and post-translationally modified peptide antibiotics,antibiotic efflux,ATP-binding cassette (ABC) antibiotic efflux pump
GCA_008032345.1,GCA_008032345.1|AAJLMD010000003.1|309728-310405|+|g1936,CARD,kdpE,91.1,100.0,,,aminoglycoside antibiotic,antibiotic efflux,antibiotic efflux regulatory protein;kdpDE
GCA_011457165.1,GCA_011457165.1|AAQBKM010000009.1|194275-195918|+|g3046,CARD,YojI,91.0,100.0,,,lasso peptide antibiotics;peptide antibiotic;ribosomally synthesized and post-translationally modified peptide antibiotics,antibiotic efflux,ATP-binding cassette (ABC) antibiotic efflux pump
GCA_000192125.1,GCA_000192125.1|CM001153.1|2345701-2347344|-|g2302,CARD,YojI,91.0,100.0,,,lasso peptide antibiotics;peptide antibiotic;ribosomally synthesized and post-translationally modified peptide antibiotics,antibiotic efflux,ATP-binding cassette (ABC) antibiotic efflux pump
GCA_011454775.1,GCA_011454775.1|AAQBFY010000004.1|275339-276982|+|g2807,CARD,YojI,91.0,100.0,,,lasso peptide antibiotics;peptide antibiotic;ribosomally synthesized and post-translationally modified peptide antibiotics,antibiotic efflux,ATP-binding cassette (ABC) antibiotic efflux pump
GCA_006862905.1,GCA_006862905.1|AAGLPJ010000003.1|762-2405|-|g717,CARD,YojI,91.0,100.0,,,lasso peptide antibiotics;peptide antibiotic;ribosomally synthesized and post-translationally modified peptide antibiotics,antibiotic efflux,ATP-binding cassette (ABC) antibiotic efflux pump
GCA_010714675.1,GCA_010714675.1|DAATGB010000007.1|163087-164730|+|g1360,CARD,YojI,91.0,100.0,,,lasso peptide antibiotics;peptide antibiotic;ribosomally synthesized and post-translationally modified peptide antibiotics,antibiotic efflux,ATP-binding cassette (ABC) antibiotic efflux pump
GCA_008005965.1,GCA_008005965.1|AAJKJE010000005.1|7103-8746|-|g2537,CARD,YojI,91.0,100.0,,,lasso peptide antibiotics;peptide antibiotic;ribosomally synthesized and post-translationally modified peptide antibiotics,antibiotic efflux,ATP-binding cassette (ABC) antibiotic efflux pump
GCA_010716035.1,GCA_010716035.1|DAATFR010000022.1|64578-66221|+|g3954,CARD,YojI,91.0,100.0,,,lasso peptide antibiotics;peptide antibiotic;ribosomally synthesized and post-translationally modified peptide antibiotics,antibiotic efflux,ATP-binding cassette (ABC) antibiotic efflux pump
GCA_000329025.1,GCA_000329025.1|ALFF01000025.1|86478-88121|+|g778,CARD,YojI,91.0,100.0,,,lasso peptide antibiotics;peptide antibiotic;ribosomally synthesized and post-translationally modified peptide antibiotics,antibiotic efflux,ATP-binding cassette (ABC) antibiotic efflux pump
GCA_000812595.1,GCA_000812595.1|JRXC01000011.1|7565-9208|-|g625,CARD,YojI,91.0,100.0,,,lasso peptide antibiotics;peptide antibiotic;ribosomally synthesized and post-translationally modified peptide antibiotics,antibiotic efflux,ATP-binding cassette (ABC) antibiotic efflux pump
GCA_000258365.1,GCA_000258365.1|CP003416.1|3096420-3098063|-|g2933,CARD,YojI,91.0,100.0,,,lasso peptide antibiotics;peptide antibiotic;ribosomally synthesized and post-translationally modified peptide antibiotics,antibiotic efflux,ATP-binding cassette (ABC) antibiotic efflux pump
GCA_000474395.1,GCA_000474395.1|AUQU01000056.1|267622-269265|+|g4226,CARD,YojI,90.9,100.0,,,lasso peptide antibiotics;peptide antibiotic;ribosomally synthesized and post-translationally modified peptide antibiotics,antibiotic efflux,ATP-binding cassette (ABC) antibiotic efflux pump
GCA_010123015.1,GCA_010123015.1|DAAMFD010000011.1|169547-171190|+|g2569,CARD,YojI,90.9,100.0,,,lasso peptide antibiotics;peptide antibiotic;ribosomally synthesized and post-translationally modified peptide antibiotics,antibiotic efflux,ATP-binding cassette (ABC) antibiotic efflux pump
GCA_000329025.1,GCA_000329025.1|ALFF01000114.1|49211-50188|+|g4379,CARD,mdtH,90.8,80.8,,,fluoroquinolone antibiotic,antibiotic efflux,major facilitator superfamily (MFS) antibiotic efflux pump
GCA_010716035.1,GCA_010716035.1|DAATFR010000016.1|6860-8032|-|g3414,CARD,emrA,90.3,100.0,,,fluoroquinolone antibiotic,antibiotic efflux,major facilitator superfamily (MFS) antibiotic efflux pump
GCA_000258365.1,GCA_000258365.1|CP003416.1|2952507-2954435|+|g2794,CARD,mdtB,90.2,61.7,,,aminocoumarin antibiotic,antibiotic efflux,resistance-nodulation-cell division (RND) antibiotic efflux pump
GCA_010123345.1,GCA_010123345.1|DAAMFF010000027.1|50145-51317|+|g3595,CARD,emrA,90.0,100.0,,,fluoroquinolone antibiotic,antibiotic efflux,major facilitator superfamily (MFS) antibiotic efflux pump
GCA_000330625.1,GCA_000330625.1|ANOT01000058.1|117270-118442|-|g4240,CARD,emrA,90.0,100.0,,,fluoroquinolone antibiotic,antibiotic efflux,major facilitator superfamily (MFS) antibiotic efflux pump
GCA_006862905.1,GCA_006862905.1|AAGLPJ010000007.1|92420-93592|+|g1870,CARD,emrA,90.0,100.0,,,fluoroquinolone antibiotic,antibiotic efflux,major facilitator superfamily (MFS) antibiotic efflux pump
GCA_005675415.1,GCA_005675415.1|AADNIJ010000002.1|121392-122564|+|g989,CARD,emrA,90.0,100.0,,,fluoroquinolone antibiotic,antibiotic efflux,major facilitator superfamily (MFS) antibiotic efflux pump
