strain,query,database,gene,identity_%,coverage_%,category,product,drug,mech,family
GCA_011457165.1,GCA_011457165.1|AAQBKM010000005.1|346781-347209|+|g2222,VFDB,gb|NP_460368,100.0,98.6,Effector delivery system,(sscB) chaperone for sseF,,,
GCA_011457165.1,GCA_011457165.1|AAQBKM010000005.1|342345-342587|+|g2215,VFDB,gb|NP_460361,100.0,100.0,Effector delivery system,(ssaE) chaperone for sseB,,,
GCA_011457165.1,GCA_011457165.1|AAQBKM010000005.1|335417-336055|-|g2210,VFDB,gb|NP_460356,100.0,100.0,Effector delivery system,(ssrB) DNA-binding response regulator,,,
GCA_011457165.1,GCA_011457165.1|AAQBKM010000005.1|194410-195219|-|g2068,VFDB,gb|WP_001529135,100.0,100.0,Exotoxin,(cdtB) cytolethal distending toxin B,,,
GCA_000192125.1,GCA_000192125.1|CM001153.1|1327234-1327956|+|g1272,VFDB,gb|NP_460811,100.0,100.0,Effector delivery system,"(sopE2) type III secretion system effector SopE2, guanine nucleotide exchange factor",,,
GCA_000192125.1,GCA_000192125.1|CM001153.1|1298147-1298680|-|g1238,VFDB,gb|NP_460019,100.0,100.0,Stress survival,(sodCI) Gifsy-2 prophage: superoxide dismutase precursor (Cu-Zn),,,
GCA_011457165.1,GCA_011457165.1|AAQBKM010000005.1|176361-177035|-|g2046,VFDB,gb|NP_460201,100.0,100.0,Regulation,(phoP) response regulator in two-component regulatory system with PhoQ,,,
GCA_011457165.1,GCA_011457165.1|AAQBKM010000005.1|174898-176361|-|g2045,VFDB,gb|NP_460200,100.0,100.0,Regulation,(phoQ) sensor protein PhoQ,,,
GCA_011457165.1,GCA_011457165.1|AAQBKM010000005.1|84800-85126|+|g1956,VFDB,gb|NP_460116,100.0,100.0,Adherence,(csgC) curli assembly protein CsgC,,,
GCA_011457165.1,GCA_011457165.1|AAQBKM010000005.1|84283-84738|+|g1955,VFDB,gb|NP_460115,100.0,100.0,Adherence,(csgA) curlin major subunit CsgA,,,
GCA_011457165.1,GCA_011457165.1|AAQBKM010000005.1|82381-83031|-|g1953,VFDB,gb|NP_460113,100.0,100.0,Adherence,(csgD) DNA-binding transcriptional regulator CsgD,,,
GCA_011457165.1,GCA_011457165.1|AAQBKM010000005.1|80678-81511|-|g1950,VFDB,gb|NP_460110,100.0,100.0,Adherence,(csgG) curli production assembly/transport protein CsgG,,,
GCA_011457165.1,GCA_011457165.1|AAQBKM010000004.1|390076-390291|-|g1871,VFDB,gb|NP_460371,100.0,100.0,Effector delivery system,(ssaG) type III secretion system needle filament protein SsaG,,,
GCA_011457165.1,GCA_011457165.1|AAQBKM010000004.1|389808-390098|-|g1870,VFDB,gb|NP_460372,100.0,78.1,Effector delivery system,(ssaH) type III secretion system protein SsaH,,,
GCA_011457165.1,GCA_011457165.1|AAQBKM010000004.1|382095-382469|-|g1860,VFDB,gb|NP_460382,100.0,100.0,Effector delivery system,(ssaP) type III secretion system needle length regulator SsaP,,,
GCA_011457165.1,GCA_011457165.1|AAQBKM010000004.1|380431-381078|-|g1858,VFDB,gb|NP_460384,100.0,100.0,Effector delivery system,(ssaR) type III secretion system minor export apparatus protein SsaR,,,
GCA_011457165.1,GCA_011457165.1|AAQBKM010000004.1|380168-380434|-|g1857,VFDB,gb|NP_460385,100.0,100.0,Effector delivery system,(ssaS) type III secretion system minor export apparatus protein SsaS,,,
GCA_000192125.1,GCA_000192125.1|CM001153.1|1778779-1779042|-|g1724,VFDB,gb|NP_460373,100.0,94.3,Effector delivery system,(ssaI) type III secretion system inner rod protein SsaI,,,
GCA_000192125.1,GCA_000192125.1|CM001153.1|1771687-1772064|-|g1716,VFDB,gb|NP_460381,100.0,100.0,Effector delivery system,(ssaO) type III secretion system stalk protein SsaO,,,
GCA_000192125.1,GCA_000192125.1|CM001153.1|1771332-1771706|-|g1715,VFDB,gb|NP_460382,100.0,100.0,Effector delivery system,(ssaP) type III secretion system needle length regulator SsaP,,,
GCA_011457165.1,GCA_011457165.1|AAQBKM010000003.1|236097-237089|-|g1294,VFDB,gb|NP_461845,100.0,100.0,Regulation,(rpoS) RNA polymerase sigma factor RpoS,,,
GCA_011457165.1,GCA_011457165.1|AAQBKM010000003.1|209411-210529|-|g1265,VFDB,gb|NP_461818,100.0,100.0,Effector delivery system,(invE) type III secretion system gatekeeper invE,,,
GCA_011457165.1,GCA_011457165.1|AAQBKM010000003.1|207329-209386|-|g1264,VFDB,gb|NP_461817,100.0,100.0,Effector delivery system,(invA) type III secretion system major export apparatus protein InvA,,,
GCA_011457165.1,GCA_011457165.1|AAQBKM010000003.1|206898-207305|-|g1263,VFDB,gb|NP_461816,100.0,100.0,Effector delivery system,(invB) type III secretion system protein InvB,,,
GCA_011457165.1,GCA_011457165.1|AAQBKM010000003.1|205606-206901|-|g1262,VFDB,gb|NP_461815,100.0,100.0,Effector delivery system,(invC/sctN) type III secretion system ATPase InvC,,,
GCA_011457165.1,GCA_011457165.1|AAQBKM010000003.1|202600-203274|-|g1258,VFDB,gb|NP_461811,100.0,100.0,Effector delivery system,(spaP) type III secretion system minor export apparatus protein SpaP,,,
GCA_011457165.1,GCA_011457165.1|AAQBKM010000003.1|202314-202574|-|g1257,VFDB,gb|NP_461810,100.0,100.0,Effector delivery system,(spaQ) type III secretion system minor export apparatus protein SpaQ,,,
GCA_011457165.1,GCA_011457165.1|AAQBKM010000003.1|201519-202310|-|g1256,VFDB,gb|NP_461809,100.0,100.0,Effector delivery system,(spaR) type III secretion system minor export apparatus protein SpaR,,,
GCA_011457165.1,GCA_011457165.1|AAQBKM010000003.1|200462-201532|-|g1255,VFDB,gb|NP_461808,100.0,100.0,Effector delivery system,(spaS) type III secretion system export apparatus switch protein SpaS,,,
GCA_011457165.1,GCA_011457165.1|AAQBKM010000003.1|199827-200324|-|g1254,VFDB,gb|NP_461807,100.0,100.0,Effector delivery system,(sicA) chaparone for SipC and SipB,,,
GCA_011457165.1,GCA_011457165.1|AAQBKM010000003.1|188794-190455|+|g1244,VFDB,gb|NP_461797,100.0,100.0,Effector delivery system,(hilA) transcriptional regulator,,,
GCA_011457165.1,GCA_011457165.1|AAQBKM010000003.1|186775-187704|+|g1243,VFDB,gb|NP_461796,100.0,100.0,Effector delivery system,(hilD) AraC family transcriptional regulator,,,
GCA_011457165.1,GCA_011457165.1|AAQBKM010000003.1|185014-185256|-|g1241,VFDB,gb|NP_461794,100.0,100.0,Effector delivery system,(prgI) type III secretion system needle filament protein PrgI,,,
GCA_011457165.1,GCA_011457165.1|AAQBKM010000003.1|184690-184995|-|g1240,VFDB,gb|NP_461793,100.0,100.0,Effector delivery system,(prgJ) type III secretion system inner rod protein PrgJ,,,
GCA_011457165.1,GCA_011457165.1|AAQBKM010000003.1|183935-184693|-|g1239,VFDB,gb|NP_461792,100.0,100.0,Effector delivery system,(prgK) type III secretion system inner MS ring protein PrgK,,,
GCA_000192125.1,GCA_000192125.1|CM001153.1|1781586-1782002|-|g1730,VFDB,gb|NP_460367,100.0,100.0,Effector delivery system,(sseE) type III secretion system effector SseE,,,
GCA_000192125.1,GCA_000192125.1|CM001153.1|1781100-1781528|-|g1729,VFDB,gb|NP_460368,100.0,98.6,Effector delivery system,(sscB) chaperone for sseF,,,
GCA_000192125.1,GCA_000192125.1|CM001153.1|1779307-1779522|-|g1726,VFDB,gb|NP_460371,100.0,100.0,Effector delivery system,(ssaG) type III secretion system needle filament protein SsaG,,,
GCA_000192125.1,GCA_000192125.1|CM001153.1|1779039-1779329|-|g1725,VFDB,gb|NP_460372,100.0,78.1,Effector delivery system,(ssaH) type III secretion system protein SsaH,,,
GCA_011457165.1,GCA_011457165.1|AAQBKM010000002.1|269941-270393|+|g762,VFDB,gb|NP_459678,100.0,100.0,Regulation,(fur) ferric iron uptake transcriptional regulator,,,
GCA_011454775.1,GCA_011454775.1|AAQBFY010000017.1|18013-19023|-|g4355,VFDB,gb|NP_463026,100.0,100.0,Effector delivery system,"(sseK1) type III secretion system effector SseK1, Arginine N-Glycosyltransferase",,,
GCA_011454775.1,GCA_011454775.1|AAQBFY010000015.1|50753-51055|+|g4297,VFDB,gb|NP_490511,100.0,100.0,Adherence,(pefB) plasmid-encoded fimbriae regulatory protein PefB,,,
GCA_011454775.1,GCA_011454775.1|AAQBFY010000015.1|37851-38576|+|g4280,VFDB,gb|NP_490528,100.0,100.0,Effector delivery system,"(spvC) type III secretion system effector SpvC, phosphothreonine lyase",,,
GCA_011454775.1,GCA_011454775.1|AAQBFY010000015.1|35795-37570|+|g4279,VFDB,gb|NP_490529,100.0,100.0,Effector delivery system,"(spvB) type III secretion system effector SpvB, ADP-ribosylation activity",,,
GCA_011454775.1,GCA_011454775.1|AAQBFY010000015.1|27494-28234|+|g4269,VFDB,gb|NP_490536,100.0,100.0,Antimicrobial activity/Competitive advantage,(mig-5) putative carbonic anhydrase,,,
GCA_011454775.1,GCA_011454775.1|AAQBFY010000011.1|97231-99111|+|g4016,VFDB,gb|NP_461452,100.0,85.8,Adherence,(sinH) intimin-like protein,,,
GCA_011454775.1,GCA_011454775.1|AAQBFY010000006.1|186716-187795|+|g3246,VFDB,gb|NP_463156.1,100.0,99.2,Regulation,(pmrB) sensory kinase PmrB,,,
GCA_011454775.1,GCA_011454775.1|AAQBFY010000006.1|186047-186715|+|g3245,VFDB,gb|NP_463157.1,100.0,100.0,Regulation,(pmrA) response regulator PmrA,,,
GCA_011454775.1,GCA_011454775.1|AAQBFY010000005.1|59962-60489|+|g2873,VFDB,gb|NP_462537,100.0,100.0,Adherence,"(lpfE) long polar fimbrial minor subunit LpfE, adhesin",,,
GCA_011454775.1,GCA_011454775.1|AAQBFY010000005.1|55610-56308|+|g2870,VFDB,gb|NP_462540,100.0,100.0,Adherence,(lpfB) long polar fimbrial chaperone protein LpfB,,,
GCA_011454775.1,GCA_011454775.1|AAQBFY010000005.1|55001-55525|+|g2869,VFDB,gb|NP_462541,100.0,97.8,Adherence,(lpfA) long polar fimbria protein LpfA,,,
GCA_000192125.1,GCA_000192125.1|CM001153.1|2042578-2043411|+|g2005,VFDB,gb|NP_460110,100.0,100.0,Adherence,(csgG) curli production assembly/transport protein CsgG,,,
GCA_000192125.1,GCA_000192125.1|CM001153.1|2041058-2041708|+|g2002,VFDB,gb|NP_460113,100.0,100.0,Adherence,(csgD) DNA-binding transcriptional regulator CsgD,,,
GCA_000192125.1,GCA_000192125.1|CM001153.1|2039351-2039806|-|g2000,VFDB,gb|NP_460115,100.0,100.0,Adherence,(csgA) curlin major subunit CsgA,,,
GCA_000192125.1,GCA_000192125.1|CM001153.1|2038963-2039289|-|g1999,VFDB,gb|NP_460116,100.0,100.0,Adherence,(csgC) curli assembly protein CsgC,,,
GCA_000192125.1,GCA_000192125.1|CM001153.1|1952782-1954245|+|g1911,VFDB,gb|NP_460200,100.0,100.0,Regulation,(phoQ) sensor protein PhoQ,,,
GCA_000192125.1,GCA_000192125.1|CM001153.1|1792193-1792831|+|g1741,VFDB,gb|NP_460356,100.0,100.0,Effector delivery system,(ssrB) DNA-binding response regulator,,,
GCA_011454775.1,GCA_011454775.1|AAQBFY010000003.1|477045-477563|-|g2547,VFDB,gb|NP_459286,100.0,99.4,Effector delivery system,"(tlde1) type VI secretion system effector tlde1, L,D-transpeptidase",,,
GCA_011454775.1,GCA_011454775.1|AAQBFY010000003.1|459210-459929|+|g2530,VFDB,gb|NP_459304,100.0,100.0,Invasion,(pagN) outer membrane adhesin/invasin protein,,,
GCA_011454775.1,GCA_011454775.1|AAQBFY010000003.1|198993-199625|+|g2287,VFDB,gb|NP_459544,100.0,100.0,Adherence,(fimZ) DNA-binding response regulator,,,
GCA_011454775.1,GCA_011454775.1|AAQBFY010000002.1|657356-668830|-|g2076,VFDB,gb|WP_001237694.1,100.0,100.0,Adherence,(bapA) biofilm-associated protein BapA,,,
GCA_011454775.1,GCA_011454775.1|AAQBFY010000002.1|552001-552756|+|g1976,VFDB,gb|NP_461787,100.0,100.0,Effector delivery system,(sprB) transcriptional regulator,,,
GCA_011454775.1,GCA_011454775.1|AAQBFY010000002.1|549255-549935|+|g1973,VFDB,gb|NP_461790,100.0,100.0,Effector delivery system,(orgB/SctL) type III secretion system stator OrgB,,,
GCA_011454775.1,GCA_011454775.1|AAQBFY010000002.1|548720-549298|+|g1972,VFDB,gb|NP_461791,100.0,96.5,Effector delivery system,(orgA/sctK) type III secretion system accessory cytosolic protein OrgA,,,
GCA_011454775.1,GCA_011454775.1|AAQBFY010000002.1|547969-548727|+|g1971,VFDB,gb|NP_461792,100.0,100.0,Effector delivery system,(prgK) type III secretion system inner MS ring protein PrgK,,,
GCA_011454775.1,GCA_011454775.1|AAQBFY010000002.1|547667-547972|+|g1970,VFDB,gb|NP_461793,100.0,100.0,Effector delivery system,(prgJ) type III secretion system inner rod protein PrgJ,,,
GCA_011454775.1,GCA_011454775.1|AAQBFY010000002.1|547406-547648|+|g1969,VFDB,gb|NP_461794,100.0,100.0,Effector delivery system,(prgI) type III secretion system needle filament protein PrgI,,,
GCA_011454775.1,GCA_011454775.1|AAQBFY010000002.1|544958-545887|-|g1967,VFDB,gb|NP_461796,100.0,100.0,Effector delivery system,(hilD) AraC family transcriptional regulator,,,
GCA_011454775.1,GCA_011454775.1|AAQBFY010000002.1|542205-543866|-|g1966,VFDB,gb|NP_461797,100.0,100.0,Effector delivery system,(hilA) transcriptional regulator,,,
GCA_000192125.1,GCA_000192125.1|CM001153.1|2895320-2896981|+|g2791,VFDB,gb|NP_461797,100.0,100.0,Effector delivery system,(hilA) transcriptional regulator,,,
GCA_000192125.1,GCA_000192125.1|CM001153.1|2893300-2894229|+|g2790,VFDB,gb|NP_461796,100.0,100.0,Effector delivery system,(hilD) AraC family transcriptional regulator,,,
GCA_000192125.1,GCA_000192125.1|CM001153.1|2891539-2891781|-|g2788,VFDB,gb|NP_461794,100.0,100.0,Effector delivery system,(prgI) type III secretion system needle filament protein PrgI,,,
GCA_000192125.1,GCA_000192125.1|CM001153.1|2891215-2891520|-|g2787,VFDB,gb|NP_461793,100.0,100.0,Effector delivery system,(prgJ) type III secretion system inner rod protein PrgJ,,,
GCA_000192125.1,GCA_000192125.1|CM001153.1|2890460-2891218|-|g2786,VFDB,gb|NP_461792,100.0,100.0,Effector delivery system,(prgK) type III secretion system inner MS ring protein PrgK,,,
GCA_000192125.1,GCA_000192125.1|CM001153.1|2889889-2890467|-|g2785,VFDB,gb|NP_461791,100.0,96.5,Effector delivery system,(orgA/sctK) type III secretion system accessory cytosolic protein OrgA,,,
GCA_000192125.1,GCA_000192125.1|CM001153.1|2889252-2889932|-|g2784,VFDB,gb|NP_461790,100.0,100.0,Effector delivery system,(orgB/SctL) type III secretion system stator OrgB,,,
GCA_000192125.1,GCA_000192125.1|CM001153.1|2886431-2887186|-|g2781,VFDB,gb|NP_461787,100.0,100.0,Effector delivery system,(sprB) transcriptional regulator,,,
GCA_011454775.1,GCA_011454775.1|AAQBFY010000002.1|534636-535865|+|g1958,VFDB,gb|NP_461805,100.0,100.0,Effector delivery system,"(sipC/sspC) type III secretion system hydrophilic translocator, pore protein SipC",,,
GCA_011454775.1,GCA_011454775.1|AAQBFY010000002.1|532827-534608|+|g1957,VFDB,gb|NP_461806,100.0,100.0,Effector delivery system,"(sipB/sspB) type III secretion system hydrophilic translocator, pore protein SipB (Salmonella invasion protein B)",,,
GCA_011454775.1,GCA_011454775.1|AAQBFY010000002.1|532327-532824|+|g1956,VFDB,gb|NP_461807,100.0,100.0,Effector delivery system,(sicA) chaparone for SipC and SipB,,,
GCA_011454775.1,GCA_011454775.1|AAQBFY010000002.1|531119-532189|+|g1955,VFDB,gb|NP_461808,100.0,100.0,Effector delivery system,(spaS) type III secretion system export apparatus switch protein SpaS,,,
GCA_011454775.1,GCA_011454775.1|AAQBFY010000002.1|530077-530337|+|g1953,VFDB,gb|NP_461810,100.0,100.0,Effector delivery system,(spaQ) type III secretion system minor export apparatus protein SpaQ,,,
GCA_011454775.1,GCA_011454775.1|AAQBFY010000002.1|529377-530051|+|g1952,VFDB,gb|NP_461811,100.0,100.0,Effector delivery system,(spaP) type III secretion system minor export apparatus protein SpaP,,,
GCA_011454775.1,GCA_011454775.1|AAQBFY010000002.1|527023-527466|+|g1949,VFDB,gb|NP_461814,100.0,100.0,Effector delivery system,(invI) type III secretion system stalk protein InvI,,,
GCA_011454775.1,GCA_011454775.1|AAQBFY010000002.1|525750-527045|+|g1948,VFDB,gb|NP_461815,100.0,100.0,Effector delivery system,(invC/sctN) type III secretion system ATPase InvC,,,
GCA_000192125.1,GCA_000192125.1|CM001153.1|2912141-2913436|-|g2809,VFDB,gb|NP_461815,100.0,100.0,Effector delivery system,(invC/sctN) type III secretion system ATPase InvC,,,
GCA_000192125.1,GCA_000192125.1|CM001153.1|2911720-2912163|-|g2808,VFDB,gb|NP_461814,100.0,100.0,Effector delivery system,(invI) type III secretion system stalk protein InvI,,,
GCA_000192125.1,GCA_000192125.1|CM001153.1|2909135-2909809|-|g2805,VFDB,gb|NP_461811,100.0,100.0,Effector delivery system,(spaP) type III secretion system minor export apparatus protein SpaP,,,
GCA_000192125.1,GCA_000192125.1|CM001153.1|2908849-2909109|-|g2804,VFDB,gb|NP_461810,100.0,100.0,Effector delivery system,(spaQ) type III secretion system minor export apparatus protein SpaQ,,,
GCA_000192125.1,GCA_000192125.1|CM001153.1|2906997-2908067|-|g2802,VFDB,gb|NP_461808,100.0,100.0,Effector delivery system,(spaS) type III secretion system export apparatus switch protein SpaS,,,
GCA_000192125.1,GCA_000192125.1|CM001153.1|2906362-2906859|-|g2801,VFDB,gb|NP_461807,100.0,100.0,Effector delivery system,(sicA) chaparone for SipC and SipB,,,
GCA_000192125.1,GCA_000192125.1|CM001153.1|2904578-2906359|-|g2800,VFDB,gb|NP_461806,100.0,100.0,Effector delivery system,"(sipB/sspB) type III secretion system hydrophilic translocator, pore protein SipB (Salmonella invasion protein B)",,,
GCA_000192125.1,GCA_000192125.1|CM001153.1|2903321-2904550|-|g2799,VFDB,gb|NP_461805,100.0,100.0,Effector delivery system,"(sipC/sspC) type III secretion system hydrophilic translocator, pore protein SipC",,,
GCA_000192125.1,GCA_000192125.1|CM001153.1|2899153-2899545|-|g2794,VFDB,gb|NP_461800,100.0,100.0,Effector delivery system,(sicP) chaparone for SptP,,,
GCA_011454775.1,GCA_011454775.1|AAQBFY010000002.1|525346-525753|+|g1947,VFDB,gb|NP_461816,100.0,100.0,Effector delivery system,(invB) type III secretion system protein InvB,,,
GCA_011454775.1,GCA_011454775.1|AAQBFY010000002.1|523265-525322|+|g1946,VFDB,gb|NP_461817,100.0,100.0,Effector delivery system,(invA) type III secretion system major export apparatus protein InvA,,,
GCA_011454775.1,GCA_011454775.1|AAQBFY010000002.1|522122-523240|+|g1945,VFDB,gb|NP_461818,100.0,100.0,Effector delivery system,(invE) type III secretion system gatekeeper invE,,,
GCA_011454775.1,GCA_011454775.1|AAQBFY010000002.1|520437-522125|+|g1944,VFDB,gb|NP_461819,100.0,100.0,Effector delivery system,(invG) type III secretion system secretin invG,,,
GCA_011454775.1,GCA_011454775.1|AAQBFY010000002.1|519691-520440|+|g1943,VFDB,gb|NP_461820,100.0,86.7,Effector delivery system,(invF) type III secretion system regulatory protein InvF,,,
GCA_011454775.1,GCA_011454775.1|AAQBFY010000002.1|497137-498129|+|g1920,VFDB,gb|NP_461845,100.0,100.0,Regulation,(rpoS) RNA polymerase sigma factor RpoS,,,
GCA_011454775.1,GCA_011454775.1|AAQBFY010000001.1|1250038-1250724|+|g1246,VFDB,gb|NP_460029.1,100.0,100.0,Effector delivery system,"(gtgE) type III secretion system effector GtgE (Gifsy-2 gene E), cysteine protease",,,
GCA_000192125.1,GCA_000192125.1|CM001153.1|3990312-3991010|+|g3820,VFDB,gb|NP_462540,100.0,100.0,Adherence,(lpfB) long polar fimbrial chaperone protein LpfB,,,
GCA_000192125.1,GCA_000192125.1|CM001153.1|2918746-2919495|-|g2814,VFDB,gb|NP_461820,100.0,86.7,Effector delivery system,(invF) type III secretion system regulatory protein InvF,,,
GCA_000192125.1,GCA_000192125.1|CM001153.1|2915946-2917064|-|g2812,VFDB,gb|NP_461818,100.0,100.0,Effector delivery system,(invE) type III secretion system gatekeeper invE,,,
GCA_011454775.1,GCA_011454775.1|AAQBFY010000001.1|1032846-1033379|+|g1021,VFDB,gb|NP_460019,100.0,100.0,Stress survival,(sodCI) Gifsy-2 prophage: superoxide dismutase precursor (Cu-Zn),,,
GCA_011454775.1,GCA_011454775.1|AAQBFY010000001.1|541295-541561|+|g541,VFDB,gb|NP_460385,100.0,100.0,Effector delivery system,(ssaS) type III secretion system minor export apparatus protein SsaS,,,
GCA_011454775.1,GCA_011454775.1|AAQBFY010000001.1|539260-539634|+|g538,VFDB,gb|NP_460382,100.0,100.0,Effector delivery system,(ssaP) type III secretion system needle length regulator SsaP,,,
GCA_011454775.1,GCA_011454775.1|AAQBFY010000001.1|535563-537608|+|g535,VFDB,gb|NP_460379,100.0,100.0,Effector delivery system,(ssaV) type III secretion system major export apparatus protein ssaV,,,
GCA_011454775.1,GCA_011454775.1|AAQBFY010000001.1|535210-535578|+|g534,VFDB,gb|NP_460378,100.0,100.0,Effector delivery system,(ssaM) type III secretion system protein SsaM,,,
GCA_011454775.1,GCA_011454775.1|AAQBFY010000001.1|531924-532187|+|g529,VFDB,gb|NP_460373,100.0,94.3,Effector delivery system,(ssaI) type III secretion system inner rod protein SsaI,,,
GCA_011454775.1,GCA_011454775.1|AAQBFY010000001.1|531637-531927|+|g528,VFDB,gb|NP_460372,100.0,78.1,Effector delivery system,(ssaH) type III secretion system protein SsaH,,,
GCA_011454775.1,GCA_011454775.1|AAQBFY010000001.1|531444-531659|+|g527,VFDB,gb|NP_460371,100.0,100.0,Effector delivery system,(ssaG) type III secretion system needle filament protein SsaG,,,
GCA_011454775.1,GCA_011454775.1|AAQBFY010000001.1|529438-529866|+|g524,VFDB,gb|NP_460368,100.0,98.6,Effector delivery system,(sscB) chaperone for sseF,,,
GCA_011454775.1,GCA_011454775.1|AAQBFY010000001.1|528964-529380|+|g523,VFDB,gb|NP_460367,100.0,100.0,Effector delivery system,(sseE) type III secretion system effector SseE,,,
GCA_011454775.1,GCA_011454775.1|AAQBFY010000001.1|528374-528961|+|g522,VFDB,gb|NP_460366,100.0,100.0,Effector delivery system,"(sseD) type III secretion system hydrophilic translocator, pore protein SseD",,,
GCA_011454775.1,GCA_011454775.1|AAQBFY010000001.1|525841-526431|+|g519,VFDB,gb|NP_460363,100.0,100.0,Effector delivery system,(sseB) type III secretion system effector SseB,,,
GCA_011454775.1,GCA_011454775.1|AAQBFY010000001.1|525063-525305|+|g517,VFDB,gb|NP_460361,100.0,100.0,Effector delivery system,(ssaE) chaperone for sseB,,,
GCA_011454775.1,GCA_011454775.1|AAQBFY010000001.1|518135-518773|-|g512,VFDB,gb|NP_460356,100.0,100.0,Effector delivery system,(ssrB) DNA-binding response regulator,,,
GCA_000258365.1,GCA_000258365.1|CP003416.1|434676-435344|-|g376,VFDB,gb|NP_463157.1,100.0,100.0,Regulation,(pmrA) response regulator PmrA,,,
GCA_000258365.1,GCA_000258365.1|CP003416.1|433596-434675|-|g375,VFDB,gb|NP_463156.1,100.0,99.2,Regulation,(pmrB) sensory kinase PmrB,,,
GCA_000192125.1,GCA_000192125.1|CM001154.1|12051-12791|+|g4481,VFDB,gb|NP_490536,100.0,100.0,Antimicrobial activity/Competitive advantage,(mig-5) putative carbonic anhydrase,,,
GCA_000192125.1,GCA_000192125.1|CM001153.1|4368857-4369525|-|g4169,VFDB,gb|NP_463157.1,100.0,100.0,Regulation,(pmrA) response regulator PmrA,,,
GCA_000192125.1,GCA_000192125.1|CM001153.1|4367777-4368856|-|g4168,VFDB,gb|NP_463156.1,100.0,99.2,Regulation,(pmrB) sensory kinase PmrB,,,
GCA_011454775.1,GCA_011454775.1|AAQBFY010000001.1|353674-354348|-|g351,VFDB,gb|NP_460201,100.0,100.0,Regulation,(phoP) response regulator in two-component regulatory system with PhoQ,,,
GCA_011454775.1,GCA_011454775.1|AAQBFY010000001.1|352211-353674|-|g350,VFDB,gb|NP_460200,100.0,100.0,Regulation,(phoQ) sensor protein PhoQ,,,
GCA_011454775.1,GCA_011454775.1|AAQBFY010000001.1|267146-267472|+|g265,VFDB,gb|NP_460116,100.0,100.0,Adherence,(csgC) curli assembly protein CsgC,,,
GCA_011454775.1,GCA_011454775.1|AAQBFY010000001.1|266629-267084|+|g264,VFDB,gb|NP_460115,100.0,100.0,Adherence,(csgA) curlin major subunit CsgA,,,
GCA_011454775.1,GCA_011454775.1|AAQBFY010000001.1|266132-266587|+|g263,VFDB,gb|NP_460114,100.0,100.0,Adherence,"(csgB) minor curlin subunit precursor, curli nucleator protein CsgB",,,
GCA_011454775.1,GCA_011454775.1|AAQBFY010000001.1|264727-265377|-|g262,VFDB,gb|NP_460113,100.0,100.0,Adherence,(csgD) DNA-binding transcriptional regulator CsgD,,,
GCA_011454775.1,GCA_011454775.1|AAQBFY010000001.1|264327-264722|-|g261,VFDB,gb|NP_460112,100.0,100.0,Adherence,(csgE) curli production assembly/transport protein CsgE,,,
GCA_011454775.1,GCA_011454775.1|AAQBFY010000001.1|263884-264300|-|g260,VFDB,gb|NP_460111,100.0,100.0,Adherence,(csgF) curli production assembly/transport protein CsgF,,,
GCA_011454775.1,GCA_011454775.1|AAQBFY010000001.1|263024-263857|-|g259,VFDB,gb|NP_460110,100.0,100.0,Adherence,(csgG) curli production assembly/transport protein CsgG,,,
GCA_000258365.1,GCA_000258365.1|CP003416.1|1092584-1093303|-|g966,VFDB,gb|NP_459304,100.0,100.0,Invasion,(pagN) outer membrane adhesin/invasin protein,,,
GCA_000258365.1,GCA_000258365.1|CP003416.1|1072666-1073187|+|g948,VFDB,gb|NP_459286,100.0,100.0,Effector delivery system,"(tlde1) type VI secretion system effector tlde1, L,D-transpeptidase",,,
GCA_000258365.1,GCA_000258365.1|CP003416.1|1066113-1066469|+|g942,VFDB,gb|NP_459282,100.0,82.5,Effector delivery system,(STM0284) putative shiga-like toxin A subunit,,,
GCA_000258365.1,GCA_000258365.1|CP003416.1|1062413-1063756|+|g939,VFDB,gb|NP_459279,100.0,100.0,Effector delivery system,(tssK) type VI secretion system-associated protein,,,
GCA_000258365.1,GCA_000258365.1|CP003416.1|1061320-1061805|+|g937,VFDB,gb|NP_459277,100.0,100.0,Effector delivery system,(STM0279) Hcp1 family type VI secretion system effector,,,
GCA_000258365.1,GCA_000258365.1|CP003416.1|1059536-1060021|+|g934,VFDB,gb|NP_459274,100.0,100.0,Effector delivery system,(STM0276) Hcp1 family type VI secretion system effector,,,
GCA_010716035.1,GCA_010716035.1|DAATFR010000036.1|504-950|+|g4465,VFDB,gb|NP_459288,100.0,100.0,Effector delivery system,(STM0290) hypothetical protein,,,
GCA_010716035.1,GCA_010716035.1|DAATFR010000029.1|23710-25593|+|g4318,VFDB,gb|NP_459265,100.0,100.0,Effector delivery system,(STM0268) type VI secretion protein,,,
GCA_010716035.1,GCA_010716035.1|DAATFR010000029.1|23200-23694|+|g4317,VFDB,gb|NP_459266,100.0,100.0,Effector delivery system,(STM0269) hypothetical protein,,,
GCA_010716035.1,GCA_010716035.1|DAATFR010000029.1|14938-15423|-|g4310,VFDB,gb|NP_459274,100.0,100.0,Effector delivery system,(STM0276) Hcp1 family type VI secretion system effector,,,
GCA_010716035.1,GCA_010716035.1|DAATFR010000029.1|14149-14634|-|g4309,VFDB,gb|NP_459275,100.0,100.0,Effector delivery system,"(tae4) type VI secretion system effector tae4, L,D-endopeptidase",,,
GCA_010716035.1,GCA_010716035.1|DAATFR010000029.1|13781-14164|-|g4308,VFDB,gb|NP_459276,100.0,100.0,Effector delivery system,(STM0278) putative periplasmic protein,,,
GCA_010716035.1,GCA_010716035.1|DAATFR010000029.1|13153-13638|-|g4307,VFDB,gb|NP_459277,100.0,100.0,Effector delivery system,(STM0279) Hcp1 family type VI secretion system effector,,,
GCA_010716035.1,GCA_010716035.1|DAATFR010000029.1|11203-12546|-|g4305,VFDB,gb|NP_459279,100.0,100.0,Effector delivery system,(tssK) type VI secretion system-associated protein,,,
GCA_010716035.1,GCA_010716035.1|DAATFR010000029.1|9902-11206|-|g4304,VFDB,gb|NP_459280,100.0,100.0,Effector delivery system,(STM0282) hypothetical protein,,,
GCA_000258365.1,GCA_000258365.1|CP003416.1|1964339-1964755|-|g1812,VFDB,gb|NP_460111,100.0,100.0,Adherence,(csgF) curli production assembly/transport protein CsgF,,,
GCA_000258365.1,GCA_000258365.1|CP003416.1|1963479-1964312|-|g1811,VFDB,gb|NP_460110,100.0,100.0,Adherence,(csgG) curli production assembly/transport protein CsgG,,,
GCA_000258365.1,GCA_000258365.1|CP003416.1|1912275-1913150|-|g1763,VFDB,gb|NP_460061,100.0,100.0,Effector delivery system,(pipB) type III secretion system effector PipB,,,
GCA_000258365.1,GCA_000258365.1|CP003416.1|1866055-1866588|-|g1721,VFDB,gb|NP_460019,100.0,100.0,Stress survival,(sodCI) Gifsy-2 prophage: superoxide dismutase precursor (Cu-Zn),,,
GCA_000258365.1,GCA_000258365.1|CP003416.1|1538294-1538746|-|g1402,VFDB,gb|NP_459678,100.0,100.0,Regulation,(fur) ferric iron uptake transcriptional regulator,,,
GCA_000258365.1,GCA_000258365.1|CP003416.1|1387233-1387925|+|g1262,VFDB,gb|NP_459540,100.0,100.0,Adherence,(fimC) chaperone protein FimC,,,
GCA_010716035.1,GCA_010716035.1|DAATFR010000023.1|66864-67502|-|g4026,VFDB,gb|NP_460356,100.0,100.0,Effector delivery system,(ssrB) DNA-binding response regulator,,,
GCA_010716035.1,GCA_010716035.1|DAATFR010000017.1|96717-97709|-|g3592,VFDB,gb|NP_461845,100.0,100.0,Regulation,(rpoS) RNA polymerase sigma factor RpoS,,,
GCA_010716035.1,GCA_010716035.1|DAATFR010000017.1|67862-69919|-|g3562,VFDB,gb|NP_461817,100.0,100.0,Effector delivery system,(invA) type III secretion system major export apparatus protein InvA,,,
GCA_010716035.1,GCA_010716035.1|DAATFR010000017.1|67431-67838|-|g3561,VFDB,gb|NP_461816,100.0,100.0,Effector delivery system,(invB) type III secretion system protein InvB,,,
GCA_010716035.1,GCA_010716035.1|DAATFR010000017.1|66139-67434|-|g3560,VFDB,gb|NP_461815,100.0,100.0,Effector delivery system,(invC/sctN) type III secretion system ATPase InvC,,,
GCA_010716035.1,GCA_010716035.1|DAATFR010000017.1|63133-63807|-|g3556,VFDB,gb|NP_461811,100.0,100.0,Effector delivery system,(spaP) type III secretion system minor export apparatus protein SpaP,,,
GCA_010716035.1,GCA_010716035.1|DAATFR010000017.1|62847-63107|-|g3555,VFDB,gb|NP_461810,100.0,100.0,Effector delivery system,(spaQ) type III secretion system minor export apparatus protein SpaQ,,,
GCA_010716035.1,GCA_010716035.1|DAATFR010000017.1|62052-62843|-|g3554,VFDB,gb|NP_461809,100.0,100.0,Effector delivery system,(spaR) type III secretion system minor export apparatus protein SpaR,,,
GCA_010716035.1,GCA_010716035.1|DAATFR010000017.1|60995-62065|-|g3553,VFDB,gb|NP_461808,100.0,100.0,Effector delivery system,(spaS) type III secretion system export apparatus switch protein SpaS,,,
GCA_010716035.1,GCA_010716035.1|DAATFR010000017.1|60360-60857|-|g3552,VFDB,gb|NP_461807,100.0,100.0,Effector delivery system,(sicA) chaparone for SipC and SipB,,,
GCA_010716035.1,GCA_010716035.1|DAATFR010000017.1|49318-50979|+|g3542,VFDB,gb|NP_461797,100.0,100.0,Effector delivery system,(hilA) transcriptional regulator,,,
GCA_010716035.1,GCA_010716035.1|DAATFR010000017.1|47299-48228|+|g3541,VFDB,gb|NP_461796,100.0,100.0,Effector delivery system,(hilD) AraC family transcriptional regulator,,,
GCA_000258365.1,GCA_000258365.1|CP003416.1|2212792-2213430|-|g2059,VFDB,gb|NP_460356,100.0,100.0,Effector delivery system,(ssrB) DNA-binding response regulator,,,
GCA_000258365.1,GCA_000258365.1|CP003416.1|2054136-2054810|-|g1903,VFDB,gb|NP_460201,100.0,100.0,Regulation,(phoP) response regulator in two-component regulatory system with PhoQ,,,
GCA_000258365.1,GCA_000258365.1|CP003416.1|2052673-2054136|-|g1902,VFDB,gb|NP_460200,100.0,100.0,Regulation,(phoQ) sensor protein PhoQ,,,
GCA_000258365.1,GCA_000258365.1|CP003416.1|2045289-2046143|-|g1896,VFDB,gb|NP_460194,100.0,84.5,Effector delivery system,(sifA) type III secretion system effector SifA (Salmonella induced filament protein A),,,
GCA_000258365.1,GCA_000258365.1|CP003416.1|1967600-1967926|+|g1817,VFDB,gb|NP_460116,100.0,100.0,Adherence,(csgC) curli assembly protein CsgC,,,
GCA_000258365.1,GCA_000258365.1|CP003416.1|1967083-1967538|+|g1816,VFDB,gb|NP_460115,100.0,100.0,Adherence,(csgA) curlin major subunit CsgA,,,
GCA_000258365.1,GCA_000258365.1|CP003416.1|1964782-1965177|-|g1813,VFDB,gb|NP_460112,100.0,100.0,Adherence,(csgE) curli production assembly/transport protein CsgE,,,
GCA_010716035.1,GCA_010716035.1|DAATFR010000017.1|45214-45519|-|g3538,VFDB,gb|NP_461793,100.0,100.0,Effector delivery system,(prgJ) type III secretion system inner rod protein PrgJ,,,
GCA_010716035.1,GCA_010716035.1|DAATFR010000017.1|44459-45217|-|g3537,VFDB,gb|NP_461792,100.0,100.0,Effector delivery system,(prgK) type III secretion system inner MS ring protein PrgK,,,
GCA_010716035.1,GCA_010716035.1|DAATFR010000010.1|93855-94529|-|g2666,VFDB,gb|NP_460201,100.0,100.0,Regulation,(phoP) response regulator in two-component regulatory system with PhoQ,,,
GCA_010716035.1,GCA_010716035.1|DAATFR010000010.1|92392-93855|-|g2665,VFDB,gb|NP_460200,100.0,100.0,Regulation,(phoQ) sensor protein PhoQ,,,
GCA_010716035.1,GCA_010716035.1|DAATFR010000010.1|7311-7637|+|g2580,VFDB,gb|NP_460116,100.0,100.0,Adherence,(csgC) curli assembly protein CsgC,,,
GCA_010716035.1,GCA_010716035.1|DAATFR010000010.1|6794-7249|+|g2579,VFDB,gb|NP_460115,100.0,100.0,Adherence,(csgA) curlin major subunit CsgA,,,
GCA_010716035.1,GCA_010716035.1|DAATFR010000010.1|4892-5542|-|g2577,VFDB,gb|NP_460113,100.0,100.0,Adherence,(csgD) DNA-binding transcriptional regulator CsgD,,,
GCA_010716035.1,GCA_010716035.1|DAATFR010000010.1|4049-4465|-|g2575,VFDB,gb|NP_460111,100.0,100.0,Adherence,(csgF) curli production assembly/transport protein CsgF,,,
GCA_010716035.1,GCA_010716035.1|DAATFR010000010.1|3189-4022|-|g2574,VFDB,gb|NP_460110,100.0,100.0,Adherence,(csgG) curli production assembly/transport protein CsgG,,,
GCA_010716035.1,GCA_010716035.1|DAATFR010000009.1|49490-49942|+|g2443,VFDB,gb|NP_459678,100.0,100.0,Regulation,(fur) ferric iron uptake transcriptional regulator,,,
GCA_000258365.1,GCA_000258365.1|CP003416.1|2229930-2230298|+|g2081,VFDB,gb|NP_460378,100.0,100.0,Effector delivery system,(ssaM) type III secretion system protein SsaM,,,
GCA_000258365.1,GCA_000258365.1|CP003416.1|2226356-2226646|+|g2076,VFDB,gb|NP_460372,100.0,78.1,Effector delivery system,(ssaH) type III secretion system protein SsaH,,,
GCA_000258365.1,GCA_000258365.1|CP003416.1|2226163-2226378|+|g2075,VFDB,gb|NP_460371,100.0,100.0,Effector delivery system,(ssaG) type III secretion system needle filament protein SsaG,,,
GCA_000258365.1,GCA_000258365.1|CP003416.1|2224157-2224585|+|g2072,VFDB,gb|NP_460368,100.0,98.6,Effector delivery system,(sscB) chaperone for sseF,,,
GCA_000258365.1,GCA_000258365.1|CP003416.1|2223683-2224099|+|g2071,VFDB,gb|NP_460367,100.0,100.0,Effector delivery system,(sseE) type III secretion system effector SseE,,,
GCA_010716035.1,GCA_010716035.1|DAATFR010000006.1|30029-30661|+|g1730,VFDB,gb|NP_459544,100.0,100.0,Adherence,(fimZ) DNA-binding response regulator,,,
GCA_010716035.1,GCA_010716035.1|DAATFR010000005.1|255853-256932|+|g1661,VFDB,gb|NP_463156.1,100.0,99.2,Regulation,(pmrB) sensory kinase PmrB,,,
GCA_010716035.1,GCA_010716035.1|DAATFR010000005.1|255184-255852|+|g1660,VFDB,gb|NP_463157.1,100.0,100.0,Regulation,(pmrA) response regulator PmrA,,,
GCA_010716035.1,GCA_010716035.1|DAATFR010000002.1|407602-408030|-|g782,VFDB,gb|NP_460368,100.0,98.6,Effector delivery system,(sscB) chaperone for sseF,,,
GCA_010716035.1,GCA_010716035.1|DAATFR010000002.1|405810-406025|-|g779,VFDB,gb|NP_460371,100.0,100.0,Effector delivery system,(ssaG) type III secretion system needle filament protein SsaG,,,
GCA_010716035.1,GCA_010716035.1|DAATFR010000002.1|405542-405832|-|g778,VFDB,gb|NP_460372,100.0,78.1,Effector delivery system,(ssaH) type III secretion system protein SsaH,,,
GCA_000258365.1,GCA_000258365.1|CP003416.1|2689194-2689658|-|g2525,VFDB,gb|NP_460811,100.0,64.2,Effector delivery system,"(sopE2) type III secretion system effector SopE2, guanine nucleotide exchange factor",,,
GCA_000258365.1,GCA_000258365.1|CP003416.1|2236015-2236281|+|g2088,VFDB,gb|NP_460385,100.0,100.0,Effector delivery system,(ssaS) type III secretion system minor export apparatus protein SsaS,,,
GCA_000258365.1,GCA_000258365.1|CP003416.1|2235371-2236018|+|g2087,VFDB,gb|NP_460384,100.0,100.0,Effector delivery system,(ssaR) type III secretion system minor export apparatus protein SsaR,,,
GCA_000258365.1,GCA_000258365.1|CP003416.1|2233980-2234354|+|g2085,VFDB,gb|NP_460382,100.0,100.0,Effector delivery system,(ssaP) type III secretion system needle length regulator SsaP,,,
GCA_000258365.1,GCA_000258365.1|CP003416.1|2233568-2233999|+|g2084,VFDB,gb|NP_460381,100.0,87.4,Effector delivery system,(ssaO) type III secretion system stalk protein SsaO,,,
GCA_000258365.1,GCA_000258365.1|CP003416.1|2230283-2232328|+|g2082,VFDB,gb|NP_460379,100.0,100.0,Effector delivery system,(ssaV) type III secretion system major export apparatus protein ssaV,,,
GCA_010716035.1,GCA_010716035.1|DAATFR010000002.1|396171-396818|-|g766,VFDB,gb|NP_460384,100.0,100.0,Effector delivery system,(ssaR) type III secretion system minor export apparatus protein SsaR,,,
GCA_010716035.1,GCA_010716035.1|DAATFR010000002.1|395908-396174|-|g765,VFDB,gb|NP_460385,100.0,100.0,Effector delivery system,(ssaS) type III secretion system minor export apparatus protein SsaS,,,
GCA_010715595.1,GCA_010715595.1|DAATGU010000033.1|4500-5027|+|g4317,VFDB,gb|NP_462537,100.0,100.0,Adherence,"(lpfE) long polar fimbrial minor subunit LpfE, adhesin",,,
GCA_010715595.1,GCA_010715595.1|DAATGU010000033.1|3415-4494|+|g4316,VFDB,gb|NP_462538,100.0,100.0,Adherence,(lpfD) long polar fimbrial protein LpfD,,,
GCA_010715595.1,GCA_010715595.1|DAATGU010000033.1|869-3397|+|g4315,VFDB,gb|NP_462539,100.0,100.0,Adherence,(lpfC) long polar fimbrial usher protein LpfC,,,
GCA_010715595.1,GCA_010715595.1|DAATGU010000033.1|148-846|+|g4314,VFDB,gb|NP_462540,100.0,100.0,Adherence,(lpfB) long polar fimbrial chaperone protein LpfB,,,
GCA_010715595.1,GCA_010715595.1|DAATGU010000030.1|8660-9739|+|g4193,VFDB,gb|NP_463156.1,100.0,99.2,Regulation,(pmrB) sensory kinase PmrB,,,
GCA_010715595.1,GCA_010715595.1|DAATGU010000030.1|7991-8659|+|g4192,VFDB,gb|NP_463157.1,100.0,100.0,Regulation,(pmrA) response regulator PmrA,,,
GCA_010715595.1,GCA_010715595.1|DAATGU010000025.1|52967-55333|-|g3947,VFDB,gb|NP_461184,100.0,100.0,Effector delivery system,"(sspH2) type III secretion system effector SspH2 (Salmonella secreted protein H2), novel E3 ubiquitin ligase",,,
GCA_010715595.1,GCA_010715595.1|DAATGU010000014.1|128550-130235|-|g3029,VFDB,gb|NP_460064,100.0,100.0,Effector delivery system,"(sopB/sigD) type III secretion system effector SopB, phosphoinositide phosphatase",,,
GCA_010715595.1,GCA_010715595.1|DAATGU010000014.1|126769-127644|-|g3027,VFDB,gb|NP_460061,100.0,100.0,Effector delivery system,(pipB) type III secretion system effector PipB,,,
GCA_000258365.1,GCA_000258365.1|CP003416.1|3076678-3079044|-|g2909,VFDB,gb|NP_461184,100.0,100.0,Effector delivery system,"(sspH2) type III secretion system effector SspH2 (Salmonella secreted protein H2), novel E3 ubiquitin ligase",,,
GCA_010715595.1,GCA_010715595.1|DAATGU010000012.1|97361-99553|+|g2725,VFDB,gb|NP_461452,100.0,100.0,Adherence,(sinH) intimin-like protein,,,
GCA_010715595.1,GCA_010715595.1|DAATGU010000011.1|94941-95933|-|g2573,VFDB,gb|NP_461845,100.0,100.0,Regulation,(rpoS) RNA polymerase sigma factor RpoS,,,
GCA_010715595.1,GCA_010715595.1|DAATGU010000011.1|73836-74279|+|g2550,VFDB,gb|NP_461821,100.0,100.0,Effector delivery system,(invH) type III secretion system pilotin invG,,,
GCA_010715595.1,GCA_010715595.1|DAATGU010000011.1|69929-71047|-|g2547,VFDB,gb|NP_461818,100.0,100.0,Effector delivery system,(invE) type III secretion system gatekeeper invE,,,
GCA_010715595.1,GCA_010715595.1|DAATGU010000011.1|67847-69904|-|g2546,VFDB,gb|NP_461817,100.0,100.0,Effector delivery system,(invA) type III secretion system major export apparatus protein InvA,,,
GCA_010715595.1,GCA_010715595.1|DAATGU010000011.1|67416-67823|-|g2545,VFDB,gb|NP_461816,100.0,100.0,Effector delivery system,(invB) type III secretion system protein InvB,,,
GCA_010715595.1,GCA_010715595.1|DAATGU010000011.1|66124-67419|-|g2544,VFDB,gb|NP_461815,100.0,100.0,Effector delivery system,(invC/sctN) type III secretion system ATPase InvC,,,
GCA_010715595.1,GCA_010715595.1|DAATGU010000011.1|65703-66146|-|g2543,VFDB,gb|NP_461814,100.0,100.0,Effector delivery system,(invI) type III secretion system stalk protein InvI,,,
GCA_010715595.1,GCA_010715595.1|DAATGU010000011.1|64693-65703|-|g2542,VFDB,gb|NP_461813,100.0,100.0,Effector delivery system,(invJ) type III secretion system needle length regulator InvJ,,,
GCA_010715595.1,GCA_010715595.1|DAATGU010000011.1|63782-64693|-|g2541,VFDB,gb|NP_461812,100.0,100.0,Effector delivery system,(spaO/sctQ) type III secretion system C ring protein SpaO,,,
GCA_010715595.1,GCA_010715595.1|DAATGU010000011.1|63118-63792|-|g2540,VFDB,gb|NP_461811,100.0,100.0,Effector delivery system,(spaP) type III secretion system minor export apparatus protein SpaP,,,
GCA_010715595.1,GCA_010715595.1|DAATGU010000011.1|62832-63092|-|g2539,VFDB,gb|NP_461810,100.0,100.0,Effector delivery system,(spaQ) type III secretion system minor export apparatus protein SpaQ,,,
GCA_010715595.1,GCA_010715595.1|DAATGU010000011.1|62037-62828|-|g2538,VFDB,gb|NP_461809,100.0,100.0,Effector delivery system,(spaR) type III secretion system minor export apparatus protein SpaR,,,
GCA_010715595.1,GCA_010715595.1|DAATGU010000011.1|60980-62050|-|g2537,VFDB,gb|NP_461808,100.0,100.0,Effector delivery system,(spaS) type III secretion system export apparatus switch protein SpaS,,,
GCA_010715595.1,GCA_010715595.1|DAATGU010000011.1|60345-60842|-|g2536,VFDB,gb|NP_461807,100.0,100.0,Effector delivery system,(sicA) chaparone for SipC and SipB,,,
GCA_010715595.1,GCA_010715595.1|DAATGU010000011.1|58561-60342|-|g2535,VFDB,gb|NP_461806,100.0,100.0,Effector delivery system,"(sipB/sspB) type III secretion system hydrophilic translocator, pore protein SipB (Salmonella invasion protein B)",,,
GCA_010715595.1,GCA_010715595.1|DAATGU010000011.1|56202-57233|-|g2533,VFDB,gb|NP_461804,100.0,100.0,Effector delivery system,"(sipD) type III secretion system hydrophilic translocator, needle tip protein SipD",,,
GCA_010715595.1,GCA_010715595.1|DAATGU010000011.1|53137-53529|-|g2529,VFDB,gb|NP_461800,100.0,100.0,Effector delivery system,(sicP) chaparone for SptP,,,
GCA_010715595.1,GCA_010715595.1|DAATGU010000011.1|49304-50965|+|g2526,VFDB,gb|NP_461797,100.0,100.0,Effector delivery system,(hilA) transcriptional regulator,,,
GCA_010715595.1,GCA_010715595.1|DAATGU010000011.1|47284-48213|+|g2525,VFDB,gb|NP_461796,100.0,100.0,Effector delivery system,(hilD) AraC family transcriptional regulator,,,
GCA_000258365.1,GCA_000258365.1|CP003416.1|3680184-3680426|-|g3444,VFDB,gb|NP_461794,100.0,100.0,Effector delivery system,(prgI) type III secretion system needle filament protein PrgI,,,
GCA_000258365.1,GCA_000258365.1|CP003416.1|3679860-3680165|-|g3443,VFDB,gb|NP_461793,100.0,100.0,Effector delivery system,(prgJ) type III secretion system inner rod protein PrgJ,,,
GCA_000258365.1,GCA_000258365.1|CP003416.1|3679105-3679863|-|g3442,VFDB,gb|NP_461792,100.0,100.0,Effector delivery system,(prgK) type III secretion system inner MS ring protein PrgK,,,
GCA_000258365.1,GCA_000258365.1|CP003416.1|3678534-3679112|-|g3441,VFDB,gb|NP_461791,100.0,96.5,Effector delivery system,(orgA/sctK) type III secretion system accessory cytosolic protein OrgA,,,
GCA_000258365.1,GCA_000258365.1|CP003416.1|3677897-3678577|-|g3440,VFDB,gb|NP_461790,100.0,100.0,Effector delivery system,(orgB/SctL) type III secretion system stator OrgB,,,
GCA_000258365.1,GCA_000258365.1|CP003416.1|3675076-3675831|-|g3437,VFDB,gb|NP_461787,100.0,100.0,Effector delivery system,(sprB) transcriptional regulator,,,
GCA_010715595.1,GCA_010715595.1|DAATGU010000011.1|45523-45765|-|g2523,VFDB,gb|NP_461794,100.0,100.0,Effector delivery system,(prgI) type III secretion system needle filament protein PrgI,,,
GCA_010715595.1,GCA_010715595.1|DAATGU010000011.1|45199-45504|-|g2522,VFDB,gb|NP_461793,100.0,100.0,Effector delivery system,(prgJ) type III secretion system inner rod protein PrgJ,,,
GCA_010715595.1,GCA_010715595.1|DAATGU010000011.1|44444-45202|-|g2521,VFDB,gb|NP_461792,100.0,100.0,Effector delivery system,(prgK) type III secretion system inner MS ring protein PrgK,,,
GCA_010715595.1,GCA_010715595.1|DAATGU010000011.1|43873-44451|-|g2520,VFDB,gb|NP_461791,100.0,96.5,Effector delivery system,(orgA/sctK) type III secretion system accessory cytosolic protein OrgA,,,
GCA_010715595.1,GCA_010715595.1|DAATGU010000011.1|43236-43916|-|g2519,VFDB,gb|NP_461790,100.0,100.0,Effector delivery system,(orgB/SctL) type III secretion system stator OrgB,,,
GCA_000258365.1,GCA_000258365.1|CP003416.1|3700367-3700810|-|g3465,VFDB,gb|NP_461814,100.0,100.0,Effector delivery system,(invI) type III secretion system stalk protein InvI,,,
GCA_000258365.1,GCA_000258365.1|CP003416.1|3697782-3698456|-|g3462,VFDB,gb|NP_461811,100.0,100.0,Effector delivery system,(spaP) type III secretion system minor export apparatus protein SpaP,,,
GCA_000258365.1,GCA_000258365.1|CP003416.1|3697496-3697756|-|g3461,VFDB,gb|NP_461810,100.0,100.0,Effector delivery system,(spaQ) type III secretion system minor export apparatus protein SpaQ,,,
GCA_000258365.1,GCA_000258365.1|CP003416.1|3696701-3697492|-|g3460,VFDB,gb|NP_461809,100.0,100.0,Effector delivery system,(spaR) type III secretion system minor export apparatus protein SpaR,,,
GCA_000258365.1,GCA_000258365.1|CP003416.1|3695644-3696714|-|g3459,VFDB,gb|NP_461808,100.0,100.0,Effector delivery system,(spaS) type III secretion system export apparatus switch protein SpaS,,,
GCA_000258365.1,GCA_000258365.1|CP003416.1|3695009-3695506|-|g3458,VFDB,gb|NP_461807,100.0,100.0,Effector delivery system,(sicA) chaparone for SipC and SipB,,,
GCA_000258365.1,GCA_000258365.1|CP003416.1|3693225-3695006|-|g3457,VFDB,gb|NP_461806,100.0,100.0,Effector delivery system,"(sipB/sspB) type III secretion system hydrophilic translocator, pore protein SipB (Salmonella invasion protein B)",,,
GCA_000258365.1,GCA_000258365.1|CP003416.1|3691967-3693196|-|g3456,VFDB,gb|NP_461805,100.0,100.0,Effector delivery system,"(sipC/sspC) type III secretion system hydrophilic translocator, pore protein SipC",,,
GCA_000258365.1,GCA_000258365.1|CP003416.1|3687799-3688191|-|g3451,VFDB,gb|NP_461800,100.0,100.0,Effector delivery system,(sicP) chaparone for SptP,,,
GCA_000258365.1,GCA_000258365.1|CP003416.1|3685645-3686127|+|g3448,VFDB,gb|NP_461798,100.0,100.0,Effector delivery system,(iagB) invasion protein IagB,,,
GCA_000258365.1,GCA_000258365.1|CP003416.1|3683966-3685627|+|g3447,VFDB,gb|NP_461797,100.0,100.0,Effector delivery system,(hilA) transcriptional regulator,,,
GCA_010715595.1,GCA_010715595.1|DAATGU010000007.1|98513-99235|-|g1895,VFDB,gb|NP_460811,100.0,100.0,Effector delivery system,"(sopE2) type III secretion system effector SopE2, guanine nucleotide exchange factor",,,
GCA_010715595.1,GCA_010715595.1|DAATGU010000005.1|55168-56175|-|g1429,VFDB,gb|NP_461081,100.0,96.3,Effector delivery system,(sseK2) type III secretion system effector SseK2,,,
GCA_010715595.1,GCA_010715595.1|DAATGU010000004.1|182431-183063|+|g1285,VFDB,gb|NP_460542,100.0,100.0,Effector delivery system,(steA) type III secretion system effector SteA (Salmonella translocated effector A),,,
GCA_010715595.1,GCA_010715595.1|DAATGU010000004.1|159434-160054|-|g1266,VFDB,gb|NP_460561,100.0,65.2,Effector delivery system,(sifB) type III secretion system effector SifB (Salmonella induced filament protein B),,,
GCA_010715595.1,GCA_010715595.1|DAATGU010000004.1|130045-131271|-|g1237,VFDB,gb|NP_460590,100.0,100.0,Effector delivery system,"(sseJ) type III secretion system effector SseJ, glycerophospholipid:cholesterol acyltransferase",,,
GCA_000258365.1,GCA_000258365.1|CP003416.1|4635483-4636166|-|g4338,VFDB,gb|NP_462663,100.0,98.3,Nutritional/Metabolic factor,(mgtC) Salmonella virulence protein MgtC,,,
GCA_000258365.1,GCA_000258365.1|CP003416.1|4625754-4628621|+|g4331,VFDB,gb|NP_462656,100.0,100.0,Adherence,(misL) putative autotransporter,,,
GCA_000258365.1,GCA_000258365.1|CP003416.1|4498523-4499047|-|g4214,VFDB,gb|NP_462541,100.0,97.8,Adherence,(lpfA) long polar fimbria protein LpfA,,,
GCA_000258365.1,GCA_000258365.1|CP003416.1|4497740-4498438|-|g4213,VFDB,gb|NP_462540,100.0,100.0,Adherence,(lpfB) long polar fimbrial chaperone protein LpfB,,,
GCA_000258365.1,GCA_000258365.1|CP003416.1|4495189-4497717|-|g4212,VFDB,gb|NP_462539,100.0,100.0,Adherence,(lpfC) long polar fimbrial usher protein LpfC,,,
GCA_000258365.1,GCA_000258365.1|CP003416.1|4494092-4495171|-|g4211,VFDB,gb|NP_462538,100.0,100.0,Adherence,(lpfD) long polar fimbrial protein LpfD,,,
GCA_000258365.1,GCA_000258365.1|CP003416.1|4493559-4494086|-|g4210,VFDB,gb|NP_462537,100.0,100.0,Adherence,"(lpfE) long polar fimbrial minor subunit LpfE, adhesin",,,
GCA_000258365.1,GCA_000258365.1|CP003416.1|3707393-3708142|-|g3471,VFDB,gb|NP_461820,100.0,86.7,Effector delivery system,(invF) type III secretion system regulatory protein InvF,,,
GCA_000258365.1,GCA_000258365.1|CP003416.1|3704593-3705711|-|g3469,VFDB,gb|NP_461818,100.0,100.0,Effector delivery system,(invE) type III secretion system gatekeeper invE,,,
GCA_000258365.1,GCA_000258365.1|CP003416.1|3702080-3702487|-|g3467,VFDB,gb|NP_461816,100.0,100.0,Effector delivery system,(invB) type III secretion system protein InvB,,,
GCA_000258365.1,GCA_000258365.1|CP003416.1|3700788-3702083|-|g3466,VFDB,gb|NP_461815,100.0,100.0,Effector delivery system,(invC/sctN) type III secretion system ATPase InvC,,,
GCA_010715595.1,GCA_010715595.1|DAATGU010000004.1|61037-62410|+|g1170,VFDB,gb|NP_460656,100.0,100.0,Effector delivery system,"(steC) type III secretion system effector SteC (Salmonella translocated effector C), kinase",,,
GCA_010715595.1,GCA_010715595.1|DAATGU010000003.1|275661-276719|+|g1077,VFDB,gb|NP_460387,100.0,100.0,Effector delivery system,(ssaU) type III secretion system export apparatus switch protein SsaU,,,
GCA_010715595.1,GCA_010715595.1|DAATGU010000003.1|274618-274884|+|g1075,VFDB,gb|NP_460385,100.0,100.0,Effector delivery system,(ssaS) type III secretion system minor export apparatus protein SsaS,,,
GCA_010715595.1,GCA_010715595.1|DAATGU010000003.1|273974-274621|+|g1074,VFDB,gb|NP_460384,100.0,100.0,Effector delivery system,(ssaR) type III secretion system minor export apparatus protein SsaR,,,
GCA_010715595.1,GCA_010715595.1|DAATGU010000003.1|272583-272957|+|g1072,VFDB,gb|NP_460382,100.0,100.0,Effector delivery system,(ssaP) type III secretion system needle length regulator SsaP,,,
GCA_010715595.1,GCA_010715595.1|DAATGU010000003.1|272171-272602|+|g1071,VFDB,gb|NP_460381,100.0,87.4,Effector delivery system,(ssaO) type III secretion system stalk protein SsaO,,,
GCA_010715595.1,GCA_010715595.1|DAATGU010000003.1|270921-272222|+|g1070,VFDB,gb|NP_460380,100.0,100.0,Effector delivery system,(ssaN) type III secretion system ATPase SsaN,,,
GCA_010715595.1,GCA_010715595.1|DAATGU010000003.1|268886-270931|+|g1069,VFDB,gb|NP_460379,100.0,100.0,Effector delivery system,(ssaV) type III secretion system major export apparatus protein ssaV,,,
GCA_010715595.1,GCA_010715595.1|DAATGU010000003.1|268533-268901|+|g1068,VFDB,gb|NP_460378,100.0,100.0,Effector delivery system,(ssaM) type III secretion system protein SsaM,,,
GCA_010715595.1,GCA_010715595.1|DAATGU010000003.1|265247-265510|+|g1063,VFDB,gb|NP_460373,100.0,94.3,Effector delivery system,(ssaI) type III secretion system inner rod protein SsaI,,,
GCA_010715595.1,GCA_010715595.1|DAATGU010000003.1|264960-265250|+|g1062,VFDB,gb|NP_460372,100.0,78.1,Effector delivery system,(ssaH) type III secretion system protein SsaH,,,
GCA_000329025.1,GCA_000329025.1|ALFF01000010.1|15309-16028|-|g279,VFDB,gb|NP_459304,100.0,100.0,Invasion,(pagN) outer membrane adhesin/invasin protein,,,
GCA_010715595.1,GCA_010715595.1|DAATGU010000003.1|264767-264982|+|g1061,VFDB,gb|NP_460371,100.0,100.0,Effector delivery system,(ssaG) type III secretion system needle filament protein SsaG,,,
GCA_010715595.1,GCA_010715595.1|DAATGU010000003.1|262761-263189|+|g1058,VFDB,gb|NP_460368,100.0,98.6,Effector delivery system,(sscB) chaperone for sseF,,,
GCA_010715595.1,GCA_010715595.1|DAATGU010000003.1|262287-262703|+|g1057,VFDB,gb|NP_460367,100.0,100.0,Effector delivery system,(sseE) type III secretion system effector SseE,,,
GCA_010715595.1,GCA_010715595.1|DAATGU010000003.1|261697-262284|+|g1056,VFDB,gb|NP_460366,100.0,100.0,Effector delivery system,"(sseD) type III secretion system hydrophilic translocator, pore protein SseD",,,
GCA_010715595.1,GCA_010715595.1|DAATGU010000003.1|259164-259754|+|g1053,VFDB,gb|NP_460363,100.0,100.0,Effector delivery system,(sseB) type III secretion system effector SseB,,,
GCA_010715595.1,GCA_010715595.1|DAATGU010000003.1|251397-252035|-|g1046,VFDB,gb|NP_460356,100.0,100.0,Effector delivery system,(ssrB) DNA-binding response regulator,,,
GCA_010715595.1,GCA_010715595.1|DAATGU010000003.1|93918-94592|-|g891,VFDB,gb|NP_460201,100.0,100.0,Regulation,(phoP) response regulator in two-component regulatory system with PhoQ,,,
GCA_010715595.1,GCA_010715595.1|DAATGU010000003.1|92455-93918|-|g890,VFDB,gb|NP_460200,100.0,100.0,Regulation,(phoQ) sensor protein PhoQ,,,
GCA_010715595.1,GCA_010715595.1|DAATGU010000003.1|85073-86083|-|g884,VFDB,gb|NP_460194,100.0,100.0,Effector delivery system,(sifA) type III secretion system effector SifA (Salmonella induced filament protein A),,,
GCA_010715595.1,GCA_010715595.1|DAATGU010000003.1|7372-7698|+|g804,VFDB,gb|NP_460116,100.0,100.0,Adherence,(csgC) curli assembly protein CsgC,,,
GCA_010715595.1,GCA_010715595.1|DAATGU010000003.1|6855-7310|+|g803,VFDB,gb|NP_460115,100.0,100.0,Adherence,(csgA) curlin major subunit CsgA,,,
GCA_010715595.1,GCA_010715595.1|DAATGU010000003.1|6358-6813|+|g802,VFDB,gb|NP_460114,100.0,100.0,Adherence,"(csgB) minor curlin subunit precursor, curli nucleator protein CsgB",,,
GCA_010715595.1,GCA_010715595.1|DAATGU010000003.1|4953-5603|-|g801,VFDB,gb|NP_460113,100.0,100.0,Adherence,(csgD) DNA-binding transcriptional regulator CsgD,,,
GCA_010715595.1,GCA_010715595.1|DAATGU010000003.1|4553-4948|-|g800,VFDB,gb|NP_460112,100.0,100.0,Adherence,(csgE) curli production assembly/transport protein CsgE,,,
GCA_010715595.1,GCA_010715595.1|DAATGU010000003.1|4110-4526|-|g799,VFDB,gb|NP_460111,100.0,100.0,Adherence,(csgF) curli production assembly/transport protein CsgF,,,
GCA_010715595.1,GCA_010715595.1|DAATGU010000003.1|3250-4083|-|g798,VFDB,gb|NP_460110,100.0,100.0,Adherence,(csgG) curli production assembly/transport protein CsgG,,,
GCA_010715595.1,GCA_010715595.1|DAATGU010000001.1|522985-523980|+|g485,VFDB,gb|NP_459264,100.0,100.0,Effector delivery system,(STM0267) sciB domain protein,,,
GCA_000329025.1,GCA_000329025.1|ALFF01000026.1|16272-16487|-|g809,VFDB,gb|NP_460371,100.0,100.0,Effector delivery system,(ssaG) type III secretion system needle filament protein SsaG,,,
GCA_000329025.1,GCA_000329025.1|ALFF01000026.1|16004-16294|-|g808,VFDB,gb|NP_460372,100.0,78.1,Effector delivery system,(ssaH) type III secretion system protein SsaH,,,
GCA_000329025.1,GCA_000329025.1|ALFF01000026.1|15744-16007|-|g807,VFDB,gb|NP_460373,100.0,94.3,Effector delivery system,(ssaI) type III secretion system inner rod protein SsaI,,,
GCA_000329025.1,GCA_000329025.1|ALFF01000026.1|12353-12721|-|g802,VFDB,gb|NP_460378,100.0,100.0,Effector delivery system,(ssaM) type III secretion system protein SsaM,,,
GCA_000329025.1,GCA_000329025.1|ALFF01000026.1|10323-12368|-|g801,VFDB,gb|NP_460379,100.0,100.0,Effector delivery system,(ssaV) type III secretion system major export apparatus protein ssaV,,,
GCA_000329025.1,GCA_000329025.1|ALFF01000026.1|8297-8671|-|g798,VFDB,gb|NP_460382,100.0,100.0,Effector delivery system,(ssaP) type III secretion system needle length regulator SsaP,,,
GCA_000329025.1,GCA_000329025.1|ALFF01000026.1|6370-6636|-|g795,VFDB,gb|NP_460385,100.0,100.0,Effector delivery system,(ssaS) type III secretion system minor export apparatus protein SsaS,,,
GCA_000329025.1,GCA_000329025.1|ALFF01000026.1|29158-29796|+|g824,VFDB,gb|NP_460356,100.0,100.0,Effector delivery system,(ssrB) DNA-binding response regulator,,,
GCA_000329025.1,GCA_000329025.1|ALFF01000026.1|22626-22868|-|g819,VFDB,gb|NP_460361,100.0,100.0,Effector delivery system,(ssaE) chaperone for sseB,,,
GCA_000329025.1,GCA_000329025.1|ALFF01000026.1|21500-22090|-|g817,VFDB,gb|NP_460363,100.0,100.0,Effector delivery system,(sseB) type III secretion system effector SseB,,,
GCA_000329025.1,GCA_000329025.1|ALFF01000026.1|18970-19557|-|g814,VFDB,gb|NP_460366,100.0,100.0,Effector delivery system,"(sseD) type III secretion system hydrophilic translocator, pore protein SseD",,,
GCA_000329025.1,GCA_000329025.1|ALFF01000026.1|18551-18967|-|g813,VFDB,gb|NP_460367,100.0,100.0,Effector delivery system,(sseE) type III secretion system effector SseE,,,
GCA_000329025.1,GCA_000329025.1|ALFF01000026.1|18065-18493|-|g812,VFDB,gb|NP_460368,100.0,98.6,Effector delivery system,(sscB) chaperone for sseF,,,
GCA_010715595.1,GCA_010715595.1|DAATGU010000001.1|521105-522988|+|g484,VFDB,gb|NP_459265,100.0,100.0,Effector delivery system,(STM0268) type VI secretion protein,,,
GCA_010715595.1,GCA_010715595.1|DAATGU010000001.1|520595-521089|+|g483,VFDB,gb|NP_459266,100.0,100.0,Effector delivery system,(STM0269) hypothetical protein,,,
GCA_010715595.1,GCA_010715595.1|DAATGU010000001.1|512333-512818|-|g476,VFDB,gb|NP_459274,100.0,100.0,Effector delivery system,(STM0276) Hcp1 family type VI secretion system effector,,,
GCA_010715595.1,GCA_010715595.1|DAATGU010000001.1|511544-512029|-|g475,VFDB,gb|NP_459275,100.0,100.0,Effector delivery system,"(tae4) type VI secretion system effector tae4, L,D-endopeptidase",,,
GCA_010715595.1,GCA_010715595.1|DAATGU010000001.1|511176-511559|-|g474,VFDB,gb|NP_459276,100.0,100.0,Effector delivery system,(STM0278) putative periplasmic protein,,,
GCA_010715595.1,GCA_010715595.1|DAATGU010000001.1|510548-511033|-|g473,VFDB,gb|NP_459277,100.0,100.0,Effector delivery system,(STM0279) Hcp1 family type VI secretion system effector,,,
GCA_010715595.1,GCA_010715595.1|DAATGU010000001.1|509945-510481|-|g472,VFDB,gb|NP_459278,100.0,100.0,Effector delivery system,(tssJ) type VI secretion system-associated lipoprotein,,,
GCA_010715595.1,GCA_010715595.1|DAATGU010000001.1|507297-508601|-|g470,VFDB,gb|NP_459280,100.0,100.0,Effector delivery system,(STM0282) hypothetical protein,,,
GCA_010715595.1,GCA_010715595.1|DAATGU010000001.1|505886-506242|-|g468,VFDB,gb|NP_459282,100.0,82.5,Effector delivery system,(STM0284) putative shiga-like toxin A subunit,,,
GCA_010715595.1,GCA_010715595.1|DAATGU010000001.1|497181-497627|-|g462,VFDB,gb|NP_459288,100.0,100.0,Effector delivery system,(STM0290) hypothetical protein,,,
GCA_010715595.1,GCA_010715595.1|DAATGU010000001.1|480299-481018|+|g447,VFDB,gb|NP_459304,100.0,100.0,Invasion,(pagN) outer membrane adhesin/invasin protein,,,
GCA_010715595.1,GCA_010715595.1|DAATGU010000001.1|221101-221733|+|g207,VFDB,gb|NP_459544,100.0,100.0,Adherence,(fimZ) DNA-binding response regulator,,,
GCA_000329025.1,GCA_000329025.1|ALFF01000047.1|10411-11874|+|g1680,VFDB,gb|NP_460200,100.0,100.0,Regulation,(phoQ) sensor protein PhoQ,,,
GCA_000329025.1,GCA_000329025.1|ALFF01000047.1|9737-10411|+|g1679,VFDB,gb|NP_460201,100.0,100.0,Regulation,(phoP) response regulator in two-component regulatory system with PhoQ,,,
GCA_000329025.1,GCA_000329025.1|ALFF01000042.1|119691-120323|+|g1370,VFDB,gb|NP_459544,100.0,100.0,Adherence,(fimZ) DNA-binding response regulator,,,
GCA_010715595.1,GCA_010715595.1|DAATGU010000001.1|75153-75605|+|g73,VFDB,gb|NP_459678,100.0,100.0,Regulation,(fur) ferric iron uptake transcriptional regulator,,,
GCA_010714675.1,GCA_010714675.1|DAATGB010000047.1|25130-25804|-|g4498,VFDB,gb|NP_460201,100.0,100.0,Regulation,(phoP) response regulator in two-component regulatory system with PhoQ,,,
GCA_010714675.1,GCA_010714675.1|DAATGB010000047.1|23667-25130|-|g4497,VFDB,gb|NP_460200,100.0,100.0,Regulation,(phoQ) sensor protein PhoQ,,,
GCA_010714675.1,GCA_010714675.1|DAATGB010000047.1|16285-17295|-|g4491,VFDB,gb|NP_460194,100.0,100.0,Effector delivery system,(sifA) type III secretion system effector SifA (Salmonella induced filament protein A),,,
GCA_010714675.1,GCA_010714675.1|DAATGB010000039.1|47217-47900|+|g4227,VFDB,gb|NP_462663,100.0,98.3,Nutritional/Metabolic factor,(mgtC) Salmonella virulence protein MgtC,,,
GCA_010714675.1,GCA_010714675.1|DAATGB010000035.1|53024-55390|-|g4009,VFDB,gb|NP_461184,100.0,100.0,Effector delivery system,"(sspH2) type III secretion system effector SspH2 (Salmonella secreted protein H2), novel E3 ubiquitin ligase",,,
GCA_010714675.1,GCA_010714675.1|DAATGB010000030.1|7352-7678|+|g3639,VFDB,gb|NP_460116,100.0,100.0,Adherence,(csgC) curli assembly protein CsgC,,,
GCA_010714675.1,GCA_010714675.1|DAATGB010000030.1|6835-7290|+|g3638,VFDB,gb|NP_460115,100.0,100.0,Adherence,(csgA) curlin major subunit CsgA,,,
GCA_010714675.1,GCA_010714675.1|DAATGB010000030.1|4534-4929|-|g3635,VFDB,gb|NP_460112,100.0,100.0,Adherence,(csgE) curli production assembly/transport protein CsgE,,,
GCA_010714675.1,GCA_010714675.1|DAATGB010000030.1|4091-4507|-|g3634,VFDB,gb|NP_460111,100.0,100.0,Adherence,(csgF) curli production assembly/transport protein CsgF,,,
GCA_010714675.1,GCA_010714675.1|DAATGB010000030.1|3231-4064|-|g3633,VFDB,gb|NP_460110,100.0,100.0,Adherence,(csgG) curli production assembly/transport protein CsgG,,,
GCA_010714675.1,GCA_010714675.1|DAATGB010000029.1|63451-66318|+|g3625,VFDB,gb|NP_462656,100.0,100.0,Adherence,(misL) putative autotransporter,,,
GCA_010714675.1,GCA_010714675.1|DAATGB010000024.1|61748-62200|+|g3274,VFDB,gb|NP_459678,100.0,100.0,Regulation,(fur) ferric iron uptake transcriptional regulator,,,
GCA_000329025.1,GCA_000329025.1|ALFF01000063.1|43240-43920|-|g2145,VFDB,gb|NP_461790,100.0,100.0,Effector delivery system,(orgB/SctL) type III secretion system stator OrgB,,,
GCA_000329025.1,GCA_000329025.1|ALFF01000063.1|40419-41174|-|g2142,VFDB,gb|NP_461787,100.0,100.0,Effector delivery system,(sprB) transcriptional regulator,,,
GCA_000329025.1,GCA_000329025.1|ALFF01000057.1|83022-83555|+|g2011,VFDB,gb|NP_460019,100.0,100.0,Stress survival,(sodCI) Gifsy-2 prophage: superoxide dismutase precursor (Cu-Zn),,,
GCA_000329025.1,GCA_000329025.1|ALFF01000051.1|25712-37186|+|g1804,VFDB,gb|WP_001237694.1,100.0,100.0,Adherence,(bapA) biofilm-associated protein BapA,,,
GCA_000329025.1,GCA_000329025.1|ALFF01000049.1|7279-7581|-|g1708,VFDB,gb|NP_490511,100.0,100.0,Adherence,(pefB) plasmid-encoded fimbriae regulatory protein PefB,,,
GCA_010714675.1,GCA_010714675.1|DAATGB010000017.1|89758-90243|-|g2615,VFDB,gb|NP_459274,100.0,100.0,Effector delivery system,(STM0276) Hcp1 family type VI secretion system effector,,,
GCA_010714675.1,GCA_010714675.1|DAATGB010000017.1|87974-88459|-|g2612,VFDB,gb|NP_459277,100.0,100.0,Effector delivery system,(STM0279) Hcp1 family type VI secretion system effector,,,
GCA_010714675.1,GCA_010714675.1|DAATGB010000017.1|86023-87366|-|g2610,VFDB,gb|NP_459279,100.0,100.0,Effector delivery system,(tssK) type VI secretion system-associated protein,,,
GCA_010714675.1,GCA_010714675.1|DAATGB010000017.1|83310-83666|-|g2607,VFDB,gb|NP_459282,100.0,82.5,Effector delivery system,(STM0284) putative shiga-like toxin A subunit,,,
GCA_010714675.1,GCA_010714675.1|DAATGB010000017.1|76592-77113|-|g2601,VFDB,gb|NP_459286,100.0,100.0,Effector delivery system,"(tlde1) type VI secretion system effector tlde1, L,D-transpeptidase",,,
GCA_010714675.1,GCA_010714675.1|DAATGB010000017.1|56474-57193|+|g2583,VFDB,gb|NP_459304,100.0,100.0,Invasion,(pagN) outer membrane adhesin/invasin protein,,,
GCA_010714675.1,GCA_010714675.1|DAATGB010000016.1|40171-40437|+|g2437,VFDB,gb|NP_460385,100.0,100.0,Effector delivery system,(ssaS) type III secretion system minor export apparatus protein SsaS,,,
GCA_010714675.1,GCA_010714675.1|DAATGB010000016.1|39527-40174|+|g2436,VFDB,gb|NP_460384,100.0,100.0,Effector delivery system,(ssaR) type III secretion system minor export apparatus protein SsaR,,,
GCA_010714675.1,GCA_010714675.1|DAATGB010000016.1|38136-38510|+|g2434,VFDB,gb|NP_460382,100.0,100.0,Effector delivery system,(ssaP) type III secretion system needle length regulator SsaP,,,
GCA_010714675.1,GCA_010714675.1|DAATGB010000016.1|37724-38155|+|g2433,VFDB,gb|NP_460381,100.0,87.4,Effector delivery system,(ssaO) type III secretion system stalk protein SsaO,,,
GCA_010714675.1,GCA_010714675.1|DAATGB010000016.1|34439-36484|+|g2431,VFDB,gb|NP_460379,100.0,100.0,Effector delivery system,(ssaV) type III secretion system major export apparatus protein ssaV,,,
GCA_010714675.1,GCA_010714675.1|DAATGB010000016.1|34086-34454|+|g2430,VFDB,gb|NP_460378,100.0,100.0,Effector delivery system,(ssaM) type III secretion system protein SsaM,,,
GCA_000329025.1,GCA_000329025.1|ALFF01000063.1|60351-60848|-|g2162,VFDB,gb|NP_461807,100.0,100.0,Effector delivery system,(sicA) chaparone for SipC and SipB,,,
GCA_000329025.1,GCA_000329025.1|ALFF01000063.1|58567-60348|-|g2161,VFDB,gb|NP_461806,100.0,100.0,Effector delivery system,"(sipB/sspB) type III secretion system hydrophilic translocator, pore protein SipB (Salmonella invasion protein B)",,,
GCA_000329025.1,GCA_000329025.1|ALFF01000063.1|57310-58539|-|g2160,VFDB,gb|NP_461805,100.0,100.0,Effector delivery system,"(sipC/sspC) type III secretion system hydrophilic translocator, pore protein SipC",,,
GCA_000329025.1,GCA_000329025.1|ALFF01000063.1|49309-50970|+|g2152,VFDB,gb|NP_461797,100.0,100.0,Effector delivery system,(hilA) transcriptional regulator,,,
GCA_000329025.1,GCA_000329025.1|ALFF01000063.1|47288-48217|+|g2151,VFDB,gb|NP_461796,100.0,100.0,Effector delivery system,(hilD) AraC family transcriptional regulator,,,
GCA_000329025.1,GCA_000329025.1|ALFF01000063.1|45527-45769|-|g2149,VFDB,gb|NP_461794,100.0,100.0,Effector delivery system,(prgI) type III secretion system needle filament protein PrgI,,,
GCA_000329025.1,GCA_000329025.1|ALFF01000063.1|45203-45508|-|g2148,VFDB,gb|NP_461793,100.0,100.0,Effector delivery system,(prgJ) type III secretion system inner rod protein PrgJ,,,
GCA_000329025.1,GCA_000329025.1|ALFF01000063.1|44448-45206|-|g2147,VFDB,gb|NP_461792,100.0,100.0,Effector delivery system,(prgK) type III secretion system inner MS ring protein PrgK,,,
GCA_000329025.1,GCA_000329025.1|ALFF01000063.1|43877-44455|-|g2146,VFDB,gb|NP_461791,100.0,96.5,Effector delivery system,(orgA/sctK) type III secretion system accessory cytosolic protein OrgA,,,
GCA_010714675.1,GCA_010714675.1|DAATGB010000016.1|30513-30803|+|g2424,VFDB,gb|NP_460372,100.0,78.1,Effector delivery system,(ssaH) type III secretion system protein SsaH,,,
GCA_010714675.1,GCA_010714675.1|DAATGB010000016.1|30320-30535|+|g2423,VFDB,gb|NP_460371,100.0,100.0,Effector delivery system,(ssaG) type III secretion system needle filament protein SsaG,,,
GCA_010714675.1,GCA_010714675.1|DAATGB010000016.1|28314-28742|+|g2420,VFDB,gb|NP_460368,100.0,98.6,Effector delivery system,(sscB) chaperone for sseF,,,
GCA_010714675.1,GCA_010714675.1|DAATGB010000016.1|27840-28256|+|g2419,VFDB,gb|NP_460367,100.0,100.0,Effector delivery system,(sseE) type III secretion system effector SseE,,,
GCA_000329025.1,GCA_000329025.1|ALFF01000063.1|95046-96038|-|g2198,VFDB,gb|NP_461845,100.0,100.0,Regulation,(rpoS) RNA polymerase sigma factor RpoS,,,
GCA_000329025.1,GCA_000329025.1|ALFF01000063.1|72735-73484|-|g2175,VFDB,gb|NP_461820,100.0,86.7,Effector delivery system,(invF) type III secretion system regulatory protein InvF,,,
GCA_000329025.1,GCA_000329025.1|ALFF01000063.1|71050-72738|-|g2174,VFDB,gb|NP_461819,100.0,100.0,Effector delivery system,(invG) type III secretion system secretin invG,,,
GCA_000329025.1,GCA_000329025.1|ALFF01000063.1|69935-71053|-|g2173,VFDB,gb|NP_461818,100.0,100.0,Effector delivery system,(invE) type III secretion system gatekeeper invE,,,
GCA_000329025.1,GCA_000329025.1|ALFF01000063.1|67853-69910|-|g2172,VFDB,gb|NP_461817,100.0,100.0,Effector delivery system,(invA) type III secretion system major export apparatus protein InvA,,,
GCA_000329025.1,GCA_000329025.1|ALFF01000063.1|67422-67829|-|g2171,VFDB,gb|NP_461816,100.0,100.0,Effector delivery system,(invB) type III secretion system protein InvB,,,
GCA_000329025.1,GCA_000329025.1|ALFF01000063.1|66130-67425|-|g2170,VFDB,gb|NP_461815,100.0,100.0,Effector delivery system,(invC/sctN) type III secretion system ATPase InvC,,,
GCA_000329025.1,GCA_000329025.1|ALFF01000063.1|65709-66152|-|g2169,VFDB,gb|NP_461814,100.0,100.0,Effector delivery system,(invI) type III secretion system stalk protein InvI,,,
GCA_000329025.1,GCA_000329025.1|ALFF01000063.1|63124-63798|-|g2166,VFDB,gb|NP_461811,100.0,100.0,Effector delivery system,(spaP) type III secretion system minor export apparatus protein SpaP,,,
GCA_000329025.1,GCA_000329025.1|ALFF01000063.1|62838-63098|-|g2165,VFDB,gb|NP_461810,100.0,100.0,Effector delivery system,(spaQ) type III secretion system minor export apparatus protein SpaQ,,,
GCA_000329025.1,GCA_000329025.1|ALFF01000063.1|60986-62056|-|g2163,VFDB,gb|NP_461808,100.0,100.0,Effector delivery system,(spaS) type III secretion system export apparatus switch protein SpaS,,,
GCA_010714675.1,GCA_010714675.1|DAATGB010000016.1|16950-17588|-|g2408,VFDB,gb|NP_460356,100.0,100.0,Effector delivery system,(ssrB) DNA-binding response regulator,,,
GCA_010714675.1,GCA_010714675.1|DAATGB010000015.1|72733-73482|-|g2347,VFDB,gb|NP_461820,100.0,86.7,Effector delivery system,(invF) type III secretion system regulatory protein InvF,,,
GCA_010714675.1,GCA_010714675.1|DAATGB010000015.1|69933-71051|-|g2345,VFDB,gb|NP_461818,100.0,100.0,Effector delivery system,(invE) type III secretion system gatekeeper invE,,,
GCA_010714675.1,GCA_010714675.1|DAATGB010000015.1|67420-67827|-|g2343,VFDB,gb|NP_461816,100.0,100.0,Effector delivery system,(invB) type III secretion system protein InvB,,,
GCA_010714675.1,GCA_010714675.1|DAATGB010000015.1|66128-67423|-|g2342,VFDB,gb|NP_461815,100.0,100.0,Effector delivery system,(invC/sctN) type III secretion system ATPase InvC,,,
GCA_010714675.1,GCA_010714675.1|DAATGB010000015.1|65707-66150|-|g2341,VFDB,gb|NP_461814,100.0,100.0,Effector delivery system,(invI) type III secretion system stalk protein InvI,,,
GCA_010714675.1,GCA_010714675.1|DAATGB010000015.1|63122-63796|-|g2338,VFDB,gb|NP_461811,100.0,100.0,Effector delivery system,(spaP) type III secretion system minor export apparatus protein SpaP,,,
GCA_010714675.1,GCA_010714675.1|DAATGB010000015.1|62836-63096|-|g2337,VFDB,gb|NP_461810,100.0,100.0,Effector delivery system,(spaQ) type III secretion system minor export apparatus protein SpaQ,,,
GCA_010714675.1,GCA_010714675.1|DAATGB010000015.1|62041-62832|-|g2336,VFDB,gb|NP_461809,100.0,100.0,Effector delivery system,(spaR) type III secretion system minor export apparatus protein SpaR,,,
GCA_000329025.1,GCA_000329025.1|ALFF01000097.1|5217-5672|-|g3791,VFDB,gb|NP_460114,100.0,100.0,Adherence,"(csgB) minor curlin subunit precursor, curli nucleator protein CsgB",,,
GCA_000329025.1,GCA_000329025.1|ALFF01000097.1|4720-5175|-|g3790,VFDB,gb|NP_460115,100.0,100.0,Adherence,(csgA) curlin major subunit CsgA,,,
GCA_000329025.1,GCA_000329025.1|ALFF01000097.1|4332-4658|-|g3789,VFDB,gb|NP_460116,100.0,100.0,Adherence,(csgC) curli assembly protein CsgC,,,
GCA_000329025.1,GCA_000329025.1|ALFF01000083.1|138668-139747|+|g3285,VFDB,gb|NP_463156.1,100.0,99.2,Regulation,(pmrB) sensory kinase PmrB,,,
GCA_000329025.1,GCA_000329025.1|ALFF01000083.1|137999-138667|+|g3284,VFDB,gb|NP_463157.1,100.0,100.0,Regulation,(pmrA) response regulator PmrA,,,
GCA_000329025.1,GCA_000329025.1|ALFF01000076.1|14568-15308|-|g2942,VFDB,gb|NP_490536,100.0,100.0,Antimicrobial activity/Competitive advantage,(mig-5) putative carbonic anhydrase,,,
GCA_000329025.1,GCA_000329025.1|ALFF01000076.1|5232-7007|-|g2932,VFDB,gb|NP_490529,100.0,100.0,Effector delivery system,"(spvB) type III secretion system effector SpvB, ADP-ribosylation activity",,,
GCA_000329025.1,GCA_000329025.1|ALFF01000076.1|4226-4951|-|g2931,VFDB,gb|NP_490528,100.0,100.0,Effector delivery system,"(spvC) type III secretion system effector SpvC, phosphothreonine lyase",,,
GCA_000329025.1,GCA_000329025.1|ALFF01000068.1|65546-66232|+|g2652,VFDB,gb|NP_460029.1,100.0,100.0,Effector delivery system,"(gtgE) type III secretion system effector GtgE (Gifsy-2 gene E), cysteine protease",,,
GCA_010714675.1,GCA_010714675.1|DAATGB010000015.1|60984-62054|-|g2335,VFDB,gb|NP_461808,100.0,100.0,Effector delivery system,(spaS) type III secretion system export apparatus switch protein SpaS,,,
GCA_010714675.1,GCA_010714675.1|DAATGB010000015.1|60349-60846|-|g2334,VFDB,gb|NP_461807,100.0,100.0,Effector delivery system,(sicA) chaparone for SipC and SipB,,,
GCA_010714675.1,GCA_010714675.1|DAATGB010000015.1|58565-60346|-|g2333,VFDB,gb|NP_461806,100.0,100.0,Effector delivery system,"(sipB/sspB) type III secretion system hydrophilic translocator, pore protein SipB (Salmonella invasion protein B)",,,
GCA_010714675.1,GCA_010714675.1|DAATGB010000015.1|57308-58537|-|g2332,VFDB,gb|NP_461805,100.0,100.0,Effector delivery system,"(sipC/sspC) type III secretion system hydrophilic translocator, pore protein SipC",,,
GCA_010714675.1,GCA_010714675.1|DAATGB010000015.1|53140-53532|-|g2327,VFDB,gb|NP_461800,100.0,100.0,Effector delivery system,(sicP) chaparone for SptP,,,
GCA_010714675.1,GCA_010714675.1|DAATGB010000015.1|50986-51468|+|g2324,VFDB,gb|NP_461798,100.0,100.0,Effector delivery system,(iagB) invasion protein IagB,,,
GCA_010714675.1,GCA_010714675.1|DAATGB010000015.1|49307-50968|+|g2323,VFDB,gb|NP_461797,100.0,100.0,Effector delivery system,(hilA) transcriptional regulator,,,
GCA_010714675.1,GCA_010714675.1|DAATGB010000015.1|45526-45768|-|g2320,VFDB,gb|NP_461794,100.0,100.0,Effector delivery system,(prgI) type III secretion system needle filament protein PrgI,,,
GCA_010714675.1,GCA_010714675.1|DAATGB010000015.1|45202-45507|-|g2319,VFDB,gb|NP_461793,100.0,100.0,Effector delivery system,(prgJ) type III secretion system inner rod protein PrgJ,,,
GCA_010714675.1,GCA_010714675.1|DAATGB010000015.1|44447-45205|-|g2318,VFDB,gb|NP_461792,100.0,100.0,Effector delivery system,(prgK) type III secretion system inner MS ring protein PrgK,,,
GCA_010714675.1,GCA_010714675.1|DAATGB010000015.1|43876-44454|-|g2317,VFDB,gb|NP_461791,100.0,96.5,Effector delivery system,(orgA/sctK) type III secretion system accessory cytosolic protein OrgA,,,
GCA_000329025.1,GCA_000329025.1|ALFF01000109.1|136169-136693|-|g4129,VFDB,gb|NP_462541,100.0,97.8,Adherence,(lpfA) long polar fimbria protein LpfA,,,
GCA_000329025.1,GCA_000329025.1|ALFF01000109.1|135386-136084|-|g4128,VFDB,gb|NP_462540,100.0,100.0,Adherence,(lpfB) long polar fimbrial chaperone protein LpfB,,,
GCA_000329025.1,GCA_000329025.1|ALFF01000109.1|131205-131732|-|g4125,VFDB,gb|NP_462537,100.0,100.0,Adherence,"(lpfE) long polar fimbrial minor subunit LpfE, adhesin",,,
GCA_000329025.1,GCA_000329025.1|ALFF01000106.1|1705-2223|-|g3961,VFDB,gb|NP_459286,100.0,99.4,Effector delivery system,"(tlde1) type VI secretion system effector tlde1, L,D-transpeptidase",,,
GCA_000329025.1,GCA_000329025.1|ALFF01000097.1|7947-8780|+|g3795,VFDB,gb|NP_460110,100.0,100.0,Adherence,(csgG) curli production assembly/transport protein CsgG,,,
GCA_000329025.1,GCA_000329025.1|ALFF01000097.1|7504-7920|+|g3794,VFDB,gb|NP_460111,100.0,100.0,Adherence,(csgF) curli production assembly/transport protein CsgF,,,
GCA_000329025.1,GCA_000329025.1|ALFF01000097.1|7082-7477|+|g3793,VFDB,gb|NP_460112,100.0,100.0,Adherence,(csgE) curli production assembly/transport protein CsgE,,,
GCA_000329025.1,GCA_000329025.1|ALFF01000097.1|6427-7077|+|g3792,VFDB,gb|NP_460113,100.0,100.0,Adherence,(csgD) DNA-binding transcriptional regulator CsgD,,,
GCA_000330625.1,GCA_000330625.1|ANOT01000028.1|18547-18999|-|g1270,VFDB,gb|NP_459678,100.0,100.0,Regulation,(fur) ferric iron uptake transcriptional regulator,,,
GCA_000330625.1,GCA_000330625.1|ANOT01000022.1|9887-10555|-|g651,VFDB,gb|NP_463157.1,100.0,100.0,Regulation,(pmrA) response regulator PmrA,,,
GCA_000330625.1,GCA_000330625.1|ANOT01000022.1|8807-9886|-|g650,VFDB,gb|NP_463156.1,100.0,99.2,Regulation,(pmrB) sensory kinase PmrB,,,
GCA_000329025.1,GCA_000329025.1|ALFF01000120.1|2132-3142|-|g4490,VFDB,gb|NP_463026,100.0,100.0,Effector delivery system,"(sseK1) type III secretion system effector SseK1, Arginine N-Glycosyltransferase",,,
GCA_010714675.1,GCA_010714675.1|DAATGB010000015.1|43239-43919|-|g2316,VFDB,gb|NP_461790,100.0,100.0,Effector delivery system,(orgB/SctL) type III secretion system stator OrgB,,,
GCA_010714675.1,GCA_010714675.1|DAATGB010000015.1|40418-41173|-|g2313,VFDB,gb|NP_461787,100.0,100.0,Effector delivery system,(sprB) transcriptional regulator,,,
GCA_010714675.1,GCA_010714675.1|DAATGB010000011.1|127129-128004|-|g1909,VFDB,gb|NP_460061,100.0,100.0,Effector delivery system,(pipB) type III secretion system effector PipB,,,
GCA_010714675.1,GCA_010714675.1|DAATGB010000011.1|80910-81443|-|g1868,VFDB,gb|NP_460019,100.0,100.0,Stress survival,(sodCI) Gifsy-2 prophage: superoxide dismutase precursor (Cu-Zn),,,
GCA_010714675.1,GCA_010714675.1|DAATGB010000008.1|79612-80139|+|g1441,VFDB,gb|NP_462537,100.0,100.0,Adherence,"(lpfE) long polar fimbrial minor subunit LpfE, adhesin",,,
GCA_010714675.1,GCA_010714675.1|DAATGB010000008.1|78527-79606|+|g1440,VFDB,gb|NP_462538,100.0,100.0,Adherence,(lpfD) long polar fimbrial protein LpfD,,,
GCA_010714675.1,GCA_010714675.1|DAATGB010000008.1|75981-78509|+|g1439,VFDB,gb|NP_462539,100.0,100.0,Adherence,(lpfC) long polar fimbrial usher protein LpfC,,,
GCA_010714675.1,GCA_010714675.1|DAATGB010000008.1|75260-75958|+|g1438,VFDB,gb|NP_462540,100.0,100.0,Adherence,(lpfB) long polar fimbrial chaperone protein LpfB,,,
GCA_010714675.1,GCA_010714675.1|DAATGB010000008.1|74651-75175|+|g1437,VFDB,gb|NP_462541,100.0,97.8,Adherence,(lpfA) long polar fimbria protein LpfA,,,
GCA_010714675.1,GCA_010714675.1|DAATGB010000005.1|98378-99100|-|g964,VFDB,gb|NP_460811,100.0,100.0,Effector delivery system,"(sopE2) type III secretion system effector SopE2, guanine nucleotide exchange factor",,,
GCA_010714675.1,GCA_010714675.1|DAATGB010000004.1|62780-63859|+|g759,VFDB,gb|NP_463156.1,100.0,99.2,Regulation,(pmrB) sensory kinase PmrB,,,
GCA_010714675.1,GCA_010714675.1|DAATGB010000004.1|62111-62779|+|g758,VFDB,gb|NP_463157.1,100.0,100.0,Regulation,(pmrA) response regulator PmrA,,,
GCA_010714675.1,GCA_010714675.1|DAATGB010000002.1|11043-11735|-|g277,VFDB,gb|NP_459540,100.0,100.0,Adherence,(fimC) chaperone protein FimC,,,
GCA_000330625.1,GCA_000330625.1|ANOT01000034.1|54830-55504|-|g1556,VFDB,gb|NP_460201,100.0,100.0,Regulation,(phoP) response regulator in two-component regulatory system with PhoQ,,,
GCA_000330625.1,GCA_000330625.1|ANOT01000033.1|8285-8611|+|g1470,VFDB,gb|NP_460116,100.0,100.0,Adherence,(csgC) curli assembly protein CsgC,,,
GCA_000330625.1,GCA_000330625.1|ANOT01000033.1|7768-8223|+|g1469,VFDB,gb|NP_460115,100.0,100.0,Adherence,(csgA) curlin major subunit CsgA,,,
GCA_000330625.1,GCA_000330625.1|ANOT01000033.1|7271-7726|+|g1468,VFDB,gb|NP_460114,100.0,100.0,Adherence,"(csgB) minor curlin subunit precursor, curli nucleator protein CsgB",,,
GCA_000330625.1,GCA_000330625.1|ANOT01000033.1|5866-6516|-|g1467,VFDB,gb|NP_460113,100.0,100.0,Adherence,(csgD) DNA-binding transcriptional regulator CsgD,,,
GCA_000330625.1,GCA_000330625.1|ANOT01000033.1|5023-5439|-|g1465,VFDB,gb|NP_460111,100.0,100.0,Adherence,(csgF) curli production assembly/transport protein CsgF,,,
GCA_000330625.1,GCA_000330625.1|ANOT01000033.1|4163-4996|-|g1464,VFDB,gb|NP_460110,100.0,100.0,Adherence,(csgG) curli production assembly/transport protein CsgG,,,
GCA_010123345.1,GCA_010123345.1|DAAMFF010000045.1|16938-17576|-|g4324,VFDB,gb|NP_460356,100.0,100.0,Effector delivery system,(ssrB) DNA-binding response regulator,,,
GCA_010123345.1,GCA_010123345.1|DAAMFF010000044.1|7234-7686|-|g4293,VFDB,gb|NP_459678,100.0,100.0,Regulation,(fur) ferric iron uptake transcriptional regulator,,,
GCA_010123345.1,GCA_010123345.1|DAAMFF010000039.1|11277-12740|+|g4128,VFDB,gb|NP_460200,100.0,100.0,Regulation,(phoQ) sensor protein PhoQ,,,
GCA_010123345.1,GCA_010123345.1|DAAMFF010000039.1|10603-11277|+|g4127,VFDB,gb|NP_460201,100.0,100.0,Regulation,(phoP) response regulator in two-component regulatory system with PhoQ,,,
GCA_010123345.1,GCA_010123345.1|DAAMFF010000037.1|27560-28093|-|g4070,VFDB,gb|NP_460019,100.0,100.0,Stress survival,(sodCI) Gifsy-2 prophage: superoxide dismutase precursor (Cu-Zn),,,
GCA_010123345.1,GCA_010123345.1|DAAMFF010000019.1|16869-17927|+|g2992,VFDB,gb|NP_460387,100.0,100.0,Effector delivery system,(ssaU) type III secretion system export apparatus switch protein SsaU,,,
GCA_010123345.1,GCA_010123345.1|DAAMFF010000019.1|15826-16092|+|g2990,VFDB,gb|NP_460385,100.0,100.0,Effector delivery system,(ssaS) type III secretion system minor export apparatus protein SsaS,,,
GCA_010123345.1,GCA_010123345.1|DAAMFF010000019.1|13791-14165|+|g2987,VFDB,gb|NP_460382,100.0,100.0,Effector delivery system,(ssaP) type III secretion system needle length regulator SsaP,,,
GCA_010123345.1,GCA_010123345.1|DAAMFF010000019.1|13379-13810|+|g2986,VFDB,gb|NP_460381,100.0,87.4,Effector delivery system,(ssaO) type III secretion system stalk protein SsaO,,,
GCA_010123345.1,GCA_010123345.1|DAAMFF010000019.1|10094-12139|+|g2984,VFDB,gb|NP_460379,100.0,100.0,Effector delivery system,(ssaV) type III secretion system major export apparatus protein ssaV,,,
GCA_010123345.1,GCA_010123345.1|DAAMFF010000019.1|9741-10109|+|g2983,VFDB,gb|NP_460378,100.0,100.0,Effector delivery system,(ssaM) type III secretion system protein SsaM,,,
GCA_000330625.1,GCA_000330625.1|ANOT01000034.1|226574-226864|+|g1729,VFDB,gb|NP_460372,100.0,78.1,Effector delivery system,(ssaH) type III secretion system protein SsaH,,,
GCA_000330625.1,GCA_000330625.1|ANOT01000034.1|226381-226596|+|g1728,VFDB,gb|NP_460371,100.0,100.0,Effector delivery system,(ssaG) type III secretion system needle filament protein SsaG,,,
GCA_000330625.1,GCA_000330625.1|ANOT01000034.1|224375-224803|+|g1725,VFDB,gb|NP_460368,100.0,98.6,Effector delivery system,(sscB) chaperone for sseF,,,
GCA_010123345.1,GCA_010123345.1|DAAMFF010000019.1|6455-6718|+|g2978,VFDB,gb|NP_460373,100.0,94.3,Effector delivery system,(ssaI) type III secretion system inner rod protein SsaI,,,
GCA_010123345.1,GCA_010123345.1|DAAMFF010000019.1|6168-6458|+|g2977,VFDB,gb|NP_460372,100.0,78.1,Effector delivery system,(ssaH) type III secretion system protein SsaH,,,
GCA_010123345.1,GCA_010123345.1|DAAMFF010000019.1|5975-6190|+|g2976,VFDB,gb|NP_460371,100.0,100.0,Effector delivery system,(ssaG) type III secretion system needle filament protein SsaG,,,
GCA_010123345.1,GCA_010123345.1|DAAMFF010000019.1|3969-4397|+|g2973,VFDB,gb|NP_460368,100.0,98.6,Effector delivery system,(sscB) chaperone for sseF,,,
GCA_010123345.1,GCA_010123345.1|DAAMFF010000019.1|3495-3911|+|g2972,VFDB,gb|NP_460367,100.0,100.0,Effector delivery system,(sseE) type III secretion system effector SseE,,,
GCA_010123345.1,GCA_010123345.1|DAAMFF010000014.1|63009-64088|+|g2569,VFDB,gb|NP_463156.1,100.0,99.2,Regulation,(pmrB) sensory kinase PmrB,,,
GCA_010123345.1,GCA_010123345.1|DAAMFF010000014.1|62340-63008|+|g2568,VFDB,gb|NP_463157.1,100.0,100.0,Regulation,(pmrA) response regulator PmrA,,,
GCA_010123345.1,GCA_010123345.1|DAAMFF010000007.1|137625-137951|+|g1679,VFDB,gb|NP_460116,100.0,100.0,Adherence,(csgC) curli assembly protein CsgC,,,
GCA_010123345.1,GCA_010123345.1|DAAMFF010000007.1|137108-137563|+|g1678,VFDB,gb|NP_460115,100.0,100.0,Adherence,(csgA) curlin major subunit CsgA,,,
GCA_010123345.1,GCA_010123345.1|DAAMFF010000007.1|136611-137066|+|g1677,VFDB,gb|NP_460114,100.0,100.0,Adherence,"(csgB) minor curlin subunit precursor, curli nucleator protein CsgB",,,
GCA_010123345.1,GCA_010123345.1|DAAMFF010000007.1|134806-135201|-|g1675,VFDB,gb|NP_460112,100.0,100.0,Adherence,(csgE) curli production assembly/transport protein CsgE,,,
GCA_010123345.1,GCA_010123345.1|DAAMFF010000007.1|134363-134779|-|g1674,VFDB,gb|NP_460111,100.0,100.0,Adherence,(csgF) curli production assembly/transport protein CsgF,,,
GCA_010123345.1,GCA_010123345.1|DAAMFF010000007.1|133503-134336|-|g1673,VFDB,gb|NP_460110,100.0,100.0,Adherence,(csgG) curli production assembly/transport protein CsgG,,,
GCA_010123345.1,GCA_010123345.1|DAAMFF010000004.1|57146-57673|+|g1031,VFDB,gb|NP_462537,100.0,100.0,Adherence,"(lpfE) long polar fimbrial minor subunit LpfE, adhesin",,,
GCA_010123345.1,GCA_010123345.1|DAAMFF010000004.1|52794-53492|+|g1028,VFDB,gb|NP_462540,100.0,100.0,Adherence,(lpfB) long polar fimbrial chaperone protein LpfB,,,
GCA_000330625.1,GCA_000330625.1|ANOT01000034.1|236232-236498|+|g1742,VFDB,gb|NP_460385,100.0,100.0,Effector delivery system,(ssaS) type III secretion system minor export apparatus protein SsaS,,,
GCA_000330625.1,GCA_000330625.1|ANOT01000034.1|233785-234216|+|g1738,VFDB,gb|NP_460381,100.0,87.4,Effector delivery system,(ssaO) type III secretion system stalk protein SsaO,,,
GCA_010123345.1,GCA_010123345.1|DAAMFF010000004.1|52185-52709|+|g1027,VFDB,gb|NP_462541,100.0,97.8,Adherence,(lpfA) long polar fimbria protein LpfA,,,
GCA_010123345.1,GCA_010123345.1|DAAMFF010000002.1|95791-96783|-|g457,VFDB,gb|NP_461845,100.0,100.0,Regulation,(rpoS) RNA polymerase sigma factor RpoS,,,
GCA_010123345.1,GCA_010123345.1|DAAMFF010000002.1|71843-72592|-|g431,VFDB,gb|NP_461820,100.0,86.7,Effector delivery system,(invF) type III secretion system regulatory protein InvF,,,
GCA_010123345.1,GCA_010123345.1|DAAMFF010000002.1|69043-70161|-|g429,VFDB,gb|NP_461818,100.0,100.0,Effector delivery system,(invE) type III secretion system gatekeeper invE,,,
GCA_010123345.1,GCA_010123345.1|DAAMFF010000002.1|66961-69018|-|g428,VFDB,gb|NP_461817,100.0,100.0,Effector delivery system,(invA) type III secretion system major export apparatus protein InvA,,,
GCA_010123345.1,GCA_010123345.1|DAAMFF010000002.1|66530-66937|-|g427,VFDB,gb|NP_461816,100.0,100.0,Effector delivery system,(invB) type III secretion system protein InvB,,,
GCA_010123345.1,GCA_010123345.1|DAAMFF010000002.1|65238-66533|-|g426,VFDB,gb|NP_461815,100.0,100.0,Effector delivery system,(invC/sctN) type III secretion system ATPase InvC,,,
GCA_010123345.1,GCA_010123345.1|DAAMFF010000002.1|64817-65260|-|g425,VFDB,gb|NP_461814,100.0,100.0,Effector delivery system,(invI) type III secretion system stalk protein InvI,,,
GCA_010123345.1,GCA_010123345.1|DAAMFF010000002.1|62232-62906|-|g422,VFDB,gb|NP_461811,100.0,100.0,Effector delivery system,(spaP) type III secretion system minor export apparatus protein SpaP,,,
GCA_010123345.1,GCA_010123345.1|DAAMFF010000002.1|61946-62206|-|g421,VFDB,gb|NP_461810,100.0,100.0,Effector delivery system,(spaQ) type III secretion system minor export apparatus protein SpaQ,,,
GCA_010123345.1,GCA_010123345.1|DAAMFF010000002.1|61151-61942|-|g420,VFDB,gb|NP_461809,100.0,100.0,Effector delivery system,(spaR) type III secretion system minor export apparatus protein SpaR,,,
GCA_010123345.1,GCA_010123345.1|DAAMFF010000002.1|60094-61164|-|g419,VFDB,gb|NP_461808,100.0,100.0,Effector delivery system,(spaS) type III secretion system export apparatus switch protein SpaS,,,
GCA_010123345.1,GCA_010123345.1|DAAMFF010000002.1|59459-59956|-|g418,VFDB,gb|NP_461807,100.0,100.0,Effector delivery system,(sicA) chaparone for SipC and SipB,,,
GCA_010123345.1,GCA_010123345.1|DAAMFF010000002.1|57675-59456|-|g417,VFDB,gb|NP_461806,100.0,100.0,Effector delivery system,"(sipB/sspB) type III secretion system hydrophilic translocator, pore protein SipB (Salmonella invasion protein B)",,,
GCA_010123345.1,GCA_010123345.1|DAAMFF010000002.1|56418-57647|-|g416,VFDB,gb|NP_461805,100.0,100.0,Effector delivery system,"(sipC/sspC) type III secretion system hydrophilic translocator, pore protein SipC",,,
GCA_010123345.1,GCA_010123345.1|DAAMFF010000002.1|52250-52642|-|g411,VFDB,gb|NP_461800,100.0,100.0,Effector delivery system,(sicP) chaparone for SptP,,,
GCA_010123345.1,GCA_010123345.1|DAAMFF010000002.1|48417-50078|+|g408,VFDB,gb|NP_461797,100.0,100.0,Effector delivery system,(hilA) transcriptional regulator,,,
GCA_010123345.1,GCA_010123345.1|DAAMFF010000002.1|46397-47326|+|g407,VFDB,gb|NP_461796,100.0,100.0,Effector delivery system,(hilD) AraC family transcriptional regulator,,,
GCA_010123345.1,GCA_010123345.1|DAAMFF010000002.1|44312-44617|-|g404,VFDB,gb|NP_461793,100.0,100.0,Effector delivery system,(prgJ) type III secretion system inner rod protein PrgJ,,,
GCA_010123345.1,GCA_010123345.1|DAAMFF010000002.1|43557-44315|-|g403,VFDB,gb|NP_461792,100.0,100.0,Effector delivery system,(prgK) type III secretion system inner MS ring protein PrgK,,,
GCA_010123345.1,GCA_010123345.1|DAAMFF010000002.1|42986-43564|-|g402,VFDB,gb|NP_461791,100.0,96.5,Effector delivery system,(orgA/sctK) type III secretion system accessory cytosolic protein OrgA,,,
GCA_010123345.1,GCA_010123345.1|DAAMFF010000002.1|42349-43029|-|g401,VFDB,gb|NP_461790,100.0,100.0,Effector delivery system,(orgB/SctL) type III secretion system stator OrgB,,,
GCA_010123345.1,GCA_010123345.1|DAAMFF010000002.1|40668-41555|-|g399,VFDB,gb|NP_461788,100.0,100.0,Effector delivery system,(hilC) AraC family transcriptional regulator,,,
GCA_010123345.1,GCA_010123345.1|DAAMFF010000002.1|39528-40283|-|g398,VFDB,gb|NP_461787,100.0,100.0,Effector delivery system,(sprB) transcriptional regulator,,,
GCA_010123345.1,GCA_010123345.1|DAAMFF010000001.1|365204-365689|-|g337,VFDB,gb|NP_459274,100.0,100.0,Effector delivery system,(STM0276) Hcp1 family type VI secretion system effector,,,
GCA_010123345.1,GCA_010123345.1|DAAMFF010000001.1|364415-364900|-|g336,VFDB,gb|NP_459275,100.0,100.0,Effector delivery system,"(tae4) type VI secretion system effector tae4, L,D-endopeptidase",,,
GCA_010123345.1,GCA_010123345.1|DAAMFF010000001.1|363419-363904|-|g334,VFDB,gb|NP_459277,100.0,100.0,Effector delivery system,(STM0279) Hcp1 family type VI secretion system effector,,,
GCA_010123345.1,GCA_010123345.1|DAAMFF010000001.1|360168-361472|-|g331,VFDB,gb|NP_459280,100.0,100.0,Effector delivery system,(STM0282) hypothetical protein,,,
GCA_000330625.1,GCA_000330625.1|ANOT01000046.1|58002-58634|-|g2778,VFDB,gb|NP_459544,100.0,100.0,Adherence,(fimZ) DNA-binding response regulator,,,
GCA_010123345.1,GCA_010123345.1|DAAMFF010000001.1|353653-354039|-|g326,VFDB,gb|NP_459285,100.0,92.8,Effector delivery system,(STM0287) putative periplasmic protein,,,
GCA_010123345.1,GCA_010123345.1|DAAMFF010000001.1|353108-353629|-|g325,VFDB,gb|NP_459286,100.0,100.0,Effector delivery system,"(tlde1) type VI secretion system effector tlde1, L,D-transpeptidase",,,
GCA_010123345.1,GCA_010123345.1|DAAMFF010000001.1|350053-350499|-|g323,VFDB,gb|NP_459288,100.0,100.0,Effector delivery system,(STM0290) hypothetical protein,,,
GCA_010123345.1,GCA_010123345.1|DAAMFF010000001.1|80289-80822|-|g76,VFDB,gb|NP_459539,100.0,100.0,Adherence,(fimI) fimbrial protein internal segment,,,
GCA_010123345.1,GCA_010123345.1|DAAMFF010000001.1|75360-75878|-|g72,VFDB,gb|NP_459543,100.0,100.0,Adherence,(fimF) type I fimbriae adaptor protein FimF,,,
GCA_010123345.1,GCA_010123345.1|DAAMFF010000001.1|74682-75314|+|g71,VFDB,gb|NP_459544,100.0,100.0,Adherence,(fimZ) DNA-binding response regulator,,,
GCA_010123015.1,GCA_010123015.1|DAAMFD010000039.1|4964-5497|+|g4521,VFDB,gb|NP_460019,100.0,100.0,Stress survival,(sodCI) Gifsy-2 prophage: superoxide dismutase precursor (Cu-Zn),,,
GCA_010123015.1,GCA_010123015.1|DAAMFD010000035.1|18297-19307|-|g4409,VFDB,gb|NP_463026,100.0,100.0,Effector delivery system,"(sseK1) type III secretion system effector SseK1, Arginine N-Glycosyltransferase",,,
GCA_010123015.1,GCA_010123015.1|DAAMFD010000027.1|13827-14723|+|g4069,VFDB,gb|NP_461708,100.0,100.0,Antimicrobial activity/Competitive advantage,(mig-14) antimicrobial peptide resistance protein Mig-14,,,
GCA_010123015.1,GCA_010123015.1|DAAMFD010000027.1|11034-12086|-|g4067,VFDB,gb|NP_461706,100.0,100.0,Effector delivery system,(pipB2) type III secretion system effector PipB3,,,
GCA_010123015.1,GCA_010123015.1|DAAMFD010000025.1|44785-45744|-|g3975,VFDB,gb|NP_459947,100.0,100.0,Effector delivery system,(sopD2) type III secretion system effector SopD2,,,
GCA_010123015.1,GCA_010123015.1|DAAMFD010000024.1|62552-63004|+|g3924,VFDB,gb|NP_459678,100.0,100.0,Regulation,(fur) ferric iron uptake transcriptional regulator,,,
GCA_010123015.1,GCA_010123015.1|DAAMFD010000022.1|40913-42598|-|g3753,VFDB,gb|NP_460064,100.0,100.0,Effector delivery system,"(sopB/sigD) type III secretion system effector SopB, phosphoinositide phosphatase",,,
GCA_010123015.1,GCA_010123015.1|DAAMFD010000022.1|39132-40007|-|g3751,VFDB,gb|NP_460061,100.0,100.0,Effector delivery system,(pipB) type III secretion system effector PipB,,,
GCA_010123015.1,GCA_010123015.1|DAAMFD010000022.1|5248-5934|-|g3720,VFDB,gb|NP_460029.1,100.0,100.0,Effector delivery system,"(gtgE) type III secretion system effector GtgE (Gifsy-2 gene E), cysteine protease",,,
GCA_010123015.1,GCA_010123015.1|DAAMFD010000022.1|2653-3621|+|g3717,VFDB,gb|NP_460026,100.0,100.0,Effector delivery system,"(sseI/srfH) type III secretion system effector SseI/SrfH (SsrB regulated factor H), deamidase",,,
GCA_010123015.1,GCA_010123015.1|DAAMFD010000020.1|80624-81181|+|g3615,VFDB,gb|NP_490501,100.0,100.0,Invasion,(rck) resistance to complement killing,,,
GCA_000330625.1,GCA_000330625.1|ANOT01000058.1|46710-46970|+|g4169,VFDB,gb|NP_461810,100.0,100.0,Effector delivery system,(spaQ) type III secretion system minor export apparatus protein SpaQ,,,
GCA_000330625.1,GCA_000330625.1|ANOT01000058.1|46010-46684|+|g4168,VFDB,gb|NP_461811,100.0,100.0,Effector delivery system,(spaP) type III secretion system minor export apparatus protein SpaP,,,
GCA_000330625.1,GCA_000330625.1|ANOT01000058.1|42383-43678|+|g4164,VFDB,gb|NP_461815,100.0,100.0,Effector delivery system,(invC/sctN) type III secretion system ATPase InvC,,,
GCA_000330625.1,GCA_000330625.1|ANOT01000058.1|41979-42386|+|g4163,VFDB,gb|NP_461816,100.0,100.0,Effector delivery system,(invB) type III secretion system protein InvB,,,
GCA_000330625.1,GCA_000330625.1|ANOT01000058.1|39898-41955|+|g4162,VFDB,gb|NP_461817,100.0,100.0,Effector delivery system,(invA) type III secretion system major export apparatus protein InvA,,,
GCA_000330625.1,GCA_000330625.1|ANOT01000058.1|38755-39873|+|g4161,VFDB,gb|NP_461818,100.0,100.0,Effector delivery system,(invE) type III secretion system gatekeeper invE,,,
GCA_000330625.1,GCA_000330625.1|ANOT01000058.1|37070-38758|+|g4160,VFDB,gb|NP_461819,100.0,100.0,Effector delivery system,(invG) type III secretion system secretin invG,,,
GCA_010123015.1,GCA_010123015.1|DAAMFD010000020.1|75233-75925|+|g3606,VFDB,gb|NP_490508,100.0,100.0,Adherence,(pefD) plasmid-encoded fimbriae chaperone protein PefD,,,
GCA_010123015.1,GCA_010123015.1|DAAMFD010000020.1|72832-75240|+|g3605,VFDB,gb|NP_490509,100.0,100.0,Adherence,(pefC) plasmid-encoded fimbriae usher protein PefC,,,
GCA_010123015.1,GCA_010123015.1|DAAMFD010000020.1|72086-72604|+|g3604,VFDB,gb|NP_490510,100.0,100.0,Adherence,(pefA) plasmid-encoded fimbriae major subunit PefA,,,
GCA_010123015.1,GCA_010123015.1|DAAMFD010000020.1|71509-71811|+|g3603,VFDB,gb|NP_490511,100.0,100.0,Adherence,(pefB) plasmid-encoded fimbriae regulatory protein PefB,,,
GCA_010123015.1,GCA_010123015.1|DAAMFD010000020.1|59256-59906|+|g3587,VFDB,gb|NP_490527,100.0,100.0,Effector delivery system,(spvD) Salmonella plasmid virulence: hydrophilic protein,,,
GCA_010123015.1,GCA_010123015.1|DAAMFD010000020.1|58270-58995|+|g3586,VFDB,gb|NP_490528,100.0,100.0,Effector delivery system,"(spvC) type III secretion system effector SpvC, phosphothreonine lyase",,,
GCA_010123015.1,GCA_010123015.1|DAAMFD010000020.1|56213-57988|+|g3585,VFDB,gb|NP_490529,100.0,100.0,Effector delivery system,"(spvB) type III secretion system effector SpvB, ADP-ribosylation activity",,,
GCA_010123015.1,GCA_010123015.1|DAAMFD010000020.1|47912-48652|+|g3575,VFDB,gb|NP_490536,100.0,100.0,Antimicrobial activity/Competitive advantage,(mig-5) putative carbonic anhydrase,,,
GCA_010123015.1,GCA_010123015.1|DAAMFD010000019.1|94009-94683|-|g3505,VFDB,gb|NP_460201,100.0,100.0,Regulation,(phoP) response regulator in two-component regulatory system with PhoQ,,,
GCA_010123015.1,GCA_010123015.1|DAAMFD010000019.1|92546-94009|-|g3504,VFDB,gb|NP_460200,100.0,100.0,Regulation,(phoQ) sensor protein PhoQ,,,
GCA_010123015.1,GCA_010123015.1|DAAMFD010000019.1|85164-86174|-|g3498,VFDB,gb|NP_460194,100.0,100.0,Effector delivery system,(sifA) type III secretion system effector SifA (Salmonella induced filament protein A),,,
GCA_010123015.1,GCA_010123015.1|DAAMFD010000019.1|7466-7792|+|g3419,VFDB,gb|NP_460116,100.0,100.0,Adherence,(csgC) curli assembly protein CsgC,,,
GCA_010123015.1,GCA_010123015.1|DAAMFD010000019.1|6949-7404|+|g3418,VFDB,gb|NP_460115,100.0,100.0,Adherence,(csgA) curlin major subunit CsgA,,,
GCA_000330625.1,GCA_000330625.1|ANOT01000058.1|64297-64602|+|g4186,VFDB,gb|NP_461793,100.0,100.0,Effector delivery system,(prgJ) type III secretion system inner rod protein PrgJ,,,
GCA_000330625.1,GCA_000330625.1|ANOT01000058.1|61588-62517|-|g4183,VFDB,gb|NP_461796,100.0,100.0,Effector delivery system,(hilD) AraC family transcriptional regulator,,,
GCA_000330625.1,GCA_000330625.1|ANOT01000058.1|58838-60499|-|g4182,VFDB,gb|NP_461797,100.0,100.0,Effector delivery system,(hilA) transcriptional regulator,,,
GCA_000330625.1,GCA_000330625.1|ANOT01000058.1|58338-58820|-|g4181,VFDB,gb|NP_461798,100.0,100.0,Effector delivery system,(iagB) invasion protein IagB,,,
GCA_000330625.1,GCA_000330625.1|ANOT01000058.1|56274-56666|+|g4179,VFDB,gb|NP_461800,100.0,100.0,Effector delivery system,(sicP) chaparone for SptP,,,
GCA_000330625.1,GCA_000330625.1|ANOT01000058.1|48960-49457|+|g4172,VFDB,gb|NP_461807,100.0,100.0,Effector delivery system,(sicA) chaparone for SipC and SipB,,,
GCA_000330625.1,GCA_000330625.1|ANOT01000058.1|46974-47765|+|g4170,VFDB,gb|NP_461809,100.0,100.0,Effector delivery system,(spaR) type III secretion system minor export apparatus protein SpaR,,,
GCA_000474395.1,GCA_000474395.1|AUQU01000001.1|476687-477805|+|g450,VFDB,gb|NP_461818,100.0,100.0,Effector delivery system,(invE) type III secretion system gatekeeper invE,,,
GCA_000474395.1,GCA_000474395.1|AUQU01000001.1|475002-476690|+|g449,VFDB,gb|NP_461819,100.0,100.0,Effector delivery system,(invG) type III secretion system secretin invG,,,
GCA_000474395.1,GCA_000474395.1|AUQU01000001.1|474256-475005|+|g448,VFDB,gb|NP_461820,100.0,86.7,Effector delivery system,(invF) type III secretion system regulatory protein InvF,,,
GCA_000474395.1,GCA_000474395.1|AUQU01000001.1|473455-473898|-|g447,VFDB,gb|NP_461821,100.0,100.0,Effector delivery system,(invH) type III secretion system pilotin invG,,,
GCA_000474395.1,GCA_000474395.1|AUQU01000001.1|451801-452793|+|g424,VFDB,gb|NP_461845,100.0,100.0,Regulation,(rpoS) RNA polymerase sigma factor RpoS,,,
GCA_000474395.1,GCA_000474395.1|AUQU01000001.1|429821-430774|-|g402,VFDB,gb|NP_461866,100.0,100.0,Effector delivery system,(sopD) type III secretion system effector SopD,,,
GCA_010123015.1,GCA_010123015.1|DAAMFD010000019.1|6452-6907|+|g3417,VFDB,gb|NP_460114,100.0,100.0,Adherence,"(csgB) minor curlin subunit precursor, curli nucleator protein CsgB",,,
GCA_010123015.1,GCA_010123015.1|DAAMFD010000019.1|5047-5697|-|g3416,VFDB,gb|NP_460113,100.0,100.0,Adherence,(csgD) DNA-binding transcriptional regulator CsgD,,,
GCA_010123015.1,GCA_010123015.1|DAAMFD010000019.1|4647-5042|-|g3415,VFDB,gb|NP_460112,100.0,100.0,Adherence,(csgE) curli production assembly/transport protein CsgE,,,
GCA_010123015.1,GCA_010123015.1|DAAMFD010000019.1|4204-4620|-|g3414,VFDB,gb|NP_460111,100.0,100.0,Adherence,(csgF) curli production assembly/transport protein CsgF,,,
GCA_010123015.1,GCA_010123015.1|DAAMFD010000019.1|3344-4177|-|g3413,VFDB,gb|NP_460110,100.0,100.0,Adherence,(csgG) curli production assembly/transport protein CsgG,,,
GCA_010123015.1,GCA_010123015.1|DAAMFD010000017.1|94518-101825|+|g3301,VFDB,gb|NP_461449,100.0,100.0,Adherence,(ratB) putative outer membrane protein,,,
GCA_010123015.1,GCA_010123015.1|DAAMFD010000017.1|85426-87618|+|g3298,VFDB,gb|NP_461452,100.0,100.0,Adherence,(sinH) intimin-like protein,,,
GCA_010123015.1,GCA_010123015.1|DAAMFD010000017.1|5757-7226|-|g3230,VFDB,gb|NP_461519,100.0,98.4,Effector delivery system,"(gogB) type III secretion system effector GogB, anti-inflammatory effector",,,
GCA_010123015.1,GCA_010123015.1|DAAMFD010000017.1|4355-4828|-|g3229,VFDB,gb|NP_461520.1,100.0,86.7,Effector delivery system,(steE/sarA) type III secretion system effector StcE; Salmonella anti-inflammatory response activator SarA,,,
GCA_010123015.1,GCA_010123015.1|DAAMFD010000015.1|105539-106594|+|g3116,VFDB,gb|NP_459263,100.0,100.0,Effector delivery system,(STM0266) hypothetical protein,,,
GCA_010123015.1,GCA_010123015.1|DAAMFD010000015.1|104533-105528|+|g3115,VFDB,gb|NP_459264,100.0,100.0,Effector delivery system,(STM0267) sciB domain protein,,,
GCA_010123015.1,GCA_010123015.1|DAAMFD010000015.1|102653-104536|+|g3114,VFDB,gb|NP_459265,100.0,100.0,Effector delivery system,(STM0268) type VI secretion protein,,,
GCA_010123015.1,GCA_010123015.1|DAAMFD010000015.1|102143-102637|+|g3113,VFDB,gb|NP_459266,100.0,100.0,Effector delivery system,(STM0269) hypothetical protein,,,
GCA_010123015.1,GCA_010123015.1|DAAMFD010000015.1|101322-102146|+|g3112,VFDB,gb|NP_459267,100.0,100.0,Effector delivery system,(STM0270) impE family protein,,,
GCA_010123015.1,GCA_010123015.1|DAAMFD010000015.1|100433-101335|+|g3111,VFDB,gb|NP_459268,100.0,100.0,Effector delivery system,(STM0271) hypothetical protein,,,
GCA_010123015.1,GCA_010123015.1|DAAMFD010000015.1|97426-100065|-|g3110,VFDB,gb|NP_459269,100.0,100.0,Effector delivery system,(STM0272) ClpV1 family T6SS ATPase,,,
GCA_000474395.1,GCA_000474395.1|AUQU01000001.1|493627-493875|+|g466,VFDB,gb|NP_461802,100.0,100.0,Effector delivery system,(iacP) putative acyl carrier protein,,,
GCA_000474395.1,GCA_000474395.1|AUQU01000001.1|491551-493608|+|g465,VFDB,gb|NP_461803,100.0,100.0,Effector delivery system,(sipA/sspA) type III secretion system effector SipA (Salmonella invasion protein A),,,
GCA_000474395.1,GCA_000474395.1|AUQU01000001.1|490501-491532|+|g464,VFDB,gb|NP_461804,100.0,100.0,Effector delivery system,"(sipD) type III secretion system hydrophilic translocator, needle tip protein SipD",,,
GCA_000474395.1,GCA_000474395.1|AUQU01000001.1|489201-490430|+|g463,VFDB,gb|NP_461805,100.0,100.0,Effector delivery system,"(sipC/sspC) type III secretion system hydrophilic translocator, pore protein SipC",,,
GCA_000474395.1,GCA_000474395.1|AUQU01000001.1|487392-489173|+|g462,VFDB,gb|NP_461806,100.0,100.0,Effector delivery system,"(sipB/sspB) type III secretion system hydrophilic translocator, pore protein SipB (Salmonella invasion protein B)",,,
GCA_000474395.1,GCA_000474395.1|AUQU01000001.1|486892-487389|+|g461,VFDB,gb|NP_461807,100.0,100.0,Effector delivery system,(sicA) chaparone for SipC and SipB,,,
GCA_000474395.1,GCA_000474395.1|AUQU01000001.1|485684-486754|+|g460,VFDB,gb|NP_461808,100.0,100.0,Effector delivery system,(spaS) type III secretion system export apparatus switch protein SpaS,,,
GCA_000474395.1,GCA_000474395.1|AUQU01000001.1|484906-485697|+|g459,VFDB,gb|NP_461809,100.0,100.0,Effector delivery system,(spaR) type III secretion system minor export apparatus protein SpaR,,,
GCA_000474395.1,GCA_000474395.1|AUQU01000001.1|484642-484902|+|g458,VFDB,gb|NP_461810,100.0,100.0,Effector delivery system,(spaQ) type III secretion system minor export apparatus protein SpaQ,,,
GCA_000474395.1,GCA_000474395.1|AUQU01000001.1|483942-484616|+|g457,VFDB,gb|NP_461811,100.0,100.0,Effector delivery system,(spaP) type III secretion system minor export apparatus protein SpaP,,,
GCA_000474395.1,GCA_000474395.1|AUQU01000001.1|483041-483952|+|g456,VFDB,gb|NP_461812,100.0,100.0,Effector delivery system,(spaO/sctQ) type III secretion system C ring protein SpaO,,,
GCA_000474395.1,GCA_000474395.1|AUQU01000001.1|482031-483041|+|g455,VFDB,gb|NP_461813,100.0,100.0,Effector delivery system,(invJ) type III secretion system needle length regulator InvJ,,,
GCA_000474395.1,GCA_000474395.1|AUQU01000001.1|481588-482031|+|g454,VFDB,gb|NP_461814,100.0,100.0,Effector delivery system,(invI) type III secretion system stalk protein InvI,,,
GCA_000474395.1,GCA_000474395.1|AUQU01000001.1|480315-481610|+|g453,VFDB,gb|NP_461815,100.0,100.0,Effector delivery system,(invC/sctN) type III secretion system ATPase InvC,,,
GCA_000474395.1,GCA_000474395.1|AUQU01000001.1|479911-480318|+|g452,VFDB,gb|NP_461816,100.0,100.0,Effector delivery system,(invB) type III secretion system protein InvB,,,
GCA_000474395.1,GCA_000474395.1|AUQU01000001.1|477830-479887|+|g451,VFDB,gb|NP_461817,100.0,100.0,Effector delivery system,(invA) type III secretion system major export apparatus protein InvA,,,
GCA_000474395.1,GCA_000474395.1|AUQU01000001.1|587390-588286|-|g564,VFDB,gb|NP_461708,100.0,100.0,Antimicrobial activity/Competitive advantage,(mig-14) antimicrobial peptide resistance protein Mig-14,,,
GCA_000474395.1,GCA_000474395.1|AUQU01000001.1|507523-508389|+|g482,VFDB,gb|NP_461786,100.0,95.4,Effector delivery system,"(avrA) type III secretion system effector AvrA, acetyltransferease",,,
GCA_000474395.1,GCA_000474395.1|AUQU01000001.1|506565-507320|+|g481,VFDB,gb|NP_461787,100.0,100.0,Effector delivery system,(sprB) transcriptional regulator,,,
GCA_000474395.1,GCA_000474395.1|AUQU01000001.1|505293-506180|+|g480,VFDB,gb|NP_461788,100.0,100.0,Effector delivery system,(hilC) AraC family transcriptional regulator,,,
GCA_000474395.1,GCA_000474395.1|AUQU01000001.1|504496-504948|+|g479,VFDB,gb|NP_461789,100.0,100.0,Effector delivery system,(orgC) type III secretion system effector OrgC,,,
GCA_000474395.1,GCA_000474395.1|AUQU01000001.1|503819-504499|+|g478,VFDB,gb|NP_461790,100.0,100.0,Effector delivery system,(orgB/SctL) type III secretion system stator OrgB,,,
GCA_000474395.1,GCA_000474395.1|AUQU01000001.1|503284-503862|+|g477,VFDB,gb|NP_461791,100.0,96.5,Effector delivery system,(orgA/sctK) type III secretion system accessory cytosolic protein OrgA,,,
GCA_000474395.1,GCA_000474395.1|AUQU01000001.1|502533-503291|+|g476,VFDB,gb|NP_461792,100.0,100.0,Effector delivery system,(prgK) type III secretion system inner MS ring protein PrgK,,,
GCA_000474395.1,GCA_000474395.1|AUQU01000001.1|502231-502536|+|g475,VFDB,gb|NP_461793,100.0,100.0,Effector delivery system,(prgJ) type III secretion system inner rod protein PrgJ,,,
GCA_000474395.1,GCA_000474395.1|AUQU01000001.1|501970-502212|+|g474,VFDB,gb|NP_461794,100.0,100.0,Effector delivery system,(prgI) type III secretion system needle filament protein PrgI,,,
GCA_000474395.1,GCA_000474395.1|AUQU01000001.1|500710-501945|+|g473,VFDB,gb|NP_461795,100.0,95.4,Effector delivery system,(prgH) type III secretion system outer MS ring protein PrgH,,,
GCA_000474395.1,GCA_000474395.1|AUQU01000001.1|499522-500451|-|g472,VFDB,gb|NP_461796,100.0,100.0,Effector delivery system,(hilD) AraC family transcriptional regulator,,,
GCA_000474395.1,GCA_000474395.1|AUQU01000001.1|496770-498431|-|g471,VFDB,gb|NP_461797,100.0,100.0,Effector delivery system,(hilA) transcriptional regulator,,,
GCA_000474395.1,GCA_000474395.1|AUQU01000001.1|496270-496752|-|g470,VFDB,gb|NP_461798,100.0,100.0,Effector delivery system,(iagB) invasion protein IagB,,,
GCA_000474395.1,GCA_000474395.1|AUQU01000001.1|494206-494598|+|g468,VFDB,gb|NP_461800,100.0,100.0,Effector delivery system,(sicP) chaparone for SptP,,,
GCA_000474395.1,GCA_000474395.1|AUQU01000012.1|96412-96945|-|g1743,VFDB,gb|NP_460019,100.0,100.0,Stress survival,(sodCI) Gifsy-2 prophage: superoxide dismutase precursor (Cu-Zn),,,
GCA_000474395.1,GCA_000474395.1|AUQU01000012.1|28327-29286|+|g1673,VFDB,gb|NP_459947,100.0,100.0,Effector delivery system,(sopD2) type III secretion system effector SopD2,,,
GCA_000474395.1,GCA_000474395.1|AUQU01000010.1|17988-18440|-|g1521,VFDB,gb|NP_459678,100.0,100.0,Regulation,(fur) ferric iron uptake transcriptional regulator,,,
GCA_000474395.1,GCA_000474395.1|AUQU01000005.1|106238-113545|+|g1127,VFDB,gb|NP_461449,100.0,100.0,Adherence,(ratB) putative outer membrane protein,,,
GCA_000474395.1,GCA_000474395.1|AUQU01000005.1|97146-99338|+|g1124,VFDB,gb|NP_461452,100.0,100.0,Adherence,(sinH) intimin-like protein,,,
GCA_000474395.1,GCA_000474395.1|AUQU01000004.1|36834-37556|-|g942,VFDB,gb|NP_460811,100.0,100.0,Effector delivery system,"(sopE2) type III secretion system effector SopE2, guanine nucleotide exchange factor",,,
GCA_000474395.1,GCA_000474395.1|AUQU01000001.1|590027-591079|+|g566,VFDB,gb|NP_461706,100.0,100.0,Effector delivery system,(pipB2) type III secretion system effector PipB3,,,
GCA_010123015.1,GCA_010123015.1|DAAMFD010000015.1|96784-97326|-|g3109,VFDB,gb|NP_459270,100.0,100.0,Effector delivery system,(STM0273) type VI secretion system-associated protein,,,
GCA_010123015.1,GCA_010123015.1|DAAMFD010000015.1|95252-96760|-|g3108,VFDB,gb|NP_459271,100.0,100.0,Effector delivery system,(STM0274) EvpB family type VI secretion protein,,,
GCA_010123015.1,GCA_010123015.1|DAAMFD010000015.1|93881-94366|-|g3106,VFDB,gb|NP_459274,100.0,100.0,Effector delivery system,(STM0276) Hcp1 family type VI secretion system effector,,,
GCA_010123015.1,GCA_010123015.1|DAAMFD010000015.1|93091-93576|-|g3105,VFDB,gb|NP_459275,100.0,100.0,Effector delivery system,"(tae4) type VI secretion system effector tae4, L,D-endopeptidase",,,
GCA_010123015.1,GCA_010123015.1|DAAMFD010000015.1|92095-92580|-|g3103,VFDB,gb|NP_459277,100.0,100.0,Effector delivery system,(STM0279) Hcp1 family type VI secretion system effector,,,
GCA_010123015.1,GCA_010123015.1|DAAMFD010000015.1|91492-92028|-|g3102,VFDB,gb|NP_459278,100.0,100.0,Effector delivery system,(tssJ) type VI secretion system-associated lipoprotein,,,
GCA_010123015.1,GCA_010123015.1|DAAMFD010000015.1|90145-91488|-|g3101,VFDB,gb|NP_459279,100.0,100.0,Effector delivery system,(tssK) type VI secretion system-associated protein,,,
GCA_010123015.1,GCA_010123015.1|DAAMFD010000015.1|88844-90148|-|g3100,VFDB,gb|NP_459280,100.0,100.0,Effector delivery system,(STM0282) hypothetical protein,,,
GCA_010123015.1,GCA_010123015.1|DAAMFD010000015.1|88066-88839|-|g3099,VFDB,gb|NP_459281,100.0,100.0,Effector delivery system,(STM0283) hypothetical protein,,,
GCA_010123015.1,GCA_010123015.1|DAAMFD010000015.1|87432-87788|-|g3098,VFDB,gb|NP_459282,100.0,82.5,Effector delivery system,(STM0284) putative shiga-like toxin A subunit,,,
GCA_010123015.1,GCA_010123015.1|DAAMFD010000015.1|83529-87398|-|g3097,VFDB,gb|NP_459283,100.0,100.0,Effector delivery system,(STM0285) hypothetical protein,,,
GCA_010123015.1,GCA_010123015.1|DAAMFD010000015.1|82741-83529|-|g3096,VFDB,gb|NP_459284,100.0,100.0,Effector delivery system,(STM0286) hypothetical protein,,,
GCA_010123015.1,GCA_010123015.1|DAAMFD010000015.1|82328-82714|-|g3095,VFDB,gb|NP_459285,100.0,92.8,Effector delivery system,(STM0287) putative periplasmic protein,,,
GCA_010123015.1,GCA_010123015.1|DAAMFD010000015.1|81783-82301|-|g3094,VFDB,gb|NP_459286,100.0,99.4,Effector delivery system,"(tlde1) type VI secretion system effector tlde1, L,D-transpeptidase",,,
GCA_010123015.1,GCA_010123015.1|DAAMFD010000015.1|79197-81386|-|g3093,VFDB,gb|NP_459287,100.0,100.0,Effector delivery system,(vgrG) type VI secretion protein VgrG,,,
GCA_000474395.1,GCA_000474395.1|AUQU01000012.1|275839-276849|-|g1918,VFDB,gb|NP_460194,100.0,100.0,Effector delivery system,(sifA) type III secretion system effector SifA (Salmonella induced filament protein A),,,
GCA_000474395.1,GCA_000474395.1|AUQU01000012.1|198141-198467|+|g1839,VFDB,gb|NP_460116,100.0,100.0,Adherence,(csgC) curli assembly protein CsgC,,,
GCA_000474395.1,GCA_000474395.1|AUQU01000012.1|197624-198079|+|g1838,VFDB,gb|NP_460115,100.0,100.0,Adherence,(csgA) curlin major subunit CsgA,,,
GCA_000474395.1,GCA_000474395.1|AUQU01000012.1|197127-197582|+|g1837,VFDB,gb|NP_460114,100.0,100.0,Adherence,"(csgB) minor curlin subunit precursor, curli nucleator protein CsgB",,,
GCA_000474395.1,GCA_000474395.1|AUQU01000012.1|195722-196372|-|g1836,VFDB,gb|NP_460113,100.0,100.0,Adherence,(csgD) DNA-binding transcriptional regulator CsgD,,,
GCA_000474395.1,GCA_000474395.1|AUQU01000012.1|195322-195717|-|g1835,VFDB,gb|NP_460112,100.0,100.0,Adherence,(csgE) curli production assembly/transport protein CsgE,,,
GCA_000474395.1,GCA_000474395.1|AUQU01000012.1|194879-195295|-|g1834,VFDB,gb|NP_460111,100.0,100.0,Adherence,(csgF) curli production assembly/transport protein CsgF,,,
GCA_000474395.1,GCA_000474395.1|AUQU01000012.1|194019-194852|-|g1833,VFDB,gb|NP_460110,100.0,100.0,Adherence,(csgG) curli production assembly/transport protein CsgG,,,
GCA_000474395.1,GCA_000474395.1|AUQU01000012.1|144591-146276|-|g1787,VFDB,gb|NP_460064,100.0,100.0,Effector delivery system,"(sopB/sigD) type III secretion system effector SopB, phosphoinositide phosphatase",,,
GCA_000474395.1,GCA_000474395.1|AUQU01000012.1|142810-143685|-|g1785,VFDB,gb|NP_460061,100.0,100.0,Effector delivery system,(pipB) type III secretion system effector PipB,,,
GCA_000474395.1,GCA_000474395.1|AUQU01000012.1|108926-109612|-|g1754,VFDB,gb|NP_460029.1,100.0,100.0,Effector delivery system,"(gtgE) type III secretion system effector GtgE (Gifsy-2 gene E), cysteine protease",,,
GCA_000474395.1,GCA_000474395.1|AUQU01000012.1|453967-454749|+|g2096,VFDB,gb|NP_460369,100.0,100.0,Effector delivery system,(sseF) type III secretion system effector SseF,,,
GCA_000474395.1,GCA_000474395.1|AUQU01000012.1|453523-453951|+|g2095,VFDB,gb|NP_460368,100.0,98.6,Effector delivery system,(sscB) chaperone for sseF,,,
GCA_000474395.1,GCA_000474395.1|AUQU01000012.1|453049-453465|+|g2094,VFDB,gb|NP_460367,100.0,100.0,Effector delivery system,(sseE) type III secretion system effector SseE,,,
GCA_000474395.1,GCA_000474395.1|AUQU01000012.1|452459-453046|+|g2093,VFDB,gb|NP_460366,100.0,100.0,Effector delivery system,"(sseD) type III secretion system hydrophilic translocator, pore protein SseD",,,
GCA_000474395.1,GCA_000474395.1|AUQU01000012.1|450989-452443|+|g2092,VFDB,gb|NP_460365,100.0,100.0,Effector delivery system,"(sseC) type III secretion system hydrophilic translocator, pore protein SseC",,,
GCA_000474395.1,GCA_000474395.1|AUQU01000012.1|450513-450986|+|g2091,VFDB,gb|NP_460364,100.0,100.0,Effector delivery system,(sscA) chaperone for sseC,,,
GCA_000474395.1,GCA_000474395.1|AUQU01000012.1|449926-450516|+|g2090,VFDB,gb|NP_460363,100.0,100.0,Effector delivery system,(sseB) type III secretion system effector SseB,,,
GCA_000474395.1,GCA_000474395.1|AUQU01000012.1|449596-449919|+|g2089,VFDB,gb|NP_460362,100.0,99.1,Effector delivery system,(sseA) chaperone for sseB and sseD,,,
GCA_000474395.1,GCA_000474395.1|AUQU01000012.1|449087-449329|+|g2088,VFDB,gb|NP_460361,100.0,100.0,Effector delivery system,(ssaE) chaperone for sseB,,,
GCA_000474395.1,GCA_000474395.1|AUQU01000012.1|447868-449079|+|g2087,VFDB,gb|NP_460360,100.0,100.0,Effector delivery system,(ssaD) type III secretion system outer MS ring protein SsaD,,,
GCA_000474395.1,GCA_000474395.1|AUQU01000012.1|446394-447887|+|g2086,VFDB,gb|NP_460359,100.0,100.0,Effector delivery system,(ssaC) type III secretion system secretin SsaC,,,
GCA_000474395.1,GCA_000474395.1|AUQU01000012.1|446009-446392|+|g2085,VFDB,gb|NP_460358,100.0,95.5,Effector delivery system,(spiC/ssaB) Salmonella pathogenicity island 2 protein C (SpiC); Type III secretion system apparatus protein B (SsaB),,,
GCA_000474395.1,GCA_000474395.1|AUQU01000012.1|442159-442797|-|g2083,VFDB,gb|NP_460356,100.0,100.0,Effector delivery system,(ssrB) DNA-binding response regulator,,,
GCA_000474395.1,GCA_000474395.1|AUQU01000012.1|284683-285357|-|g1926,VFDB,gb|NP_460201,100.0,100.0,Regulation,(phoP) response regulator in two-component regulatory system with PhoQ,,,
GCA_000474395.1,GCA_000474395.1|AUQU01000012.1|283220-284683|-|g1925,VFDB,gb|NP_460200,100.0,100.0,Regulation,(phoQ) sensor protein PhoQ,,,
GCA_000474395.1,GCA_000474395.1|AUQU01000012.1|465647-466426|+|g2113,VFDB,gb|NP_460386,100.0,100.0,Effector delivery system,(ssaT) type III secretion system minor export apparatus protein SsaT,,,
GCA_000474395.1,GCA_000474395.1|AUQU01000012.1|465380-465646|+|g2112,VFDB,gb|NP_460385,100.0,100.0,Effector delivery system,(ssaS) type III secretion system minor export apparatus protein SsaS,,,
GCA_000474395.1,GCA_000474395.1|AUQU01000012.1|464736-465383|+|g2111,VFDB,gb|NP_460384,100.0,100.0,Effector delivery system,(ssaR) type III secretion system minor export apparatus protein SsaR,,,
GCA_000474395.1,GCA_000474395.1|AUQU01000012.1|463700-464668|+|g2110,VFDB,gb|NP_460383,100.0,100.0,Effector delivery system,(ssaQ) type III secretion system C ring protein SsaQ,,,
GCA_000474395.1,GCA_000474395.1|AUQU01000012.1|463345-463719|+|g2109,VFDB,gb|NP_460382,100.0,100.0,Effector delivery system,(ssaP) type III secretion system needle length regulator SsaP,,,
GCA_000474395.1,GCA_000474395.1|AUQU01000012.1|462933-463364|+|g2108,VFDB,gb|NP_460381,100.0,87.4,Effector delivery system,(ssaO) type III secretion system stalk protein SsaO,,,
GCA_000474395.1,GCA_000474395.1|AUQU01000012.1|461683-462984|+|g2107,VFDB,gb|NP_460380,100.0,100.0,Effector delivery system,(ssaN) type III secretion system ATPase SsaN,,,
GCA_000474395.1,GCA_000474395.1|AUQU01000012.1|459648-461693|+|g2106,VFDB,gb|NP_460379,100.0,100.0,Effector delivery system,(ssaV) type III secretion system major export apparatus protein ssaV,,,
GCA_000474395.1,GCA_000474395.1|AUQU01000012.1|459295-459663|+|g2105,VFDB,gb|NP_460378,100.0,100.0,Effector delivery system,(ssaM) type III secretion system protein SsaM,,,
GCA_000474395.1,GCA_000474395.1|AUQU01000012.1|458245-459237|+|g2104,VFDB,gb|NP_460377,100.0,97.6,Effector delivery system,(ssaL) type III secretion system gatekeeper SsaL,,,
GCA_000474395.1,GCA_000474395.1|AUQU01000012.1|457581-458255|+|g2103,VFDB,gb|NP_460376,100.0,100.0,Effector delivery system,(ssaK) type III secretion system stator SsaK,,,
GCA_000474395.1,GCA_000474395.1|AUQU01000012.1|456269-457018|+|g2101,VFDB,gb|NP_460374,100.0,100.0,Effector delivery system,(ssaJ) type III secretion system inner MS ring protein SsaJ,,,
GCA_000474395.1,GCA_000474395.1|AUQU01000012.1|456009-456272|+|g2100,VFDB,gb|NP_460373,100.0,94.3,Effector delivery system,(ssaI) type III secretion system inner rod protein SsaI,,,
GCA_000474395.1,GCA_000474395.1|AUQU01000012.1|455722-456012|+|g2099,VFDB,gb|NP_460372,100.0,78.1,Effector delivery system,(ssaH) type III secretion system protein SsaH,,,
GCA_000474395.1,GCA_000474395.1|AUQU01000012.1|455529-455744|+|g2098,VFDB,gb|NP_460371,100.0,100.0,Effector delivery system,(ssaG) type III secretion system needle filament protein SsaG,,,
GCA_000474395.1,GCA_000474395.1|AUQU01000012.1|454746-455435|+|g2097,VFDB,gb|NP_460370,100.0,100.0,Effector delivery system,(sseG) type III secretion system effector SseG,,,
GCA_000474395.1,GCA_000474395.1|AUQU01000023.1|14470-15294|-|g2703,VFDB,gb|NP_459267,100.0,100.0,Effector delivery system,(STM0270) impE family protein,,,
GCA_000474395.1,GCA_000474395.1|AUQU01000023.1|13979-14473|-|g2702,VFDB,gb|NP_459266,100.0,100.0,Effector delivery system,(STM0269) hypothetical protein,,,
GCA_000474395.1,GCA_000474395.1|AUQU01000023.1|12080-13963|-|g2701,VFDB,gb|NP_459265,100.0,100.0,Effector delivery system,(STM0268) type VI secretion protein,,,
GCA_000474395.1,GCA_000474395.1|AUQU01000023.1|11088-12083|-|g2700,VFDB,gb|NP_459264,100.0,100.0,Effector delivery system,(STM0267) sciB domain protein,,,
GCA_000474395.1,GCA_000474395.1|AUQU01000023.1|10022-11077|-|g2699,VFDB,gb|NP_459263,100.0,100.0,Effector delivery system,(STM0266) hypothetical protein,,,
GCA_000474395.1,GCA_000474395.1|AUQU01000022.1|13728-14738|+|g2670,VFDB,gb|NP_463026,100.0,100.0,Effector delivery system,"(sseK1) type III secretion system effector SseK1, Arginine N-Glycosyltransferase",,,
GCA_000474395.1,GCA_000474395.1|AUQU01000020.1|34290-36587|+|g2617,VFDB,gb|NP_459778,100.0,100.0,Effector delivery system,"(slrP) type III secretion system effector SlrP (Salmonella leucine-rich repeat protein),novel E3 ubiquitin ligase",,,
GCA_000474395.1,GCA_000474395.1|AUQU01000014.1|54877-57744|-|g2265,VFDB,gb|NP_462656,100.0,100.0,Adherence,(misL) putative autotransporter,,,
GCA_000474395.1,GCA_000474395.1|AUQU01000014.1|48237-50963|+|g2259,VFDB,gb|NP_462662,100.0,100.0,Nutritional/Metabolic factor,(mgtB) Mg2+ transport protein,,,
GCA_000474395.1,GCA_000474395.1|AUQU01000014.1|47334-48017|+|g2258,VFDB,gb|NP_462663,100.0,98.3,Nutritional/Metabolic factor,(mgtC) Salmonella virulence protein MgtC,,,
GCA_000474395.1,GCA_000474395.1|AUQU01000012.1|466423-467481|+|g2114,VFDB,gb|NP_460387,100.0,100.0,Effector delivery system,(ssaU) type III secretion system export apparatus switch protein SsaU,,,
GCA_000474395.1,GCA_000474395.1|AUQU01000023.1|33869-34255|+|g2721,VFDB,gb|NP_459285,100.0,92.8,Effector delivery system,(STM0287) putative periplasmic protein,,,
GCA_000474395.1,GCA_000474395.1|AUQU01000023.1|33054-33842|+|g2720,VFDB,gb|NP_459284,100.0,100.0,Effector delivery system,(STM0286) hypothetical protein,,,
GCA_000474395.1,GCA_000474395.1|AUQU01000023.1|28819-29175|+|g2718,VFDB,gb|NP_459282,100.0,82.5,Effector delivery system,(STM0284) putative shiga-like toxin A subunit,,,
GCA_000474395.1,GCA_000474395.1|AUQU01000023.1|27782-28555|+|g2717,VFDB,gb|NP_459281,100.0,100.0,Effector delivery system,(STM0283) hypothetical protein,,,
GCA_000474395.1,GCA_000474395.1|AUQU01000023.1|26473-27777|+|g2716,VFDB,gb|NP_459280,100.0,100.0,Effector delivery system,(STM0282) hypothetical protein,,,
GCA_000474395.1,GCA_000474395.1|AUQU01000023.1|25133-26476|+|g2715,VFDB,gb|NP_459279,100.0,100.0,Effector delivery system,(tssK) type VI secretion system-associated protein,,,
GCA_000474395.1,GCA_000474395.1|AUQU01000023.1|24593-25129|+|g2714,VFDB,gb|NP_459278,100.0,100.0,Effector delivery system,(tssJ) type VI secretion system-associated lipoprotein,,,
GCA_000474395.1,GCA_000474395.1|AUQU01000023.1|24041-24526|+|g2713,VFDB,gb|NP_459277,100.0,100.0,Effector delivery system,(STM0279) Hcp1 family type VI secretion system effector,,,
GCA_000474395.1,GCA_000474395.1|AUQU01000023.1|23045-23530|+|g2711,VFDB,gb|NP_459275,100.0,100.0,Effector delivery system,"(tae4) type VI secretion system effector tae4, L,D-endopeptidase",,,
GCA_000474395.1,GCA_000474395.1|AUQU01000023.1|22255-22740|+|g2710,VFDB,gb|NP_459274,100.0,100.0,Effector delivery system,(STM0276) Hcp1 family type VI secretion system effector,,,
GCA_000474395.1,GCA_000474395.1|AUQU01000023.1|19861-21369|+|g2708,VFDB,gb|NP_459271,100.0,100.0,Effector delivery system,(STM0274) EvpB family type VI secretion protein,,,
GCA_000474395.1,GCA_000474395.1|AUQU01000023.1|19295-19837|+|g2707,VFDB,gb|NP_459270,100.0,100.0,Effector delivery system,(STM0273) type VI secretion system-associated protein,,,
GCA_000474395.1,GCA_000474395.1|AUQU01000023.1|15281-16183|-|g2704,VFDB,gb|NP_459268,100.0,100.0,Effector delivery system,(STM0271) hypothetical protein,,,
GCA_010123015.1,GCA_010123015.1|DAAMFD010000015.1|78727-79173|-|g3092,VFDB,gb|NP_459288,100.0,100.0,Effector delivery system,(STM0290) hypothetical protein,,,
GCA_010123015.1,GCA_010123015.1|DAAMFD010000015.1|74614-78708|-|g3091,VFDB,gb|NP_459289.1,100.0,100.0,Effector delivery system,"(tre<up>Tu</up>) Rhs polymorphic toxin, ADP-ribosyltransferase, type VI ribosyltransferase effector targeting EF-Tu",,,
GCA_010123015.1,GCA_010123015.1|DAAMFD010000015.1|60647-61366|+|g3073,VFDB,gb|NP_459304,100.0,100.0,Invasion,(pagN) outer membrane adhesin/invasin protein,,,
GCA_010123015.1,GCA_010123015.1|DAAMFD010000013.1|113051-115348|-|g2818,VFDB,gb|NP_459778,100.0,100.0,Effector delivery system,"(slrP) type III secretion system effector SlrP (Salmonella leucine-rich repeat protein),novel E3 ubiquitin ligase",,,
GCA_010123015.1,GCA_010123015.1|DAAMFD010000012.1|60113-76792|-|g2630,VFDB,gb|NP_463126,100.0,100.0,Adherence,(siiE) non-fimbrial adhesin SiiE,,,
GCA_010123015.1,GCA_010123015.1|DAAMFD010000012.1|25548-26627|+|g2599,VFDB,gb|NP_463156.1,100.0,99.2,Regulation,(pmrB) sensory kinase PmrB,,,
GCA_010123015.1,GCA_010123015.1|DAAMFD010000012.1|24879-25547|+|g2598,VFDB,gb|NP_463157.1,100.0,100.0,Regulation,(pmrA) response regulator PmrA,,,
GCA_000474395.1,GCA_000474395.1|AUQU01000034.1|189283-190509|+|g3498,VFDB,gb|NP_460590,100.0,100.0,Effector delivery system,"(sseJ) type III secretion system effector SseJ, glycerophospholipid:cholesterol acyltransferase",,,
GCA_000474395.1,GCA_000474395.1|AUQU01000034.1|160501-161121|+|g3469,VFDB,gb|NP_460561,100.0,65.2,Effector delivery system,(sifB) type III secretion system effector SifB (Salmonella induced filament protein B),,,
GCA_000474395.1,GCA_000474395.1|AUQU01000034.1|137494-138126|-|g3450,VFDB,gb|NP_460542,100.0,100.0,Effector delivery system,(steA) type III secretion system effector SteA (Salmonella translocated effector A),,,
GCA_000474395.1,GCA_000474395.1|AUQU01000023.1|358766-359362|-|g3050,VFDB,gb|NP_459547,100.0,100.0,Adherence,(fimW) helix-turn-helix transcriptional regulator,,,
GCA_000474395.1,GCA_000474395.1|AUQU01000023.1|357552-358274|-|g3048,VFDB,gb|NP_459545,100.0,100.0,Adherence,(fimY) fimbriae Y protein,,,
GCA_000474395.1,GCA_000474395.1|AUQU01000023.1|356316-356948|-|g3047,VFDB,gb|NP_459544,100.0,100.0,Adherence,(fimZ) DNA-binding response regulator,,,
GCA_000474395.1,GCA_000474395.1|AUQU01000023.1|355752-356270|+|g3046,VFDB,gb|NP_459543,100.0,100.0,Adherence,(fimF) type I fimbriae adaptor protein FimF,,,
GCA_000474395.1,GCA_000474395.1|AUQU01000023.1|354735-355742|+|g3045,VFDB,gb|NP_459542,100.0,100.0,Adherence,"(fimH) type I fimbriae minor fimbrial subunit FimH, adhesin",,,
GCA_000474395.1,GCA_000474395.1|AUQU01000023.1|352108-354720|+|g3044,VFDB,gb|NP_459541,100.0,100.0,Adherence,(fimD) usher protein FimD,,,
GCA_000474395.1,GCA_000474395.1|AUQU01000023.1|351385-352077|+|g3043,VFDB,gb|NP_459540,100.0,100.0,Adherence,(fimC) chaperone protein FimC,,,
GCA_000474395.1,GCA_000474395.1|AUQU01000023.1|350808-351341|+|g3042,VFDB,gb|NP_459539,100.0,100.0,Adherence,(fimI) fimbrial protein internal segment,,,
GCA_000474395.1,GCA_000474395.1|AUQU01000023.1|350175-350732|+|g3041,VFDB,gb|NP_459538,100.0,100.0,Adherence,(fimA) type-1 fimbrial protein subunit A,,,
GCA_000474395.1,GCA_000474395.1|AUQU01000023.1|37410-37856|+|g2725,VFDB,gb|NP_459288,100.0,100.0,Effector delivery system,(STM0290) hypothetical protein,,,
GCA_000474395.1,GCA_000474395.1|AUQU01000072.1|132989-134068|-|g4816,VFDB,gb|NP_463156.1,100.0,99.2,Regulation,(pmrB) sensory kinase PmrB,,,
GCA_000474395.1,GCA_000474395.1|AUQU01000072.1|82824-99503|+|g4785,VFDB,gb|NP_463126,100.0,100.0,Adherence,(siiE) non-fimbrial adhesin SiiE,,,
GCA_000474395.1,GCA_000474395.1|AUQU01000071.1|59749-60276|+|g4553,VFDB,gb|NP_462537,100.0,100.0,Adherence,"(lpfE) long polar fimbrial minor subunit LpfE, adhesin",,,
GCA_000474395.1,GCA_000474395.1|AUQU01000071.1|58664-59743|+|g4552,VFDB,gb|NP_462538,100.0,100.0,Adherence,(lpfD) long polar fimbrial protein LpfD,,,
GCA_000474395.1,GCA_000474395.1|AUQU01000071.1|56118-58646|+|g4551,VFDB,gb|NP_462539,100.0,100.0,Adherence,(lpfC) long polar fimbrial usher protein LpfC,,,
GCA_000474395.1,GCA_000474395.1|AUQU01000071.1|55397-56095|+|g4550,VFDB,gb|NP_462540,100.0,100.0,Adherence,(lpfB) long polar fimbrial chaperone protein LpfB,,,
GCA_000474395.1,GCA_000474395.1|AUQU01000071.1|54788-55312|+|g4549,VFDB,gb|NP_462541,100.0,97.8,Adherence,(lpfA) long polar fimbria protein LpfA,,,
GCA_000474395.1,GCA_000474395.1|AUQU01000067.1|163739-164074|-|g4395,VFDB,gb|NP_461083.1,100.0,100.0,Effector delivery system,(steD) type III secretion system effector SteD,,,
GCA_000474395.1,GCA_000474395.1|AUQU01000067.1|72192-74540|+|g4322,VFDB,gb|NP_461011,100.0,100.0,Effector delivery system,"(sopA) type III secretion system effector SopA, HECT-like E3 ubiquitin ligase",,,
GCA_000474395.1,GCA_000474395.1|AUQU01000045.1|251443-252786|-|g3946,VFDB,gb|NP_463287.1,100.0,100.0,Effector delivery system,"(srfJ) type III secretion system Effector SrfJ,  glucosylceramidase activity",,,
GCA_000474395.1,GCA_000474395.1|AUQU01000034.1|258146-259519|-|g3564,VFDB,gb|NP_460656,100.0,100.0,Effector delivery system,"(steC) type III secretion system effector SteC (Salmonella translocated effector C), kinase",,,
GCA_010123015.1,GCA_010123015.1|DAAMFD010000010.1|98513-99235|-|g2323,VFDB,gb|NP_460811,100.0,100.0,Effector delivery system,"(sopE2) type III secretion system effector SopE2, guanine nucleotide exchange factor",,,
GCA_010123015.1,GCA_010123015.1|DAAMFD010000009.1|174743-175801|+|g2194,VFDB,gb|NP_460387,100.0,100.0,Effector delivery system,(ssaU) type III secretion system export apparatus switch protein SsaU,,,
GCA_010123015.1,GCA_010123015.1|DAAMFD010000009.1|173967-174746|+|g2193,VFDB,gb|NP_460386,100.0,100.0,Effector delivery system,(ssaT) type III secretion system minor export apparatus protein SsaT,,,
GCA_010123015.1,GCA_010123015.1|DAAMFD010000009.1|173700-173966|+|g2192,VFDB,gb|NP_460385,100.0,100.0,Effector delivery system,(ssaS) type III secretion system minor export apparatus protein SsaS,,,
GCA_010123015.1,GCA_010123015.1|DAAMFD010000009.1|173056-173703|+|g2191,VFDB,gb|NP_460384,100.0,100.0,Effector delivery system,(ssaR) type III secretion system minor export apparatus protein SsaR,,,
GCA_010123015.1,GCA_010123015.1|DAAMFD010000009.1|172020-172988|+|g2190,VFDB,gb|NP_460383,100.0,100.0,Effector delivery system,(ssaQ) type III secretion system C ring protein SsaQ,,,
GCA_010123015.1,GCA_010123015.1|DAAMFD010000009.1|171665-172039|+|g2189,VFDB,gb|NP_460382,100.0,100.0,Effector delivery system,(ssaP) type III secretion system needle length regulator SsaP,,,
GCA_010123015.1,GCA_010123015.1|DAAMFD010000009.1|171253-171684|+|g2188,VFDB,gb|NP_460381,100.0,87.4,Effector delivery system,(ssaO) type III secretion system stalk protein SsaO,,,
GCA_010123015.1,GCA_010123015.1|DAAMFD010000009.1|170003-171304|+|g2187,VFDB,gb|NP_460380,100.0,100.0,Effector delivery system,(ssaN) type III secretion system ATPase SsaN,,,
GCA_010123015.1,GCA_010123015.1|DAAMFD010000009.1|167968-170013|+|g2186,VFDB,gb|NP_460379,100.0,100.0,Effector delivery system,(ssaV) type III secretion system major export apparatus protein ssaV,,,
GCA_010123015.1,GCA_010123015.1|DAAMFD010000009.1|167615-167983|+|g2185,VFDB,gb|NP_460378,100.0,100.0,Effector delivery system,(ssaM) type III secretion system protein SsaM,,,
GCA_010123015.1,GCA_010123015.1|DAAMFD010000009.1|166565-167557|+|g2184,VFDB,gb|NP_460377,100.0,97.6,Effector delivery system,(ssaL) type III secretion system gatekeeper SsaL,,,
GCA_010123015.1,GCA_010123015.1|DAAMFD010000009.1|165901-166575|+|g2183,VFDB,gb|NP_460376,100.0,100.0,Effector delivery system,(ssaK) type III secretion system stator SsaK,,,
GCA_010123015.1,GCA_010123015.1|DAAMFD010000009.1|164589-165338|+|g2181,VFDB,gb|NP_460374,100.0,100.0,Effector delivery system,(ssaJ) type III secretion system inner MS ring protein SsaJ,,,
GCA_010123015.1,GCA_010123015.1|DAAMFD010000009.1|164329-164592|+|g2180,VFDB,gb|NP_460373,100.0,94.3,Effector delivery system,(ssaI) type III secretion system inner rod protein SsaI,,,
GCA_000812595.1,GCA_000812595.1|JRXC01000010.1|231677-232267|+|g306,VFDB,gb|NP_460363,100.0,100.0,Effector delivery system,(sseB) type III secretion system effector SseB,,,
GCA_000812595.1,GCA_000812595.1|JRXC01000010.1|223910-224548|-|g299,VFDB,gb|NP_460356,100.0,100.0,Effector delivery system,(ssrB) DNA-binding response regulator,,,
GCA_000812595.1,GCA_000812595.1|JRXC01000010.1|68992-69666|-|g144,VFDB,gb|NP_460201,100.0,100.0,Regulation,(phoP) response regulator in two-component regulatory system with PhoQ,,,
GCA_000812595.1,GCA_000812595.1|JRXC01000010.1|67529-68992|-|g143,VFDB,gb|NP_460200,100.0,100.0,Regulation,(phoQ) sensor protein PhoQ,,,
GCA_000474395.1,GCA_000474395.1|AUQU01000072.1|134069-134737|-|g4817,VFDB,gb|NP_463157.1,100.0,100.0,Regulation,(pmrA) response regulator PmrA,,,
GCA_000812595.1,GCA_000812595.1|JRXC01000010.1|244684-245115|+|g324,VFDB,gb|NP_460381,100.0,87.4,Effector delivery system,(ssaO) type III secretion system stalk protein SsaO,,,
GCA_000812595.1,GCA_000812595.1|JRXC01000010.1|243434-244735|+|g323,VFDB,gb|NP_460380,100.0,100.0,Effector delivery system,(ssaN) type III secretion system ATPase SsaN,,,
GCA_000812595.1,GCA_000812595.1|JRXC01000010.1|241046-241414|+|g321,VFDB,gb|NP_460378,100.0,100.0,Effector delivery system,(ssaM) type III secretion system protein SsaM,,,
GCA_000812595.1,GCA_000812595.1|JRXC01000010.1|237760-238023|+|g316,VFDB,gb|NP_460373,100.0,94.3,Effector delivery system,(ssaI) type III secretion system inner rod protein SsaI,,,
GCA_000812595.1,GCA_000812595.1|JRXC01000010.1|237473-237763|+|g315,VFDB,gb|NP_460372,100.0,78.1,Effector delivery system,(ssaH) type III secretion system protein SsaH,,,
GCA_000812595.1,GCA_000812595.1|JRXC01000010.1|237280-237495|+|g314,VFDB,gb|NP_460371,100.0,100.0,Effector delivery system,(ssaG) type III secretion system needle filament protein SsaG,,,
GCA_000812595.1,GCA_000812595.1|JRXC01000010.1|235274-235702|+|g311,VFDB,gb|NP_460368,100.0,98.6,Effector delivery system,(sscB) chaperone for sseF,,,
GCA_000812595.1,GCA_000812595.1|JRXC01000010.1|234800-235216|+|g310,VFDB,gb|NP_460367,100.0,100.0,Effector delivery system,(sseE) type III secretion system effector SseE,,,
GCA_000812595.1,GCA_000812595.1|JRXC01000010.1|234210-234797|+|g309,VFDB,gb|NP_460366,100.0,100.0,Effector delivery system,"(sseD) type III secretion system hydrophilic translocator, pore protein SseD",,,
GCA_010123015.1,GCA_010123015.1|DAAMFD010000009.1|164042-164332|+|g2179,VFDB,gb|NP_460372,100.0,78.1,Effector delivery system,(ssaH) type III secretion system protein SsaH,,,
GCA_010123015.1,GCA_010123015.1|DAAMFD010000009.1|163849-164064|+|g2178,VFDB,gb|NP_460371,100.0,100.0,Effector delivery system,(ssaG) type III secretion system needle filament protein SsaG,,,
GCA_010123015.1,GCA_010123015.1|DAAMFD010000009.1|163066-163755|+|g2177,VFDB,gb|NP_460370,100.0,100.0,Effector delivery system,(sseG) type III secretion system effector SseG,,,
GCA_010123015.1,GCA_010123015.1|DAAMFD010000009.1|162287-163069|+|g2176,VFDB,gb|NP_460369,100.0,100.0,Effector delivery system,(sseF) type III secretion system effector SseF,,,
GCA_010123015.1,GCA_010123015.1|DAAMFD010000009.1|161843-162271|+|g2175,VFDB,gb|NP_460368,100.0,98.6,Effector delivery system,(sscB) chaperone for sseF,,,
GCA_010123015.1,GCA_010123015.1|DAAMFD010000009.1|161369-161785|+|g2174,VFDB,gb|NP_460367,100.0,100.0,Effector delivery system,(sseE) type III secretion system effector SseE,,,
GCA_010123015.1,GCA_010123015.1|DAAMFD010000009.1|160779-161366|+|g2173,VFDB,gb|NP_460366,100.0,100.0,Effector delivery system,"(sseD) type III secretion system hydrophilic translocator, pore protein SseD",,,
GCA_010123015.1,GCA_010123015.1|DAAMFD010000009.1|159309-160763|+|g2172,VFDB,gb|NP_460365,100.0,100.0,Effector delivery system,"(sseC) type III secretion system hydrophilic translocator, pore protein SseC",,,
GCA_010123015.1,GCA_010123015.1|DAAMFD010000009.1|158833-159306|+|g2171,VFDB,gb|NP_460364,100.0,100.0,Effector delivery system,(sscA) chaperone for sseC,,,
GCA_010123015.1,GCA_010123015.1|DAAMFD010000009.1|158246-158836|+|g2170,VFDB,gb|NP_460363,100.0,100.0,Effector delivery system,(sseB) type III secretion system effector SseB,,,
GCA_010123015.1,GCA_010123015.1|DAAMFD010000009.1|157916-158239|+|g2169,VFDB,gb|NP_460362,100.0,99.1,Effector delivery system,(sseA) chaperone for sseB and sseD,,,
GCA_010123015.1,GCA_010123015.1|DAAMFD010000009.1|157407-157649|+|g2168,VFDB,gb|NP_460361,100.0,100.0,Effector delivery system,(ssaE) chaperone for sseB,,,
GCA_010123015.1,GCA_010123015.1|DAAMFD010000009.1|156188-157399|+|g2167,VFDB,gb|NP_460360,100.0,100.0,Effector delivery system,(ssaD) type III secretion system outer MS ring protein SsaD,,,
GCA_010123015.1,GCA_010123015.1|DAAMFD010000009.1|154714-156207|+|g2166,VFDB,gb|NP_460359,100.0,100.0,Effector delivery system,(ssaC) type III secretion system secretin SsaC,,,
GCA_010123015.1,GCA_010123015.1|DAAMFD010000009.1|154329-154712|+|g2165,VFDB,gb|NP_460358,100.0,95.5,Effector delivery system,(spiC/ssaB) Salmonella pathogenicity island 2 protein C (SpiC); Type III secretion system apparatus protein B (SsaB),,,
GCA_010123015.1,GCA_010123015.1|DAAMFD010000009.1|151148-153910|-|g2164,VFDB,gb|NP_460357,100.0,100.0,Effector delivery system,(ssrA) hybrid sensor histidine kinase/response regulator,,,
GCA_000812595.1,GCA_000812595.1|JRXC01000012.1|10264-11256|+|g1293,VFDB,gb|NP_461845,100.0,100.0,Regulation,(rpoS) RNA polymerase sigma factor RpoS,,,
GCA_000812595.1,GCA_000812595.1|JRXC01000010.1|248174-249232|+|g330,VFDB,gb|NP_460387,100.0,100.0,Effector delivery system,(ssaU) type III secretion system export apparatus switch protein SsaU,,,
GCA_000812595.1,GCA_000812595.1|JRXC01000010.1|247131-247397|+|g328,VFDB,gb|NP_460385,100.0,100.0,Effector delivery system,(ssaS) type III secretion system minor export apparatus protein SsaS,,,
GCA_000812595.1,GCA_000812595.1|JRXC01000010.1|246487-247134|+|g327,VFDB,gb|NP_460384,100.0,100.0,Effector delivery system,(ssaR) type III secretion system minor export apparatus protein SsaR,,,
GCA_010123015.1,GCA_010123015.1|DAAMFD010000009.1|150479-151117|-|g2163,VFDB,gb|NP_460356,100.0,100.0,Effector delivery system,(ssrB) DNA-binding response regulator,,,
GCA_010123015.1,GCA_010123015.1|DAAMFD010000008.1|140271-141614|-|g1944,VFDB,gb|NP_463287.1,100.0,100.0,Effector delivery system,"(srfJ) type III secretion system Effector SrfJ,  glucosylceramidase activity",,,
GCA_010123015.1,GCA_010123015.1|DAAMFD010000007.1|116537-117490|+|g1741,VFDB,gb|NP_461866,100.0,100.0,Effector delivery system,(sopD) type III secretion system effector SopD,,,
GCA_010123015.1,GCA_010123015.1|DAAMFD010000007.1|73839-74282|+|g1697,VFDB,gb|NP_461821,100.0,100.0,Effector delivery system,(invH) type III secretion system pilotin invG,,,
GCA_010123015.1,GCA_010123015.1|DAAMFD010000007.1|72732-73481|-|g1696,VFDB,gb|NP_461820,100.0,86.7,Effector delivery system,(invF) type III secretion system regulatory protein InvF,,,
GCA_010123015.1,GCA_010123015.1|DAAMFD010000007.1|71047-72735|-|g1695,VFDB,gb|NP_461819,100.0,100.0,Effector delivery system,(invG) type III secretion system secretin invG,,,
GCA_010123015.1,GCA_010123015.1|DAAMFD010000007.1|69932-71050|-|g1694,VFDB,gb|NP_461818,100.0,100.0,Effector delivery system,(invE) type III secretion system gatekeeper invE,,,
GCA_010123015.1,GCA_010123015.1|DAAMFD010000007.1|67850-69907|-|g1693,VFDB,gb|NP_461817,100.0,100.0,Effector delivery system,(invA) type III secretion system major export apparatus protein InvA,,,
GCA_010123015.1,GCA_010123015.1|DAAMFD010000007.1|67419-67826|-|g1692,VFDB,gb|NP_461816,100.0,100.0,Effector delivery system,(invB) type III secretion system protein InvB,,,
GCA_010123015.1,GCA_010123015.1|DAAMFD010000007.1|66127-67422|-|g1691,VFDB,gb|NP_461815,100.0,100.0,Effector delivery system,(invC/sctN) type III secretion system ATPase InvC,,,
GCA_010123015.1,GCA_010123015.1|DAAMFD010000007.1|65706-66149|-|g1690,VFDB,gb|NP_461814,100.0,100.0,Effector delivery system,(invI) type III secretion system stalk protein InvI,,,
GCA_010123015.1,GCA_010123015.1|DAAMFD010000007.1|64696-65706|-|g1689,VFDB,gb|NP_461813,100.0,100.0,Effector delivery system,(invJ) type III secretion system needle length regulator InvJ,,,
GCA_010123015.1,GCA_010123015.1|DAAMFD010000007.1|63785-64696|-|g1688,VFDB,gb|NP_461812,100.0,100.0,Effector delivery system,(spaO/sctQ) type III secretion system C ring protein SpaO,,,
GCA_010123015.1,GCA_010123015.1|DAAMFD010000007.1|63121-63795|-|g1687,VFDB,gb|NP_461811,100.0,100.0,Effector delivery system,(spaP) type III secretion system minor export apparatus protein SpaP,,,
GCA_010123015.1,GCA_010123015.1|DAAMFD010000007.1|62835-63095|-|g1686,VFDB,gb|NP_461810,100.0,100.0,Effector delivery system,(spaQ) type III secretion system minor export apparatus protein SpaQ,,,
GCA_000812595.1,GCA_000812595.1|JRXC01000012.1|47662-48891|+|g1332,VFDB,gb|NP_461805,100.0,100.0,Effector delivery system,"(sipC/sspC) type III secretion system hydrophilic translocator, pore protein SipC",,,
GCA_000812595.1,GCA_000812595.1|JRXC01000012.1|45853-47634|+|g1331,VFDB,gb|NP_461806,100.0,100.0,Effector delivery system,"(sipB/sspB) type III secretion system hydrophilic translocator, pore protein SipB (Salmonella invasion protein B)",,,
GCA_000812595.1,GCA_000812595.1|JRXC01000012.1|45353-45850|+|g1330,VFDB,gb|NP_461807,100.0,100.0,Effector delivery system,(sicA) chaparone for SipC and SipB,,,
GCA_000812595.1,GCA_000812595.1|JRXC01000012.1|44145-45215|+|g1329,VFDB,gb|NP_461808,100.0,100.0,Effector delivery system,(spaS) type III secretion system export apparatus switch protein SpaS,,,
GCA_000812595.1,GCA_000812595.1|JRXC01000012.1|43367-44158|+|g1328,VFDB,gb|NP_461809,100.0,100.0,Effector delivery system,(spaR) type III secretion system minor export apparatus protein SpaR,,,
GCA_000812595.1,GCA_000812595.1|JRXC01000012.1|43103-43363|+|g1327,VFDB,gb|NP_461810,100.0,100.0,Effector delivery system,(spaQ) type III secretion system minor export apparatus protein SpaQ,,,
GCA_000812595.1,GCA_000812595.1|JRXC01000012.1|38776-40071|+|g1322,VFDB,gb|NP_461815,100.0,100.0,Effector delivery system,(invC/sctN) type III secretion system ATPase InvC,,,
GCA_000812595.1,GCA_000812595.1|JRXC01000012.1|38372-38779|+|g1321,VFDB,gb|NP_461816,100.0,100.0,Effector delivery system,(invB) type III secretion system protein InvB,,,
GCA_000812595.1,GCA_000812595.1|JRXC01000012.1|36291-38348|+|g1320,VFDB,gb|NP_461817,100.0,100.0,Effector delivery system,(invA) type III secretion system major export apparatus protein InvA,,,
GCA_000812595.1,GCA_000812595.1|JRXC01000012.1|35148-36266|+|g1319,VFDB,gb|NP_461818,100.0,100.0,Effector delivery system,(invE) type III secretion system gatekeeper invE,,,
GCA_000812595.1,GCA_000812595.1|JRXC01000012.1|33463-35151|+|g1318,VFDB,gb|NP_461819,100.0,100.0,Effector delivery system,(invG) type III secretion system secretin invG,,,
GCA_000812595.1,GCA_000812595.1|JRXC01000012.1|60994-61752|+|g1345,VFDB,gb|NP_461792,100.0,100.0,Effector delivery system,(prgK) type III secretion system inner MS ring protein PrgK,,,
GCA_000812595.1,GCA_000812595.1|JRXC01000012.1|60692-60997|+|g1344,VFDB,gb|NP_461793,100.0,100.0,Effector delivery system,(prgJ) type III secretion system inner rod protein PrgJ,,,
GCA_000812595.1,GCA_000812595.1|JRXC01000012.1|60431-60673|+|g1343,VFDB,gb|NP_461794,100.0,100.0,Effector delivery system,(prgI) type III secretion system needle filament protein PrgI,,,
GCA_000812595.1,GCA_000812595.1|JRXC01000012.1|57983-58912|-|g1341,VFDB,gb|NP_461796,100.0,100.0,Effector delivery system,(hilD) AraC family transcriptional regulator,,,
GCA_000812595.1,GCA_000812595.1|JRXC01000012.1|55231-56892|-|g1340,VFDB,gb|NP_461797,100.0,100.0,Effector delivery system,(hilA) transcriptional regulator,,,
GCA_000812595.1,GCA_000812595.1|JRXC01000012.1|54731-55213|-|g1339,VFDB,gb|NP_461798,100.0,100.0,Effector delivery system,(iagB) invasion protein IagB,,,
GCA_010123015.1,GCA_010123015.1|DAAMFD010000007.1|62040-62831|-|g1685,VFDB,gb|NP_461809,100.0,100.0,Effector delivery system,(spaR) type III secretion system minor export apparatus protein SpaR,,,
GCA_010123015.1,GCA_010123015.1|DAAMFD010000007.1|60983-62053|-|g1684,VFDB,gb|NP_461808,100.0,100.0,Effector delivery system,(spaS) type III secretion system export apparatus switch protein SpaS,,,
GCA_010123015.1,GCA_010123015.1|DAAMFD010000007.1|60348-60845|-|g1683,VFDB,gb|NP_461807,100.0,100.0,Effector delivery system,(sicA) chaparone for SipC and SipB,,,
GCA_010123015.1,GCA_010123015.1|DAAMFD010000007.1|58564-60345|-|g1682,VFDB,gb|NP_461806,100.0,100.0,Effector delivery system,"(sipB/sspB) type III secretion system hydrophilic translocator, pore protein SipB (Salmonella invasion protein B)",,,
GCA_010123015.1,GCA_010123015.1|DAAMFD010000007.1|57307-58536|-|g1681,VFDB,gb|NP_461805,100.0,100.0,Effector delivery system,"(sipC/sspC) type III secretion system hydrophilic translocator, pore protein SipC",,,
GCA_010123015.1,GCA_010123015.1|DAAMFD010000007.1|56205-57236|-|g1680,VFDB,gb|NP_461804,100.0,100.0,Effector delivery system,"(sipD) type III secretion system hydrophilic translocator, needle tip protein SipD",,,
GCA_010123015.1,GCA_010123015.1|DAAMFD010000007.1|54129-56186|-|g1679,VFDB,gb|NP_461803,100.0,100.0,Effector delivery system,(sipA/sspA) type III secretion system effector SipA (Salmonella invasion protein A),,,
GCA_010123015.1,GCA_010123015.1|DAAMFD010000007.1|53862-54110|-|g1678,VFDB,gb|NP_461802,100.0,100.0,Effector delivery system,(iacP) putative acyl carrier protein,,,
GCA_010123015.1,GCA_010123015.1|DAAMFD010000007.1|53139-53531|-|g1676,VFDB,gb|NP_461800,100.0,100.0,Effector delivery system,(sicP) chaparone for SptP,,,
GCA_010123015.1,GCA_010123015.1|DAAMFD010000007.1|50985-51467|+|g1674,VFDB,gb|NP_461798,100.0,100.0,Effector delivery system,(iagB) invasion protein IagB,,,
GCA_010123015.1,GCA_010123015.1|DAAMFD010000007.1|49306-50967|+|g1673,VFDB,gb|NP_461797,100.0,100.0,Effector delivery system,(hilA) transcriptional regulator,,,
GCA_010123015.1,GCA_010123015.1|DAAMFD010000007.1|47286-48215|+|g1672,VFDB,gb|NP_461796,100.0,100.0,Effector delivery system,(hilD) AraC family transcriptional regulator,,,
GCA_010123015.1,GCA_010123015.1|DAAMFD010000007.1|45792-47027|-|g1671,VFDB,gb|NP_461795,100.0,95.4,Effector delivery system,(prgH) type III secretion system outer MS ring protein PrgH,,,
GCA_010123015.1,GCA_010123015.1|DAAMFD010000007.1|45525-45767|-|g1670,VFDB,gb|NP_461794,100.0,100.0,Effector delivery system,(prgI) type III secretion system needle filament protein PrgI,,,
GCA_010123015.1,GCA_010123015.1|DAAMFD010000007.1|45201-45506|-|g1669,VFDB,gb|NP_461793,100.0,100.0,Effector delivery system,(prgJ) type III secretion system inner rod protein PrgJ,,,
GCA_010123015.1,GCA_010123015.1|DAAMFD010000007.1|44446-45204|-|g1668,VFDB,gb|NP_461792,100.0,100.0,Effector delivery system,(prgK) type III secretion system inner MS ring protein PrgK,,,
GCA_010123015.1,GCA_010123015.1|DAAMFD010000007.1|43875-44453|-|g1667,VFDB,gb|NP_461791,100.0,96.5,Effector delivery system,(orgA/sctK) type III secretion system accessory cytosolic protein OrgA,,,
GCA_010123015.1,GCA_010123015.1|DAAMFD010000007.1|43238-43918|-|g1666,VFDB,gb|NP_461790,100.0,100.0,Effector delivery system,(orgB/SctL) type III secretion system stator OrgB,,,
GCA_010123015.1,GCA_010123015.1|DAAMFD010000007.1|42789-43241|-|g1665,VFDB,gb|NP_461789,100.0,100.0,Effector delivery system,(orgC) type III secretion system effector OrgC,,,
GCA_010123015.1,GCA_010123015.1|DAAMFD010000007.1|41557-42444|-|g1664,VFDB,gb|NP_461788,100.0,100.0,Effector delivery system,(hilC) AraC family transcriptional regulator,,,
GCA_010123015.1,GCA_010123015.1|DAAMFD010000007.1|40417-41172|-|g1663,VFDB,gb|NP_461787,100.0,100.0,Effector delivery system,(sprB) transcriptional regulator,,,
GCA_010123015.1,GCA_010123015.1|DAAMFD010000007.1|39348-40214|-|g1662,VFDB,gb|NP_461786,100.0,95.4,Effector delivery system,"(avrA) type III secretion system effector AvrA, acetyltransferease",,,
GCA_010123015.1,GCA_010123015.1|DAAMFD010000004.1|203660-206008|-|g1119,VFDB,gb|NP_461011,100.0,100.0,Effector delivery system,"(sopA) type III secretion system effector SopA, HECT-like E3 ubiquitin ligase",,,
GCA_010123015.1,GCA_010123015.1|DAAMFD010000004.1|115035-116042|-|g1048,VFDB,gb|NP_461081,100.0,96.3,Effector delivery system,(sseK2) type III secretion system effector SseK2,,,
GCA_000812595.1,GCA_000812595.1|JRXC01000002.1|19760-20284|-|g2392,VFDB,gb|NP_462541,100.0,97.8,Adherence,(lpfA) long polar fimbria protein LpfA,,,
GCA_000812595.1,GCA_000812595.1|JRXC01000002.1|18977-19675|-|g2391,VFDB,gb|NP_462540,100.0,100.0,Adherence,(lpfB) long polar fimbrial chaperone protein LpfB,,,
GCA_000812595.1,GCA_000812595.1|JRXC01000002.1|14796-15323|-|g2388,VFDB,gb|NP_462537,100.0,100.0,Adherence,"(lpfE) long polar fimbrial minor subunit LpfE, adhesin",,,
GCA_010123015.1,GCA_010123015.1|DAAMFD010000004.1|114126-114461|+|g1046,VFDB,gb|NP_461083.1,100.0,100.0,Effector delivery system,(steD) type III secretion system effector SteD,,,
GCA_010123015.1,GCA_010123015.1|DAAMFD010000004.1|4325-6691|+|g944,VFDB,gb|NP_461184,100.0,100.0,Effector delivery system,"(sspH2) type III secretion system effector SspH2 (Salmonella secreted protein H2), novel E3 ubiquitin ligase",,,
GCA_010123015.1,GCA_010123015.1|DAAMFD010000003.1|182893-183525|+|g810,VFDB,gb|NP_460542,100.0,100.0,Effector delivery system,(steA) type III secretion system effector SteA (Salmonella translocated effector A),,,
GCA_010123015.1,GCA_010123015.1|DAAMFD010000003.1|159898-160518|-|g791,VFDB,gb|NP_460561,100.0,65.2,Effector delivery system,(sifB) type III secretion system effector SifB (Salmonella induced filament protein B),,,
GCA_010123015.1,GCA_010123015.1|DAAMFD010000003.1|130510-131736|-|g762,VFDB,gb|NP_460590,100.0,100.0,Effector delivery system,"(sseJ) type III secretion system effector SseJ, glycerophospholipid:cholesterol acyltransferase",,,
GCA_010123015.1,GCA_010123015.1|DAAMFD010000003.1|61499-62872|+|g695,VFDB,gb|NP_460656,100.0,100.0,Effector delivery system,"(steC) type III secretion system effector SteC (Salmonella translocated effector C), kinase",,,
GCA_010123015.1,GCA_010123015.1|DAAMFD010000002.1|188407-189486|+|g521,VFDB,gb|NP_462538,100.0,100.0,Adherence,(lpfD) long polar fimbrial protein LpfD,,,
GCA_010123015.1,GCA_010123015.1|DAAMFD010000002.1|185861-188389|+|g520,VFDB,gb|NP_462539,100.0,100.0,Adherence,(lpfC) long polar fimbrial usher protein LpfC,,,
GCA_010123015.1,GCA_010123015.1|DAAMFD010000002.1|185140-185838|+|g519,VFDB,gb|NP_462540,100.0,100.0,Adherence,(lpfB) long polar fimbrial chaperone protein LpfB,,,
GCA_010123015.1,GCA_010123015.1|DAAMFD010000002.1|184531-185055|+|g518,VFDB,gb|NP_462541,100.0,97.8,Adherence,(lpfA) long polar fimbria protein LpfA,,,
GCA_010123015.1,GCA_010123015.1|DAAMFD010000002.1|54876-57743|-|g402,VFDB,gb|NP_462656,100.0,100.0,Adherence,(misL) putative autotransporter,,,
GCA_010123015.1,GCA_010123015.1|DAAMFD010000002.1|48236-50962|+|g396,VFDB,gb|NP_462662,100.0,100.0,Nutritional/Metabolic factor,(mgtB) Mg2+ transport protein,,,
GCA_010123015.1,GCA_010123015.1|DAAMFD010000002.1|47333-48016|+|g395,VFDB,gb|NP_462663,100.0,98.3,Nutritional/Metabolic factor,(mgtC) Salmonella virulence protein MgtC,,,
GCA_010123015.1,GCA_010123015.1|DAAMFD010000001.1|133661-134218|-|g127,VFDB,gb|NP_459538,100.0,100.0,Adherence,(fimA) type-1 fimbrial protein subunit A,,,
GCA_000812595.1,GCA_000812595.1|JRXC01000025.1|5492-6124|+|g2957,VFDB,gb|NP_459544,100.0,100.0,Adherence,(fimZ) DNA-binding response regulator,,,
GCA_000812595.1,GCA_000812595.1|JRXC01000023.1|98955-99281|+|g2888,VFDB,gb|NP_460116,100.0,100.0,Adherence,(csgC) curli assembly protein CsgC,,,
GCA_000812595.1,GCA_000812595.1|JRXC01000023.1|98438-98893|+|g2887,VFDB,gb|NP_460115,100.0,100.0,Adherence,(csgA) curlin major subunit CsgA,,,
GCA_000812595.1,GCA_000812595.1|JRXC01000023.1|97902-98396|+|g2886,VFDB,gb|NP_460114,100.0,92.1,Adherence,"(csgB) minor curlin subunit precursor, curli nucleator protein CsgB",,,
GCA_000812595.1,GCA_000812595.1|JRXC01000023.1|96136-96531|-|g2884,VFDB,gb|NP_460112,100.0,100.0,Adherence,(csgE) curli production assembly/transport protein CsgE,,,
GCA_000812595.1,GCA_000812595.1|JRXC01000023.1|95693-96109|-|g2883,VFDB,gb|NP_460111,100.0,100.0,Adherence,(csgF) curli production assembly/transport protein CsgF,,,
GCA_000812595.1,GCA_000812595.1|JRXC01000023.1|94833-95666|-|g2882,VFDB,gb|NP_460110,100.0,100.0,Adherence,(csgG) curli production assembly/transport protein CsgG,,,
GCA_000812595.1,GCA_000812595.1|JRXC01000023.1|45414-47099|-|g2835,VFDB,gb|NP_460064,100.0,100.0,Effector delivery system,"(sopB/sigD) type III secretion system effector SopB, phosphoinositide phosphatase",,,
GCA_010123015.1,GCA_010123015.1|DAAMFD010000001.1|133052-133585|-|g126,VFDB,gb|NP_459539,100.0,100.0,Adherence,(fimI) fimbrial protein internal segment,,,
GCA_010123015.1,GCA_010123015.1|DAAMFD010000001.1|132316-133008|-|g125,VFDB,gb|NP_459540,100.0,100.0,Adherence,(fimC) chaperone protein FimC,,,
GCA_010123015.1,GCA_010123015.1|DAAMFD010000001.1|129673-132285|-|g124,VFDB,gb|NP_459541,100.0,100.0,Adherence,(fimD) usher protein FimD,,,
GCA_010123015.1,GCA_010123015.1|DAAMFD010000001.1|128651-129658|-|g123,VFDB,gb|NP_459542,100.0,100.0,Adherence,"(fimH) type I fimbriae minor fimbrial subunit FimH, adhesin",,,
GCA_010123015.1,GCA_010123015.1|DAAMFD010000001.1|128123-128641|-|g122,VFDB,gb|NP_459543,100.0,100.0,Adherence,(fimF) type I fimbriae adaptor protein FimF,,,
GCA_010123015.1,GCA_010123015.1|DAAMFD010000001.1|127445-128077|+|g121,VFDB,gb|NP_459544,100.0,100.0,Adherence,(fimZ) DNA-binding response regulator,,,
GCA_010123015.1,GCA_010123015.1|DAAMFD010000001.1|126119-126841|+|g120,VFDB,gb|NP_459545,100.0,100.0,Adherence,(fimY) fimbriae Y protein,,,
GCA_010123015.1,GCA_010123015.1|DAAMFD010000001.1|125031-125627|+|g118,VFDB,gb|NP_459547,100.0,100.0,Adherence,(fimW) helix-turn-helix transcriptional regulator,,,
GCA_008032345.1,GCA_008032345.1|AAJLMD010000023.1|5115-5648|+|g4684,VFDB,gb|NP_460019,100.0,100.0,Stress survival,(sodCI) Gifsy-2 prophage: superoxide dismutase precursor (Cu-Zn),,,
GCA_008032345.1,GCA_008032345.1|AAJLMD010000017.1|38270-38716|+|g4561,VFDB,gb|NP_459288,100.0,100.0,Effector delivery system,(STM0290) hypothetical protein,,,
GCA_008032345.1,GCA_008032345.1|AAJLMD010000017.1|35142-35660|+|g4559,VFDB,gb|NP_459286,100.0,99.4,Effector delivery system,"(tlde1) type VI secretion system effector tlde1, L,D-transpeptidase",,,
GCA_008032345.1,GCA_008032345.1|AAJLMD010000017.1|34729-35115|+|g4558,VFDB,gb|NP_459285,100.0,92.8,Effector delivery system,(STM0287) putative periplasmic protein,,,
GCA_000812595.1,GCA_000812595.1|JRXC01000005.1|28499-28984|+|g3732,VFDB,gb|NP_459275,100.0,100.0,Effector delivery system,"(tae4) type VI secretion system effector tae4, L,D-endopeptidase",,,
GCA_000812595.1,GCA_000812595.1|JRXC01000005.1|27710-28195|+|g3731,VFDB,gb|NP_459274,100.0,100.0,Effector delivery system,(STM0276) Hcp1 family type VI secretion system effector,,,
GCA_000812595.1,GCA_000812595.1|JRXC01000005.1|19237-19731|-|g3723,VFDB,gb|NP_459266,100.0,100.0,Effector delivery system,(STM0269) hypothetical protein,,,
GCA_000812595.1,GCA_000812595.1|JRXC01000005.1|15280-16335|-|g3720,VFDB,gb|NP_459263,100.0,100.0,Effector delivery system,(STM0266) hypothetical protein,,,
GCA_008032345.1,GCA_008032345.1|AAJLMD010000017.1|29655-30011|+|g4555,VFDB,gb|NP_459282,100.0,82.5,Effector delivery system,(STM0284) putative shiga-like toxin A subunit,,,
GCA_008032345.1,GCA_008032345.1|AAJLMD010000017.1|27295-28599|+|g4553,VFDB,gb|NP_459280,100.0,100.0,Effector delivery system,(STM0282) hypothetical protein,,,
GCA_008032345.1,GCA_008032345.1|AAJLMD010000017.1|25955-27298|+|g4552,VFDB,gb|NP_459279,100.0,100.0,Effector delivery system,(tssK) type VI secretion system-associated protein,,,
GCA_008032345.1,GCA_008032345.1|AAJLMD010000017.1|24863-25348|+|g4550,VFDB,gb|NP_459277,100.0,100.0,Effector delivery system,(STM0279) Hcp1 family type VI secretion system effector,,,
GCA_008032345.1,GCA_008032345.1|AAJLMD010000017.1|23867-24352|+|g4548,VFDB,gb|NP_459275,100.0,100.0,Effector delivery system,"(tae4) type VI secretion system effector tae4, L,D-endopeptidase",,,
GCA_008032345.1,GCA_008032345.1|AAJLMD010000017.1|23078-23563|+|g4547,VFDB,gb|NP_459274,100.0,100.0,Effector delivery system,(STM0276) Hcp1 family type VI secretion system effector,,,
GCA_008032345.1,GCA_008032345.1|AAJLMD010000017.1|14165-14659|-|g4537,VFDB,gb|NP_459266,100.0,100.0,Effector delivery system,(STM0269) hypothetical protein,,,
GCA_008032345.1,GCA_008032345.1|AAJLMD010000017.1|12266-14149|-|g4536,VFDB,gb|NP_459265,100.0,100.0,Effector delivery system,(STM0268) type VI secretion protein,,,
GCA_000812595.1,GCA_000812595.1|JRXC01000005.1|34286-34642|+|g3739,VFDB,gb|NP_459282,100.0,82.5,Effector delivery system,(STM0284) putative shiga-like toxin A subunit,,,
GCA_000812595.1,GCA_000812595.1|JRXC01000005.1|31927-33231|+|g3737,VFDB,gb|NP_459280,100.0,100.0,Effector delivery system,(STM0282) hypothetical protein,,,
GCA_000812595.1,GCA_000812595.1|JRXC01000005.1|30587-31930|+|g3736,VFDB,gb|NP_459279,100.0,100.0,Effector delivery system,(tssK) type VI secretion system-associated protein,,,
GCA_000812595.1,GCA_000812595.1|JRXC01000005.1|29495-29980|+|g3734,VFDB,gb|NP_459277,100.0,100.0,Effector delivery system,(STM0279) Hcp1 family type VI secretion system effector,,,
GCA_008032345.1,GCA_008032345.1|AAJLMD010000011.1|127256-128005|-|g4184,VFDB,gb|NP_461820,100.0,86.7,Effector delivery system,(invF) type III secretion system regulatory protein InvF,,,
GCA_008032345.1,GCA_008032345.1|AAJLMD010000011.1|124456-125574|-|g4182,VFDB,gb|NP_461818,100.0,100.0,Effector delivery system,(invE) type III secretion system gatekeeper invE,,,
GCA_008032345.1,GCA_008032345.1|AAJLMD010000011.1|122374-124431|-|g4181,VFDB,gb|NP_461817,100.0,100.0,Effector delivery system,(invA) type III secretion system major export apparatus protein InvA,,,
GCA_008032345.1,GCA_008032345.1|AAJLMD010000011.1|121943-122350|-|g4180,VFDB,gb|NP_461816,100.0,100.0,Effector delivery system,(invB) type III secretion system protein InvB,,,
GCA_008032345.1,GCA_008032345.1|AAJLMD010000011.1|120651-121946|-|g4179,VFDB,gb|NP_461815,100.0,100.0,Effector delivery system,(invC/sctN) type III secretion system ATPase InvC,,,
GCA_008032345.1,GCA_008032345.1|AAJLMD010000011.1|117359-117619|-|g4174,VFDB,gb|NP_461810,100.0,100.0,Effector delivery system,(spaQ) type III secretion system minor export apparatus protein SpaQ,,,
GCA_008032345.1,GCA_008032345.1|AAJLMD010000011.1|116564-117355|-|g4173,VFDB,gb|NP_461809,100.0,100.0,Effector delivery system,(spaR) type III secretion system minor export apparatus protein SpaR,,,
GCA_008032345.1,GCA_008032345.1|AAJLMD010000011.1|115507-116577|-|g4172,VFDB,gb|NP_461808,100.0,100.0,Effector delivery system,(spaS) type III secretion system export apparatus switch protein SpaS,,,
GCA_000812595.1,GCA_000812595.1|JRXC01000009.1|137247-137699|-|g4669,VFDB,gb|NP_459678,100.0,100.0,Regulation,(fur) ferric iron uptake transcriptional regulator,,,
GCA_000812595.1,GCA_000812595.1|JRXC01000007.1|152255-152923|-|g4333,VFDB,gb|NP_463157.1,100.0,100.0,Regulation,(pmrA) response regulator PmrA,,,
GCA_000812595.1,GCA_000812595.1|JRXC01000007.1|151175-152254|-|g4332,VFDB,gb|NP_463156.1,100.0,99.2,Regulation,(pmrB) sensory kinase PmrB,,,
GCA_008032345.1,GCA_008032345.1|AAJLMD010000011.1|114872-115369|-|g4171,VFDB,gb|NP_461807,100.0,100.0,Effector delivery system,(sicA) chaparone for SipC and SipB,,,
GCA_008032345.1,GCA_008032345.1|AAJLMD010000011.1|113088-114869|-|g4170,VFDB,gb|NP_461806,100.0,100.0,Effector delivery system,"(sipB/sspB) type III secretion system hydrophilic translocator, pore protein SipB (Salmonella invasion protein B)",,,
GCA_008032345.1,GCA_008032345.1|AAJLMD010000011.1|111831-113060|-|g4169,VFDB,gb|NP_461805,100.0,100.0,Effector delivery system,"(sipC/sspC) type III secretion system hydrophilic translocator, pore protein SipC",,,
GCA_008032345.1,GCA_008032345.1|AAJLMD010000011.1|107663-108055|-|g4164,VFDB,gb|NP_461800,100.0,100.0,Effector delivery system,(sicP) chaparone for SptP,,,
GCA_008032345.1,GCA_008032345.1|AAJLMD010000011.1|103830-105491|+|g4161,VFDB,gb|NP_461797,100.0,100.0,Effector delivery system,(hilA) transcriptional regulator,,,
GCA_008032345.1,GCA_008032345.1|AAJLMD010000011.1|100049-100291|-|g4158,VFDB,gb|NP_461794,100.0,100.0,Effector delivery system,(prgI) type III secretion system needle filament protein PrgI,,,
GCA_008032345.1,GCA_008032345.1|AAJLMD010000011.1|99725-100030|-|g4157,VFDB,gb|NP_461793,100.0,100.0,Effector delivery system,(prgJ) type III secretion system inner rod protein PrgJ,,,
GCA_008032345.1,GCA_008032345.1|AAJLMD010000011.1|98970-99728|-|g4156,VFDB,gb|NP_461792,100.0,100.0,Effector delivery system,(prgK) type III secretion system inner MS ring protein PrgK,,,
GCA_008032345.1,GCA_008032345.1|AAJLMD010000011.1|98399-98977|-|g4155,VFDB,gb|NP_461791,100.0,96.5,Effector delivery system,(orgA/sctK) type III secretion system accessory cytosolic protein OrgA,,,
GCA_008032345.1,GCA_008032345.1|AAJLMD010000011.1|97762-98442|-|g4154,VFDB,gb|NP_461790,100.0,100.0,Effector delivery system,(orgB/SctL) type III secretion system stator OrgB,,,
GCA_008032345.1,GCA_008032345.1|AAJLMD010000011.1|94941-95696|-|g4151,VFDB,gb|NP_461787,100.0,100.0,Effector delivery system,(sprB) transcriptional regulator,,,
GCA_008032345.1,GCA_008032345.1|AAJLMD010000009.1|60112-61191|+|g3809,VFDB,gb|NP_463156.1,100.0,99.2,Regulation,(pmrB) sensory kinase PmrB,,,
GCA_008032345.1,GCA_008032345.1|AAJLMD010000009.1|59443-60111|+|g3808,VFDB,gb|NP_463157.1,100.0,100.0,Regulation,(pmrA) response regulator PmrA,,,
GCA_008032345.1,GCA_008032345.1|AAJLMD010000009.1|2504-2980|-|g3754,VFDB,gb|WP_000334696,100.0,100.0,Invasion,(pilT) lytic transglycosylase domain-containing protein,,,
GCA_001448615.1,GCA_001448615.1|LHSQ01000001.1|536040-537503|-|g528,VFDB,gb|NP_460200,100.0,100.0,Regulation,(phoQ) sensor protein PhoQ,,,
GCA_001448615.1,GCA_001448615.1|LHSQ01000001.1|450965-451291|+|g442,VFDB,gb|NP_460116,100.0,100.0,Adherence,(csgC) curli assembly protein CsgC,,,
GCA_001448615.1,GCA_001448615.1|LHSQ01000001.1|450448-450903|+|g441,VFDB,gb|NP_460115,100.0,100.0,Adherence,(csgA) curlin major subunit CsgA,,,
GCA_001448615.1,GCA_001448615.1|LHSQ01000001.1|449951-450406|+|g440,VFDB,gb|NP_460114,100.0,100.0,Adherence,"(csgB) minor curlin subunit precursor, curli nucleator protein CsgB",,,
GCA_001448615.1,GCA_001448615.1|LHSQ01000001.1|448546-449196|-|g439,VFDB,gb|NP_460113,100.0,100.0,Adherence,(csgD) DNA-binding transcriptional regulator CsgD,,,
GCA_001448615.1,GCA_001448615.1|LHSQ01000001.1|447703-448119|-|g437,VFDB,gb|NP_460111,100.0,100.0,Adherence,(csgF) curli production assembly/transport protein CsgF,,,
GCA_001448615.1,GCA_001448615.1|LHSQ01000001.1|446843-447676|-|g436,VFDB,gb|NP_460110,100.0,100.0,Adherence,(csgG) curli production assembly/transport protein CsgG,,,
GCA_008032345.1,GCA_008032345.1|AAJLMD010000009.1|1845-2507|-|g3753,VFDB,gb|WP_000218700,100.0,100.0,Invasion,(pilU) prepilin peptidase,,,
GCA_008032345.1,GCA_008032345.1|AAJLMD010000008.1|201696-202415|+|g3744,VFDB,gb|NP_459304,100.0,100.0,Invasion,(pagN) outer membrane adhesin/invasin protein,,,
GCA_008032345.1,GCA_008032345.1|AAJLMD010000007.1|180437-181111|-|g3508,VFDB,gb|NP_460201,100.0,100.0,Regulation,(phoP) response regulator in two-component regulatory system with PhoQ,,,
GCA_008032345.1,GCA_008032345.1|AAJLMD010000007.1|178974-180437|-|g3507,VFDB,gb|NP_460200,100.0,100.0,Regulation,(phoQ) sensor protein PhoQ,,,
GCA_008032345.1,GCA_008032345.1|AAJLMD010000007.1|93899-94225|+|g3422,VFDB,gb|NP_460116,100.0,100.0,Adherence,(csgC) curli assembly protein CsgC,,,
GCA_008032345.1,GCA_008032345.1|AAJLMD010000007.1|93382-93837|+|g3421,VFDB,gb|NP_460115,100.0,100.0,Adherence,(csgA) curlin major subunit CsgA,,,
GCA_008032345.1,GCA_008032345.1|AAJLMD010000007.1|92885-93340|+|g3420,VFDB,gb|NP_460114,100.0,100.0,Adherence,"(csgB) minor curlin subunit precursor, curli nucleator protein CsgB",,,
GCA_008032345.1,GCA_008032345.1|AAJLMD010000007.1|91080-91475|-|g3418,VFDB,gb|NP_460112,100.0,100.0,Adherence,(csgE) curli production assembly/transport protein CsgE,,,
GCA_008032345.1,GCA_008032345.1|AAJLMD010000007.1|90637-91053|-|g3417,VFDB,gb|NP_460111,100.0,100.0,Adherence,(csgF) curli production assembly/transport protein CsgF,,,
GCA_008032345.1,GCA_008032345.1|AAJLMD010000007.1|89777-90610|-|g3416,VFDB,gb|NP_460110,100.0,100.0,Adherence,(csgG) curli production assembly/transport protein CsgG,,,
GCA_008032345.1,GCA_008032345.1|AAJLMD010000007.1|40350-42035|-|g3370,VFDB,gb|NP_460064,100.0,100.0,Effector delivery system,"(sopB/sigD) type III secretion system effector SopB, phosphoinositide phosphatase",,,
GCA_001448615.1,GCA_001448615.1|LHSQ01000001.1|715298-715726|+|g705,VFDB,gb|NP_460368,100.0,98.6,Effector delivery system,(sscB) chaperone for sseF,,,
GCA_001448615.1,GCA_001448615.1|LHSQ01000001.1|714824-715240|+|g704,VFDB,gb|NP_460367,100.0,100.0,Effector delivery system,(sseE) type III secretion system effector SseE,,,
GCA_001448615.1,GCA_001448615.1|LHSQ01000001.1|711701-712291|+|g700,VFDB,gb|NP_460363,100.0,100.0,Effector delivery system,(sseB) type III secretion system effector SseB,,,
GCA_001448615.1,GCA_001448615.1|LHSQ01000001.1|710923-711165|+|g698,VFDB,gb|NP_460361,100.0,100.0,Effector delivery system,(ssaE) chaperone for sseB,,,
GCA_001448615.1,GCA_001448615.1|LHSQ01000001.1|703995-704633|-|g693,VFDB,gb|NP_460356,100.0,100.0,Effector delivery system,(ssrB) DNA-binding response regulator,,,
GCA_001448615.1,GCA_001448615.1|LHSQ01000001.1|537503-538177|-|g529,VFDB,gb|NP_460201,100.0,100.0,Regulation,(phoP) response regulator in two-component regulatory system with PhoQ,,,
GCA_008032345.1,GCA_008032345.1|AAJLMD010000007.1|4667-5353|-|g3337,VFDB,gb|NP_460029.1,100.0,100.0,Effector delivery system,"(gtgE) type III secretion system effector GtgE (Gifsy-2 gene E), cysteine protease",,,
GCA_008032345.1,GCA_008032345.1|AAJLMD010000005.1|185765-186292|+|g2766,VFDB,gb|NP_462537,100.0,100.0,Adherence,"(lpfE) long polar fimbrial minor subunit LpfE, adhesin",,,
GCA_008032345.1,GCA_008032345.1|AAJLMD010000005.1|184680-185759|+|g2765,VFDB,gb|NP_462538,100.0,100.0,Adherence,(lpfD) long polar fimbrial protein LpfD,,,
GCA_008032345.1,GCA_008032345.1|AAJLMD010000005.1|181414-182112|+|g2762,VFDB,gb|NP_462540,100.0,100.0,Adherence,(lpfB) long polar fimbrial chaperone protein LpfB,,,
GCA_008032345.1,GCA_008032345.1|AAJLMD010000005.1|180805-181329|+|g2761,VFDB,gb|NP_462541,100.0,97.8,Adherence,(lpfA) long polar fimbria protein LpfA,,,
GCA_008032345.1,GCA_008032345.1|AAJLMD010000004.1|496648-497640|+|g2589,VFDB,gb|NP_461845,100.0,100.0,Regulation,(rpoS) RNA polymerase sigma factor RpoS,,,
GCA_001448615.1,GCA_001448615.1|LHSQ01000001.1|726511-727158|+|g721,VFDB,gb|NP_460384,100.0,100.0,Effector delivery system,(ssaR) type III secretion system minor export apparatus protein SsaR,,,
GCA_001448615.1,GCA_001448615.1|LHSQ01000001.1|725120-725494|+|g719,VFDB,gb|NP_460382,100.0,100.0,Effector delivery system,(ssaP) type III secretion system needle length regulator SsaP,,,
GCA_001448615.1,GCA_001448615.1|LHSQ01000001.1|721423-723468|+|g716,VFDB,gb|NP_460379,100.0,100.0,Effector delivery system,(ssaV) type III secretion system major export apparatus protein ssaV,,,
GCA_001448615.1,GCA_001448615.1|LHSQ01000001.1|717784-718047|+|g710,VFDB,gb|NP_460373,100.0,94.3,Effector delivery system,(ssaI) type III secretion system inner rod protein SsaI,,,
GCA_001448615.1,GCA_001448615.1|LHSQ01000001.1|717497-717787|+|g709,VFDB,gb|NP_460372,100.0,78.1,Effector delivery system,(ssaH) type III secretion system protein SsaH,,,
GCA_001448615.1,GCA_001448615.1|LHSQ01000001.1|717304-717519|+|g708,VFDB,gb|NP_460371,100.0,100.0,Effector delivery system,(ssaG) type III secretion system needle filament protein SsaG,,,
GCA_008032345.1,GCA_008032345.1|AAJLMD010000003.1|463088-463780|-|g2074,VFDB,gb|NP_459540,100.0,100.0,Adherence,(fimC) chaperone protein FimC,,,
GCA_008032345.1,GCA_008032345.1|AAJLMD010000003.1|319898-320350|+|g1946,VFDB,gb|NP_459678,100.0,100.0,Regulation,(fur) ferric iron uptake transcriptional regulator,,,
GCA_008032345.1,GCA_008032345.1|AAJLMD010000001.1|373621-374241|+|g374,VFDB,gb|NP_460561,100.0,65.2,Effector delivery system,(sifB) type III secretion system effector SifB (Salmonella induced filament protein B),,,
GCA_008032345.1,GCA_008032345.1|AAJLMD010000001.1|176203-176469|+|g182,VFDB,gb|NP_460385,100.0,100.0,Effector delivery system,(ssaS) type III secretion system minor export apparatus protein SsaS,,,
GCA_008032345.1,GCA_008032345.1|AAJLMD010000001.1|175559-176206|+|g181,VFDB,gb|NP_460384,100.0,100.0,Effector delivery system,(ssaR) type III secretion system minor export apparatus protein SsaR,,,
GCA_008032345.1,GCA_008032345.1|AAJLMD010000001.1|174168-174542|+|g179,VFDB,gb|NP_460382,100.0,100.0,Effector delivery system,(ssaP) type III secretion system needle length regulator SsaP,,,
GCA_008032345.1,GCA_008032345.1|AAJLMD010000001.1|173756-174187|+|g178,VFDB,gb|NP_460381,100.0,87.4,Effector delivery system,(ssaO) type III secretion system stalk protein SsaO,,,
GCA_008032345.1,GCA_008032345.1|AAJLMD010000001.1|170471-172516|+|g176,VFDB,gb|NP_460379,100.0,100.0,Effector delivery system,(ssaV) type III secretion system major export apparatus protein ssaV,,,
GCA_008032345.1,GCA_008032345.1|AAJLMD010000001.1|170118-170486|+|g175,VFDB,gb|NP_460378,100.0,100.0,Effector delivery system,(ssaM) type III secretion system protein SsaM,,,
GCA_008032345.1,GCA_008032345.1|AAJLMD010000001.1|166832-167095|+|g170,VFDB,gb|NP_460373,100.0,94.3,Effector delivery system,(ssaI) type III secretion system inner rod protein SsaI,,,
GCA_008032345.1,GCA_008032345.1|AAJLMD010000001.1|166545-166835|+|g169,VFDB,gb|NP_460372,100.0,78.1,Effector delivery system,(ssaH) type III secretion system protein SsaH,,,
GCA_008032345.1,GCA_008032345.1|AAJLMD010000001.1|166352-166567|+|g168,VFDB,gb|NP_460371,100.0,100.0,Effector delivery system,(ssaG) type III secretion system needle filament protein SsaG,,,
GCA_008032345.1,GCA_008032345.1|AAJLMD010000001.1|164346-164774|+|g165,VFDB,gb|NP_460368,100.0,98.6,Effector delivery system,(sscB) chaperone for sseF,,,
GCA_008032345.1,GCA_008032345.1|AAJLMD010000001.1|163872-164288|+|g164,VFDB,gb|NP_460367,100.0,100.0,Effector delivery system,(sseE) type III secretion system effector SseE,,,
GCA_008032345.1,GCA_008032345.1|AAJLMD010000001.1|163282-163869|+|g163,VFDB,gb|NP_460366,100.0,100.0,Effector delivery system,"(sseD) type III secretion system hydrophilic translocator, pore protein SseD",,,
GCA_001448615.1,GCA_001448615.1|LHSQ01000001.1|1194552-1195085|+|g1177,VFDB,gb|NP_460019,100.0,100.0,Stress survival,(sodCI) Gifsy-2 prophage: superoxide dismutase precursor (Cu-Zn),,,
GCA_001448615.1,GCA_001448615.1|LHSQ01000001.1|1166005-1166727|-|g1147,VFDB,gb|NP_460811,100.0,100.0,Effector delivery system,"(sopE2) type III secretion system effector SopE2, guanine nucleotide exchange factor",,,
GCA_001448615.1,GCA_001448615.1|LHSQ01000001.1|905682-906302|+|g895,VFDB,gb|NP_460561,100.0,65.2,Effector delivery system,(sifB) type III secretion system effector SifB (Salmonella induced filament protein B),,,
GCA_008032345.1,GCA_008032345.1|AAJLMD010000001.1|159911-160153|+|g158,VFDB,gb|NP_460361,100.0,100.0,Effector delivery system,(ssaE) chaperone for sseB,,,
GCA_008032345.1,GCA_008032345.1|AAJLMD010000001.1|152983-153621|-|g153,VFDB,gb|NP_460356,100.0,100.0,Effector delivery system,(ssrB) DNA-binding response regulator,,,
GCA_008005965.1,GCA_008005965.1|AAJKJE010000024.1|3110-3583|-|g4681,VFDB,gb|NP_461520.1,100.0,86.7,Effector delivery system,(steE/sarA) type III secretion system effector StcE; Salmonella anti-inflammatory response activator SarA,,,
GCA_008005965.1,GCA_008005965.1|AAJKJE010000018.1|21852-23627|+|g4574,VFDB,gb|NP_490529,100.0,100.0,Effector delivery system,"(spvB) type III secretion system effector SpvB, ADP-ribosylation activity",,,
GCA_008005965.1,GCA_008005965.1|AAJKJE010000018.1|13573-14313|+|g4563,VFDB,gb|NP_490536,100.0,100.0,Antimicrobial activity/Competitive advantage,(mig-5) putative carbonic anhydrase,,,
GCA_008005965.1,GCA_008005965.1|AAJKJE010000009.1|236397-236939|-|g3857,VFDB,gb|NP_459270,100.0,100.0,Effector delivery system,(STM0273) type VI secretion system-associated protein,,,
GCA_008005965.1,GCA_008005965.1|AAJKJE010000009.1|234865-236373|-|g3856,VFDB,gb|NP_459271,100.0,100.0,Effector delivery system,(STM0274) EvpB family type VI secretion protein,,,
GCA_008005965.1,GCA_008005965.1|AAJKJE010000009.1|229965-231269|-|g3850,VFDB,gb|NP_459280,100.0,100.0,Effector delivery system,(STM0282) hypothetical protein,,,
GCA_008005965.1,GCA_008005965.1|AAJKJE010000009.1|228553-228909|-|g3848,VFDB,gb|NP_459282,100.0,82.5,Effector delivery system,(STM0284) putative shiga-like toxin A subunit,,,
GCA_008005965.1,GCA_008005965.1|AAJKJE010000009.1|222904-223422|-|g3844,VFDB,gb|NP_459286,100.0,99.4,Effector delivery system,"(tlde1) type VI secretion system effector tlde1, L,D-transpeptidase",,,
GCA_008005965.1,GCA_008005965.1|AAJKJE010000009.1|201541-202260|+|g3825,VFDB,gb|NP_459304,100.0,100.0,Invasion,(pagN) outer membrane adhesin/invasin protein,,,
GCA_001448615.1,GCA_001448615.1|LHSQ01000010.1|52647-53387|-|g1766,VFDB,gb|NP_490536,100.0,100.0,Antimicrobial activity/Competitive advantage,(mig-5) putative carbonic anhydrase,,,
GCA_001448615.1,GCA_001448615.1|LHSQ01000010.1|41472-42197|-|g1754,VFDB,gb|NP_490528,100.0,100.0,Effector delivery system,"(spvC) type III secretion system effector SpvC, phosphothreonine lyase",,,
GCA_001448615.1,GCA_001448615.1|LHSQ01000010.1|40561-41211|-|g1753,VFDB,gb|NP_490527,100.0,100.0,Effector delivery system,(spvD) Salmonella plasmid virulence: hydrophilic protein,,,
GCA_001448615.1,GCA_001448615.1|LHSQ01000001.1|1460009-1460695|+|g1450,VFDB,gb|NP_460029.1,100.0,100.0,Effector delivery system,"(gtgE) type III secretion system effector GtgE (Gifsy-2 gene E), cysteine protease",,,
GCA_008005965.1,GCA_008005965.1|AAJKJE010000006.1|272271-272804|-|g3137,VFDB,gb|NP_460019,100.0,100.0,Stress survival,(sodCI) Gifsy-2 prophage: superoxide dismutase precursor (Cu-Zn),,,
GCA_008005965.1,GCA_008005965.1|AAJKJE010000006.1|3751-4437|-|g2863,VFDB,gb|NP_460029.1,100.0,100.0,Effector delivery system,"(gtgE) type III secretion system effector GtgE (Gifsy-2 gene E), cysteine protease",,,
GCA_008005965.1,GCA_008005965.1|AAJKJE010000005.1|382005-383474|+|g2856,VFDB,gb|NP_461519,100.0,98.4,Effector delivery system,"(gogB) type III secretion system effector GogB, anti-inflammatory effector",,,
GCA_008005965.1,GCA_008005965.1|AAJKJE010000005.1|301683-303875|-|g2787,VFDB,gb|NP_461452,100.0,100.0,Adherence,(sinH) intimin-like protein,,,
GCA_008005965.1,GCA_008005965.1|AAJKJE010000004.1|183005-183532|+|g2338,VFDB,gb|NP_462537,100.0,100.0,Adherence,"(lpfE) long polar fimbrial minor subunit LpfE, adhesin",,,
GCA_008005965.1,GCA_008005965.1|AAJKJE010000004.1|178653-179351|+|g2335,VFDB,gb|NP_462540,100.0,100.0,Adherence,(lpfB) long polar fimbrial chaperone protein LpfB,,,
GCA_008005965.1,GCA_008005965.1|AAJKJE010000004.1|178044-178568|+|g2334,VFDB,gb|NP_462541,100.0,97.8,Adherence,(lpfA) long polar fimbria protein LpfA,,,
GCA_008005965.1,GCA_008005965.1|AAJKJE010000003.1|360014-361093|+|g2075,VFDB,gb|NP_463156.1,100.0,99.2,Regulation,(pmrB) sensory kinase PmrB,,,
GCA_008005965.1,GCA_008005965.1|AAJKJE010000003.1|359345-360013|+|g2074,VFDB,gb|NP_463157.1,100.0,100.0,Regulation,(pmrA) response regulator PmrA,,,
GCA_008005965.1,GCA_008005965.1|AAJKJE010000002.1|642303-653777|-|g1700,VFDB,gb|WP_001237694.1,100.0,100.0,Adherence,(bapA) biofilm-associated protein BapA,,,
GCA_001448615.1,GCA_001448615.1|LHSQ01000002.1|500970-501689|+|g2425,VFDB,gb|NP_459304,100.0,100.0,Invasion,(pagN) outer membrane adhesin/invasin protein,,,
GCA_001448615.1,GCA_001448615.1|LHSQ01000002.1|246513-246890|-|g2184,VFDB,gb|NP_459539,100.0,70.6,Adherence,(fimI) fimbrial protein internal segment,,,
GCA_001448615.1,GCA_001448615.1|LHSQ01000002.1|240906-241538|+|g2179,VFDB,gb|NP_459544,100.0,100.0,Adherence,(fimZ) DNA-binding response regulator,,,
GCA_008005965.1,GCA_008005965.1|AAJKJE010000002.1|504373-505128|+|g1557,VFDB,gb|NP_461787,100.0,100.0,Effector delivery system,(sprB) transcriptional regulator,,,
GCA_008005965.1,GCA_008005965.1|AAJKJE010000002.1|501627-502307|+|g1554,VFDB,gb|NP_461790,100.0,100.0,Effector delivery system,(orgB/SctL) type III secretion system stator OrgB,,,
GCA_008005965.1,GCA_008005965.1|AAJKJE010000002.1|501092-501670|+|g1553,VFDB,gb|NP_461791,100.0,96.5,Effector delivery system,(orgA/sctK) type III secretion system accessory cytosolic protein OrgA,,,
GCA_008005965.1,GCA_008005965.1|AAJKJE010000002.1|500341-501099|+|g1552,VFDB,gb|NP_461792,100.0,100.0,Effector delivery system,(prgK) type III secretion system inner MS ring protein PrgK,,,
GCA_008005965.1,GCA_008005965.1|AAJKJE010000002.1|500039-500344|+|g1551,VFDB,gb|NP_461793,100.0,100.0,Effector delivery system,(prgJ) type III secretion system inner rod protein PrgJ,,,
GCA_008005965.1,GCA_008005965.1|AAJKJE010000002.1|499778-500020|+|g1550,VFDB,gb|NP_461794,100.0,100.0,Effector delivery system,(prgI) type III secretion system needle filament protein PrgI,,,
GCA_008005965.1,GCA_008005965.1|AAJKJE010000002.1|497330-498259|-|g1548,VFDB,gb|NP_461796,100.0,100.0,Effector delivery system,(hilD) AraC family transcriptional regulator,,,
GCA_008005965.1,GCA_008005965.1|AAJKJE010000002.1|494578-496239|-|g1547,VFDB,gb|NP_461797,100.0,100.0,Effector delivery system,(hilA) transcriptional regulator,,,
GCA_008005965.1,GCA_008005965.1|AAJKJE010000002.1|487009-488238|+|g1539,VFDB,gb|NP_461805,100.0,100.0,Effector delivery system,"(sipC/sspC) type III secretion system hydrophilic translocator, pore protein SipC",,,
GCA_008005965.1,GCA_008005965.1|AAJKJE010000002.1|485200-486981|+|g1538,VFDB,gb|NP_461806,100.0,100.0,Effector delivery system,"(sipB/sspB) type III secretion system hydrophilic translocator, pore protein SipB (Salmonella invasion protein B)",,,
GCA_008005965.1,GCA_008005965.1|AAJKJE010000002.1|484700-485197|+|g1537,VFDB,gb|NP_461807,100.0,100.0,Effector delivery system,(sicA) chaparone for SipC and SipB,,,
GCA_008005965.1,GCA_008005965.1|AAJKJE010000002.1|483492-484562|+|g1536,VFDB,gb|NP_461808,100.0,100.0,Effector delivery system,(spaS) type III secretion system export apparatus switch protein SpaS,,,
GCA_008005965.1,GCA_008005965.1|AAJKJE010000002.1|482450-482710|+|g1534,VFDB,gb|NP_461810,100.0,100.0,Effector delivery system,(spaQ) type III secretion system minor export apparatus protein SpaQ,,,
GCA_008005965.1,GCA_008005965.1|AAJKJE010000002.1|479396-479839|+|g1530,VFDB,gb|NP_461814,100.0,100.0,Effector delivery system,(invI) type III secretion system stalk protein InvI,,,
GCA_008005965.1,GCA_008005965.1|AAJKJE010000002.1|478123-479418|+|g1529,VFDB,gb|NP_461815,100.0,100.0,Effector delivery system,(invC/sctN) type III secretion system ATPase InvC,,,
GCA_008005965.1,GCA_008005965.1|AAJKJE010000002.1|477719-478126|+|g1528,VFDB,gb|NP_461816,100.0,100.0,Effector delivery system,(invB) type III secretion system protein InvB,,,
GCA_001448615.1,GCA_001448615.1|LHSQ01000002.1|545308-545802|+|g2464,VFDB,gb|NP_459266,100.0,100.0,Effector delivery system,(STM0269) hypothetical protein,,,
GCA_001448615.1,GCA_001448615.1|LHSQ01000002.1|538423-539931|-|g2459,VFDB,gb|NP_459271,100.0,100.0,Effector delivery system,(STM0274) EvpB family type VI secretion protein,,,
GCA_001448615.1,GCA_001448615.1|LHSQ01000002.1|534824-536167|-|g2454,VFDB,gb|NP_459279,100.0,100.0,Effector delivery system,(tssK) type VI secretion system-associated protein,,,
GCA_001448615.1,GCA_001448615.1|LHSQ01000002.1|526449-526967|-|g2447,VFDB,gb|NP_459286,100.0,99.4,Effector delivery system,"(tlde1) type VI secretion system effector tlde1, L,D-transpeptidase",,,
GCA_008005965.1,GCA_008005965.1|AAJKJE010000002.1|474495-475613|+|g1526,VFDB,gb|NP_461818,100.0,100.0,Effector delivery system,(invE) type III secretion system gatekeeper invE,,,
GCA_008005965.1,GCA_008005965.1|AAJKJE010000002.1|472810-474498|+|g1525,VFDB,gb|NP_461819,100.0,100.0,Effector delivery system,(invG) type III secretion system secretin invG,,,
GCA_008005965.1,GCA_008005965.1|AAJKJE010000002.1|472064-472813|+|g1524,VFDB,gb|NP_461820,100.0,86.7,Effector delivery system,(invF) type III secretion system regulatory protein InvF,,,
GCA_008005965.1,GCA_008005965.1|AAJKJE010000002.1|449510-450502|+|g1501,VFDB,gb|NP_461845,100.0,100.0,Regulation,(rpoS) RNA polymerase sigma factor RpoS,,,
GCA_008005965.1,GCA_008005965.1|AAJKJE010000001.1|614151-614417|+|g619,VFDB,gb|NP_460385,100.0,100.0,Effector delivery system,(ssaS) type III secretion system minor export apparatus protein SsaS,,,
GCA_008005965.1,GCA_008005965.1|AAJKJE010000001.1|612116-612490|+|g616,VFDB,gb|NP_460382,100.0,100.0,Effector delivery system,(ssaP) type III secretion system needle length regulator SsaP,,,
GCA_008005965.1,GCA_008005965.1|AAJKJE010000001.1|608419-610464|+|g613,VFDB,gb|NP_460379,100.0,100.0,Effector delivery system,(ssaV) type III secretion system major export apparatus protein ssaV,,,
GCA_008005965.1,GCA_008005965.1|AAJKJE010000001.1|608066-608434|+|g612,VFDB,gb|NP_460378,100.0,100.0,Effector delivery system,(ssaM) type III secretion system protein SsaM,,,
GCA_008005965.1,GCA_008005965.1|AAJKJE010000001.1|604780-605043|+|g607,VFDB,gb|NP_460373,100.0,94.3,Effector delivery system,(ssaI) type III secretion system inner rod protein SsaI,,,
GCA_008005965.1,GCA_008005965.1|AAJKJE010000001.1|604493-604783|+|g606,VFDB,gb|NP_460372,100.0,78.1,Effector delivery system,(ssaH) type III secretion system protein SsaH,,,
GCA_008005965.1,GCA_008005965.1|AAJKJE010000001.1|604300-604515|+|g605,VFDB,gb|NP_460371,100.0,100.0,Effector delivery system,(ssaG) type III secretion system needle filament protein SsaG,,,
GCA_008005965.1,GCA_008005965.1|AAJKJE010000001.1|601820-602236|+|g601,VFDB,gb|NP_460367,100.0,100.0,Effector delivery system,(sseE) type III secretion system effector SseE,,,
GCA_008005965.1,GCA_008005965.1|AAJKJE010000001.1|601230-601817|+|g600,VFDB,gb|NP_460366,100.0,100.0,Effector delivery system,"(sseD) type III secretion system hydrophilic translocator, pore protein SseD",,,
GCA_001448615.1,GCA_001448615.1|LHSQ01000005.1|259585-260109|-|g3791,VFDB,gb|NP_462541,100.0,97.8,Adherence,(lpfA) long polar fimbria protein LpfA,,,
GCA_001448615.1,GCA_001448615.1|LHSQ01000005.1|258802-259500|-|g3790,VFDB,gb|NP_462540,100.0,100.0,Adherence,(lpfB) long polar fimbrial chaperone protein LpfB,,,
GCA_001448615.1,GCA_001448615.1|LHSQ01000005.1|254622-255149|-|g3786,VFDB,gb|NP_462537,100.0,100.0,Adherence,"(lpfE) long polar fimbrial minor subunit LpfE, adhesin",,,
GCA_001448615.1,GCA_001448615.1|LHSQ01000004.1|174069-174737|-|g3201,VFDB,gb|NP_463157.1,100.0,100.0,Regulation,(pmrA) response regulator PmrA,,,
GCA_001448615.1,GCA_001448615.1|LHSQ01000002.1|548658-549713|+|g2467,VFDB,gb|NP_459263,100.0,100.0,Effector delivery system,(STM0266) hypothetical protein,,,
GCA_001448615.1,GCA_001448615.1|LHSQ01000002.1|547712-548647|+|g2466,VFDB,gb|NP_459264,100.0,94.0,Effector delivery system,(STM0267) sciB domain protein,,,
GCA_008005965.1,GCA_008005965.1|AAJKJE010000001.1|590994-591632|-|g590,VFDB,gb|NP_460356,100.0,100.0,Effector delivery system,(ssrB) DNA-binding response regulator,,,
GCA_008005965.1,GCA_008005965.1|AAJKJE010000001.1|423987-424661|-|g426,VFDB,gb|NP_460201,100.0,100.0,Regulation,(phoP) response regulator in two-component regulatory system with PhoQ,,,
GCA_008005965.1,GCA_008005965.1|AAJKJE010000001.1|422524-423987|-|g425,VFDB,gb|NP_460200,100.0,100.0,Regulation,(phoQ) sensor protein PhoQ,,,
GCA_008005965.1,GCA_008005965.1|AAJKJE010000001.1|337460-337786|+|g339,VFDB,gb|NP_460116,100.0,100.0,Adherence,(csgC) curli assembly protein CsgC,,,
GCA_008005965.1,GCA_008005965.1|AAJKJE010000001.1|336943-337398|+|g338,VFDB,gb|NP_460115,100.0,100.0,Adherence,(csgA) curlin major subunit CsgA,,,
GCA_008005965.1,GCA_008005965.1|AAJKJE010000001.1|336446-336901|+|g337,VFDB,gb|NP_460114,100.0,100.0,Adherence,"(csgB) minor curlin subunit precursor, curli nucleator protein CsgB",,,
GCA_008005965.1,GCA_008005965.1|AAJKJE010000001.1|335041-335691|-|g336,VFDB,gb|NP_460113,100.0,100.0,Adherence,(csgD) DNA-binding transcriptional regulator CsgD,,,
GCA_008005965.1,GCA_008005965.1|AAJKJE010000001.1|334641-335036|-|g335,VFDB,gb|NP_460112,100.0,100.0,Adherence,(csgE) curli production assembly/transport protein CsgE,,,
GCA_008005965.1,GCA_008005965.1|AAJKJE010000001.1|334198-334614|-|g334,VFDB,gb|NP_460111,100.0,100.0,Adherence,(csgF) curli production assembly/transport protein CsgF,,,
GCA_008005965.1,GCA_008005965.1|AAJKJE010000001.1|333338-334171|-|g333,VFDB,gb|NP_460110,100.0,100.0,Adherence,(csgG) curli production assembly/transport protein CsgG,,,
GCA_006862905.1,GCA_006862905.1|AAGLPJ010000042.1|4632-5027|-|g4112,VFDB,gb|NP_460112,100.0,100.0,Adherence,(csgE) curli production assembly/transport protein CsgE,,,
GCA_006862905.1,GCA_006862905.1|AAGLPJ010000042.1|4189-4605|-|g4111,VFDB,gb|NP_460111,100.0,100.0,Adherence,(csgF) curli production assembly/transport protein CsgF,,,
GCA_006862905.1,GCA_006862905.1|AAGLPJ010000042.1|3329-4162|-|g4110,VFDB,gb|NP_460110,100.0,100.0,Adherence,(csgG) curli production assembly/transport protein CsgG,,,
GCA_001448615.1,GCA_001448615.1|LHSQ01000006.1|91887-92279|-|g4060,VFDB,gb|NP_461800,100.0,100.0,Effector delivery system,(sicP) chaparone for SptP,,,
GCA_001448615.1,GCA_001448615.1|LHSQ01000006.1|88054-89715|+|g4057,VFDB,gb|NP_461797,100.0,100.0,Effector delivery system,(hilA) transcriptional regulator,,,
GCA_001448615.1,GCA_001448615.1|LHSQ01000006.1|84273-84515|-|g4054,VFDB,gb|NP_461794,100.0,100.0,Effector delivery system,(prgI) type III secretion system needle filament protein PrgI,,,
GCA_001448615.1,GCA_001448615.1|LHSQ01000006.1|83949-84254|-|g4053,VFDB,gb|NP_461793,100.0,100.0,Effector delivery system,(prgJ) type III secretion system inner rod protein PrgJ,,,
GCA_001448615.1,GCA_001448615.1|LHSQ01000006.1|83194-83952|-|g4052,VFDB,gb|NP_461792,100.0,100.0,Effector delivery system,(prgK) type III secretion system inner MS ring protein PrgK,,,
GCA_001448615.1,GCA_001448615.1|LHSQ01000006.1|82623-83201|-|g4051,VFDB,gb|NP_461791,100.0,96.5,Effector delivery system,(orgA/sctK) type III secretion system accessory cytosolic protein OrgA,,,
GCA_001448615.1,GCA_001448615.1|LHSQ01000006.1|81986-82666|-|g4050,VFDB,gb|NP_461790,100.0,100.0,Effector delivery system,(orgB/SctL) type III secretion system stator OrgB,,,
GCA_001448615.1,GCA_001448615.1|LHSQ01000006.1|109795-111483|-|g4079,VFDB,gb|NP_461819,100.0,100.0,Effector delivery system,(invG) type III secretion system secretin invG,,,
GCA_001448615.1,GCA_001448615.1|LHSQ01000006.1|106167-106574|-|g4076,VFDB,gb|NP_461816,100.0,100.0,Effector delivery system,(invB) type III secretion system protein InvB,,,
GCA_001448615.1,GCA_001448615.1|LHSQ01000006.1|104875-106170|-|g4075,VFDB,gb|NP_461815,100.0,100.0,Effector delivery system,(invC/sctN) type III secretion system ATPase InvC,,,
GCA_001448615.1,GCA_001448615.1|LHSQ01000006.1|104454-104897|-|g4074,VFDB,gb|NP_461814,100.0,100.0,Effector delivery system,(invI) type III secretion system stalk protein InvI,,,
GCA_001448615.1,GCA_001448615.1|LHSQ01000006.1|101869-102543|-|g4071,VFDB,gb|NP_461811,100.0,100.0,Effector delivery system,(spaP) type III secretion system minor export apparatus protein SpaP,,,
GCA_001448615.1,GCA_001448615.1|LHSQ01000006.1|101583-101843|-|g4070,VFDB,gb|NP_461810,100.0,100.0,Effector delivery system,(spaQ) type III secretion system minor export apparatus protein SpaQ,,,
GCA_001448615.1,GCA_001448615.1|LHSQ01000006.1|99731-100801|-|g4068,VFDB,gb|NP_461808,100.0,100.0,Effector delivery system,(spaS) type III secretion system export apparatus switch protein SpaS,,,
GCA_001448615.1,GCA_001448615.1|LHSQ01000006.1|99096-99593|-|g4067,VFDB,gb|NP_461807,100.0,100.0,Effector delivery system,(sicA) chaparone for SipC and SipB,,,
GCA_001448615.1,GCA_001448615.1|LHSQ01000006.1|97312-99093|-|g4066,VFDB,gb|NP_461806,100.0,100.0,Effector delivery system,"(sipB/sspB) type III secretion system hydrophilic translocator, pore protein SipB (Salmonella invasion protein B)",,,
GCA_001448615.1,GCA_001448615.1|LHSQ01000006.1|96055-97284|-|g4065,VFDB,gb|NP_461805,100.0,100.0,Effector delivery system,"(sipC/sspC) type III secretion system hydrophilic translocator, pore protein SipC",,,
GCA_006862905.1,GCA_006862905.1|AAGLPJ010000028.1|18693-19178|-|g3767,VFDB,gb|NP_459274,100.0,100.0,Effector delivery system,(STM0276) Hcp1 family type VI secretion system effector,,,
GCA_006862905.1,GCA_006862905.1|AAGLPJ010000028.1|17904-18389|-|g3766,VFDB,gb|NP_459275,100.0,100.0,Effector delivery system,"(tae4) type VI secretion system effector tae4, L,D-endopeptidase",,,
GCA_006862905.1,GCA_006862905.1|AAGLPJ010000028.1|16908-17393|-|g3764,VFDB,gb|NP_459277,100.0,100.0,Effector delivery system,(STM0279) Hcp1 family type VI secretion system effector,,,
GCA_006862905.1,GCA_006862905.1|AAGLPJ010000028.1|14958-16301|-|g3762,VFDB,gb|NP_459279,100.0,100.0,Effector delivery system,(tssK) type VI secretion system-associated protein,,,
GCA_006862905.1,GCA_006862905.1|AAGLPJ010000028.1|12245-12601|-|g3759,VFDB,gb|NP_459282,100.0,82.5,Effector delivery system,(STM0284) putative shiga-like toxin A subunit,,,
GCA_006862905.1,GCA_006862905.1|AAGLPJ010000028.1|7141-7527|-|g3756,VFDB,gb|NP_459285,100.0,92.8,Effector delivery system,(STM0287) putative periplasmic protein,,,
GCA_005675415.1,GCA_005675415.1|AADNIJ010000001.1|7449-7775|+|g12,VFDB,gb|NP_460116,100.0,100.0,Adherence,(csgC) curli assembly protein CsgC,,,
GCA_005675415.1,GCA_005675415.1|AADNIJ010000001.1|6932-7387|+|g11,VFDB,gb|NP_460115,100.0,100.0,Adherence,(csgA) curlin major subunit CsgA,,,
GCA_005675415.1,GCA_005675415.1|AADNIJ010000001.1|6435-6890|+|g10,VFDB,gb|NP_460114,100.0,100.0,Adherence,"(csgB) minor curlin subunit precursor, curli nucleator protein CsgB",,,
GCA_005675415.1,GCA_005675415.1|AADNIJ010000001.1|5030-5680|-|g9,VFDB,gb|NP_460113,100.0,100.0,Adherence,(csgD) DNA-binding transcriptional regulator CsgD,,,
GCA_005675415.1,GCA_005675415.1|AADNIJ010000001.1|4187-4603|-|g7,VFDB,gb|NP_460111,100.0,100.0,Adherence,(csgF) curli production assembly/transport protein CsgF,,,
GCA_005675415.1,GCA_005675415.1|AADNIJ010000001.1|3327-4160|-|g6,VFDB,gb|NP_460110,100.0,100.0,Adherence,(csgG) curli production assembly/transport protein CsgG,,,
GCA_001448615.1,GCA_001448615.1|LHSQ01000006.1|133785-134777|-|g4103,VFDB,gb|NP_461845,100.0,100.0,Regulation,(rpoS) RNA polymerase sigma factor RpoS,,,
GCA_001448615.1,GCA_001448615.1|LHSQ01000006.1|111480-112229|-|g4080,VFDB,gb|NP_461820,100.0,86.7,Effector delivery system,(invF) type III secretion system regulatory protein InvF,,,
GCA_006862905.1,GCA_006862905.1|AAGLPJ010000016.1|86786-87460|-|g3041,VFDB,gb|NP_460201,100.0,100.0,Regulation,(phoP) response regulator in two-component regulatory system with PhoQ,,,
GCA_006862905.1,GCA_006862905.1|AAGLPJ010000016.1|85323-86786|-|g3040,VFDB,gb|NP_460200,100.0,100.0,Regulation,(phoQ) sensor protein PhoQ,,,
GCA_006862905.1,GCA_006862905.1|AAGLPJ010000016.1|1567-1893|+|g2957,VFDB,gb|NP_460116,100.0,100.0,Adherence,(csgC) curli assembly protein CsgC,,,
GCA_006862905.1,GCA_006862905.1|AAGLPJ010000016.1|1050-1505|+|g2956,VFDB,gb|NP_460115,100.0,100.0,Adherence,(csgA) curlin major subunit CsgA,,,
GCA_006862905.1,GCA_006862905.1|AAGLPJ010000016.1|553-1008|+|g2955,VFDB,gb|NP_460114,100.0,100.0,Adherence,"(csgB) minor curlin subunit precursor, curli nucleator protein CsgB",,,
GCA_006862905.1,GCA_006862905.1|AAGLPJ010000014.1|18686-19765|+|g2814,VFDB,gb|NP_463156.1,100.0,99.2,Regulation,(pmrB) sensory kinase PmrB,,,
GCA_006862905.1,GCA_006862905.1|AAGLPJ010000014.1|18017-18685|+|g2813,VFDB,gb|NP_463157.1,100.0,100.0,Regulation,(pmrA) response regulator PmrA,,,
GCA_006862905.1,GCA_006862905.1|AAGLPJ010000012.1|9382-9834|+|g2570,VFDB,gb|NP_459678,100.0,100.0,Regulation,(fur) ferric iron uptake transcriptional regulator,,,
GCA_006862905.1,GCA_006862905.1|AAGLPJ010000008.1|163569-164288|+|g2136,VFDB,gb|NP_459304,100.0,100.0,Invasion,(pagN) outer membrane adhesin/invasin protein,,,
GCA_006862905.1,GCA_006862905.1|AAGLPJ010000007.1|195138-196130|-|g1974,VFDB,gb|NP_461845,100.0,100.0,Regulation,(rpoS) RNA polymerase sigma factor RpoS,,,
GCA_006862905.1,GCA_006862905.1|AAGLPJ010000007.1|172916-173665|-|g1950,VFDB,gb|NP_461820,100.0,86.7,Effector delivery system,(invF) type III secretion system regulatory protein InvF,,,
GCA_006862905.1,GCA_006862905.1|AAGLPJ010000007.1|168034-170091|-|g1947,VFDB,gb|NP_461817,100.0,100.0,Effector delivery system,(invA) type III secretion system major export apparatus protein InvA,,,
GCA_006862905.1,GCA_006862905.1|AAGLPJ010000007.1|167603-168010|-|g1946,VFDB,gb|NP_461816,100.0,100.0,Effector delivery system,(invB) type III secretion system protein InvB,,,
GCA_006862905.1,GCA_006862905.1|AAGLPJ010000007.1|166311-167606|-|g1945,VFDB,gb|NP_461815,100.0,100.0,Effector delivery system,(invC/sctN) type III secretion system ATPase InvC,,,
GCA_006862905.1,GCA_006862905.1|AAGLPJ010000007.1|163305-163979|-|g1941,VFDB,gb|NP_461811,100.0,100.0,Effector delivery system,(spaP) type III secretion system minor export apparatus protein SpaP,,,
GCA_005675415.1,GCA_005675415.1|AADNIJ010000001.1|263511-263939|+|g266,VFDB,gb|NP_460368,100.0,98.6,Effector delivery system,(sscB) chaperone for sseF,,,
GCA_005675415.1,GCA_005675415.1|AADNIJ010000001.1|93965-94639|-|g97,VFDB,gb|NP_460201,100.0,100.0,Regulation,(phoP) response regulator in two-component regulatory system with PhoQ,,,
GCA_006862905.1,GCA_006862905.1|AAGLPJ010000007.1|163019-163279|-|g1940,VFDB,gb|NP_461810,100.0,100.0,Effector delivery system,(spaQ) type III secretion system minor export apparatus protein SpaQ,,,
GCA_006862905.1,GCA_006862905.1|AAGLPJ010000007.1|162224-163015|-|g1939,VFDB,gb|NP_461809,100.0,100.0,Effector delivery system,(spaR) type III secretion system minor export apparatus protein SpaR,,,
GCA_006862905.1,GCA_006862905.1|AAGLPJ010000007.1|160532-161029|-|g1937,VFDB,gb|NP_461807,100.0,100.0,Effector delivery system,(sicA) chaparone for SipC and SipB,,,
GCA_006862905.1,GCA_006862905.1|AAGLPJ010000007.1|147467-148396|+|g1926,VFDB,gb|NP_461796,100.0,100.0,Effector delivery system,(hilD) AraC family transcriptional regulator,,,
GCA_006862905.1,GCA_006862905.1|AAGLPJ010000007.1|145382-145687|-|g1923,VFDB,gb|NP_461793,100.0,100.0,Effector delivery system,(prgJ) type III secretion system inner rod protein PrgJ,,,
GCA_006862905.1,GCA_006862905.1|AAGLPJ010000007.1|144627-145385|-|g1922,VFDB,gb|NP_461792,100.0,100.0,Effector delivery system,(prgK) type III secretion system inner MS ring protein PrgK,,,
GCA_006862905.1,GCA_006862905.1|AAGLPJ010000006.1|177095-177361|+|g1758,VFDB,gb|NP_460385,100.0,100.0,Effector delivery system,(ssaS) type III secretion system minor export apparatus protein SsaS,,,
GCA_006862905.1,GCA_006862905.1|AAGLPJ010000006.1|176451-177098|+|g1757,VFDB,gb|NP_460384,100.0,100.0,Effector delivery system,(ssaR) type III secretion system minor export apparatus protein SsaR,,,
GCA_006862905.1,GCA_006862905.1|AAGLPJ010000006.1|175060-175434|+|g1755,VFDB,gb|NP_460382,100.0,100.0,Effector delivery system,(ssaP) type III secretion system needle length regulator SsaP,,,
GCA_006862905.1,GCA_006862905.1|AAGLPJ010000006.1|174648-175079|+|g1754,VFDB,gb|NP_460381,100.0,87.4,Effector delivery system,(ssaO) type III secretion system stalk protein SsaO,,,
GCA_005675415.1,GCA_005675415.1|AADNIJ010000001.1|275368-275634|+|g283,VFDB,gb|NP_460385,100.0,100.0,Effector delivery system,(ssaS) type III secretion system minor export apparatus protein SsaS,,,
GCA_005675415.1,GCA_005675415.1|AADNIJ010000001.1|272921-273352|+|g279,VFDB,gb|NP_460381,100.0,87.4,Effector delivery system,(ssaO) type III secretion system stalk protein SsaO,,,
GCA_005675415.1,GCA_005675415.1|AADNIJ010000001.1|265710-266000|+|g270,VFDB,gb|NP_460372,100.0,78.1,Effector delivery system,(ssaH) type III secretion system protein SsaH,,,
GCA_005675415.1,GCA_005675415.1|AADNIJ010000001.1|265517-265732|+|g269,VFDB,gb|NP_460371,100.0,100.0,Effector delivery system,(ssaG) type III secretion system needle filament protein SsaG,,,
GCA_006862905.1,GCA_006862905.1|AAGLPJ010000006.1|168086-168733|+|g1747,VFDB,gb|NP_460374,100.0,86.3,Effector delivery system,(ssaJ) type III secretion system inner MS ring protein SsaJ,,,
GCA_006862905.1,GCA_006862905.1|AAGLPJ010000006.1|167724-167987|+|g1746,VFDB,gb|NP_460373,100.0,94.3,Effector delivery system,(ssaI) type III secretion system inner rod protein SsaI,,,
GCA_006862905.1,GCA_006862905.1|AAGLPJ010000006.1|167437-167727|+|g1745,VFDB,gb|NP_460372,100.0,78.1,Effector delivery system,(ssaH) type III secretion system protein SsaH,,,
GCA_006862905.1,GCA_006862905.1|AAGLPJ010000006.1|167244-167459|+|g1744,VFDB,gb|NP_460371,100.0,100.0,Effector delivery system,(ssaG) type III secretion system needle filament protein SsaG,,,
GCA_006862905.1,GCA_006862905.1|AAGLPJ010000006.1|165238-165666|+|g1741,VFDB,gb|NP_460368,100.0,98.6,Effector delivery system,(sscB) chaperone for sseF,,,
GCA_006862905.1,GCA_006862905.1|AAGLPJ010000006.1|164764-165180|+|g1740,VFDB,gb|NP_460367,100.0,100.0,Effector delivery system,(sseE) type III secretion system effector SseE,,,
GCA_006862905.1,GCA_006862905.1|AAGLPJ010000001.1|242122-243348|-|g228,VFDB,gb|NP_460590,100.0,100.0,Effector delivery system,"(sseJ) type III secretion system effector SseJ, glycerophospholipid:cholesterol acyltransferase",,,
GCA_005675415.1,GCA_005675415.1|AADNIJ010000018.1|7234-7686|-|g3960,VFDB,gb|NP_459678,100.0,100.0,Regulation,(fur) ferric iron uptake transcriptional regulator,,,
GCA_005675415.1,GCA_005675415.1|AADNIJ010000007.1|222175-223254|+|g2944,VFDB,gb|NP_463156.1,100.0,99.2,Regulation,(pmrB) sensory kinase PmrB,,,
GCA_005675415.1,GCA_005675415.1|AADNIJ010000007.1|221506-222174|+|g2943,VFDB,gb|NP_463157.1,100.0,100.0,Regulation,(pmrA) response regulator PmrA,,,
GCA_005675415.1,GCA_005675415.1|AADNIJ010000003.1|120431-121063|+|g1492,VFDB,gb|NP_459544,100.0,100.0,Adherence,(fimZ) DNA-binding response regulator,,,
GCA_005675415.1,GCA_005675415.1|AADNIJ010000002.1|226603-227595|-|g1096,VFDB,gb|NP_461845,100.0,100.0,Regulation,(rpoS) RNA polymerase sigma factor RpoS,,,
GCA_005675415.1,GCA_005675415.1|AADNIJ010000002.1|201076-202764|-|g1069,VFDB,gb|NP_461819,100.0,100.0,Effector delivery system,(invG) type III secretion system secretin invG,,,
GCA_005675415.1,GCA_005675415.1|AADNIJ010000002.1|199961-201079|-|g1068,VFDB,gb|NP_461818,100.0,100.0,Effector delivery system,(invE) type III secretion system gatekeeper invE,,,
GCA_005675415.1,GCA_005675415.1|AADNIJ010000002.1|197879-199936|-|g1067,VFDB,gb|NP_461817,100.0,100.0,Effector delivery system,(invA) type III secretion system major export apparatus protein InvA,,,
GCA_005675415.1,GCA_005675415.1|AADNIJ010000002.1|197448-197855|-|g1066,VFDB,gb|NP_461816,100.0,100.0,Effector delivery system,(invB) type III secretion system protein InvB,,,
GCA_005675415.1,GCA_005675415.1|AADNIJ010000002.1|196156-197451|-|g1065,VFDB,gb|NP_461815,100.0,100.0,Effector delivery system,(invC/sctN) type III secretion system ATPase InvC,,,
GCA_005675415.1,GCA_005675415.1|AADNIJ010000002.1|193150-193824|-|g1061,VFDB,gb|NP_461811,100.0,100.0,Effector delivery system,(spaP) type III secretion system minor export apparatus protein SpaP,,,
GCA_005675415.1,GCA_005675415.1|AADNIJ010000002.1|192864-193124|-|g1060,VFDB,gb|NP_461810,100.0,100.0,Effector delivery system,(spaQ) type III secretion system minor export apparatus protein SpaQ,,,
GCA_005675415.1,GCA_005675415.1|AADNIJ010000002.1|192069-192860|-|g1059,VFDB,gb|NP_461809,100.0,100.0,Effector delivery system,(spaR) type III secretion system minor export apparatus protein SpaR,,,
GCA_005675415.1,GCA_005675415.1|AADNIJ010000002.1|190377-190874|-|g1057,VFDB,gb|NP_461807,100.0,100.0,Effector delivery system,(sicA) chaparone for SipC and SipB,,,
GCA_005675415.1,GCA_005675415.1|AADNIJ010000002.1|183168-183560|-|g1050,VFDB,gb|NP_461800,100.0,100.0,Effector delivery system,(sicP) chaparone for SptP,,,
GCA_005675415.1,GCA_005675415.1|AADNIJ010000002.1|181014-181496|+|g1048,VFDB,gb|NP_461798,100.0,100.0,Effector delivery system,(iagB) invasion protein IagB,,,
GCA_005675415.1,GCA_005675415.1|AADNIJ010000002.1|179335-180996|+|g1047,VFDB,gb|NP_461797,100.0,100.0,Effector delivery system,(hilA) transcriptional regulator,,,
GCA_005675415.1,GCA_005675415.1|AADNIJ010000002.1|177317-178246|+|g1046,VFDB,gb|NP_461796,100.0,100.0,Effector delivery system,(hilD) AraC family transcriptional regulator,,,
GCA_005675415.1,GCA_005675415.1|AADNIJ010000002.1|175232-175537|-|g1043,VFDB,gb|NP_461793,100.0,100.0,Effector delivery system,(prgJ) type III secretion system inner rod protein PrgJ,,,
GCA_000192125.1,GCA_000192125.1|CM001153.1|608109-608741|-|g576,VFDB,gb|NP_459544,100.0,100.0,Adherence,(fimZ) DNA-binding response regulator,,,
GCA_000329025.1,GCA_000329025.1|ALFF01000063.1|54132-56189|-|g2158,VFDB,gb|NP_461803,99.9,100.0,Effector delivery system,(sipA/sspA) type III secretion system effector SipA (Salmonella invasion protein A),,,
GCA_000258365.1,GCA_000258365.1|CP003416.1|3394097-3396289|-|g3192,VFDB,gb|NP_461452,99.9,100.0,Adherence,(sinH) intimin-like protein,,,
GCA_000192125.1,GCA_000192125.1|CM001153.1|1773358-1775403|-|g1718,VFDB,gb|NP_460379,99.9,100.0,Effector delivery system,(ssaV) type III secretion system major export apparatus protein ssaV,,,
GCA_010714675.1,GCA_010714675.1|DAATGB010000015.1|67851-69908|-|g2344,VFDB,gb|NP_461817,99.9,100.0,Effector delivery system,(invA) type III secretion system major export apparatus protein InvA,,,
GCA_010714675.1,GCA_010714675.1|DAATGB010000015.1|54130-56187|-|g2330,VFDB,gb|NP_461803,99.9,100.0,Effector delivery system,(sipA/sspA) type III secretion system effector SipA (Salmonella invasion protein A),,,
GCA_011454775.1,GCA_011454775.1|AAQBFY010000002.1|536986-539043|+|g1960,VFDB,gb|NP_461803,99.9,100.0,Effector delivery system,(sipA/sspA) type III secretion system effector SipA (Salmonella invasion protein A),,,
GCA_001448615.1,GCA_001448615.1|LHSQ01000006.1|106598-108655|-|g4077,VFDB,gb|NP_461817,99.9,100.0,Effector delivery system,(invA) type III secretion system major export apparatus protein InvA,,,
GCA_010123345.1,GCA_010123345.1|DAAMFF010000004.1|53515-56043|+|g1029,VFDB,gb|NP_462539,99.9,100.0,Adherence,(lpfC) long polar fimbrial usher protein LpfC,,,
GCA_010714675.1,GCA_010714675.1|DAATGB010000010.1|97150-99342|+|g1746,VFDB,gb|NP_461452,99.9,100.0,Adherence,(sinH) intimin-like protein,,,
GCA_006862905.1,GCA_006862905.1|AAGLPJ010000002.1|42766-45492|+|g448,VFDB,gb|NP_462662,99.9,100.0,Nutritional/Metabolic factor,(mgtB) Mg2+ transport protein,,,
GCA_006862905.1,GCA_006862905.1|AAGLPJ010000006.1|171363-173408|+|g1752,VFDB,gb|NP_460379,99.9,100.0,Effector delivery system,(ssaV) type III secretion system major export apparatus protein ssaV,,,
GCA_000812595.1,GCA_000812595.1|JRXC01000010.1|241399-243444|+|g322,VFDB,gb|NP_460379,99.9,100.0,Effector delivery system,(ssaV) type III secretion system major export apparatus protein ssaV,,,
GCA_000192125.1,GCA_000192125.1|CM001153.1|2913864-2915921|-|g2811,VFDB,gb|NP_461817,99.9,100.0,Effector delivery system,(invA) type III secretion system major export apparatus protein InvA,,,
GCA_000812595.1,GCA_000812595.1|JRXC01000002.1|153095-155821|-|g2517,VFDB,gb|NP_462662,99.9,100.0,Nutritional/Metabolic factor,(mgtB) Mg2+ transport protein,,,
GCA_000812595.1,GCA_000812595.1|JRXC01000002.1|16426-18954|-|g2390,VFDB,gb|NP_462539,99.9,100.0,Adherence,(lpfC) long polar fimbrial usher protein LpfC,,,
GCA_008005965.1,GCA_008005965.1|AAJKJE010000002.1|489359-491416|+|g1541,VFDB,gb|NP_461803,99.9,100.0,Effector delivery system,(sipA/sspA) type III secretion system effector SipA (Salmonella invasion protein A),,,
GCA_001448615.1,GCA_001448615.1|LHSQ01000003.1|193264-195456|-|g2764,VFDB,gb|NP_461452,99.9,100.0,Adherence,(sinH) intimin-like protein,,,
GCA_008005965.1,GCA_008005965.1|AAJKJE010000002.1|475638-477695|+|g1527,VFDB,gb|NP_461817,99.9,100.0,Effector delivery system,(invA) type III secretion system major export apparatus protein InvA,,,
GCA_008032345.1,GCA_008032345.1|AAJLMD010000011.1|108653-110710|-|g4167,VFDB,gb|NP_461803,99.9,100.0,Effector delivery system,(sipA/sspA) type III secretion system effector SipA (Salmonella invasion protein A),,,
GCA_000258365.1,GCA_000258365.1|CP003416.1|3702511-3704568|-|g3468,VFDB,gb|NP_461817,99.9,100.0,Effector delivery system,(invA) type III secretion system major export apparatus protein InvA,,,
GCA_000258365.1,GCA_000258365.1|CP003416.1|3688789-3690846|-|g3454,VFDB,gb|NP_461803,99.9,100.0,Effector delivery system,(sipA/sspA) type III secretion system effector SipA (Salmonella invasion protein A),,,
GCA_000474395.1,GCA_000474395.1|AUQU01000012.1|442828-445590|-|g2084,VFDB,gb|NP_460357,99.9,100.0,Effector delivery system,(ssrA) hybrid sensor histidine kinase/response regulator,,,
GCA_001448615.1,GCA_001448615.1|LHSQ01000006.1|92877-94934|-|g4063,VFDB,gb|NP_461803,99.9,100.0,Effector delivery system,(sipA/sspA) type III secretion system effector SipA (Salmonella invasion protein A),,,
GCA_011454775.1,GCA_011454775.1|AAQBFY010000010.1|42557-45283|+|g3856,VFDB,gb|NP_462662,99.8,100.0,Nutritional/Metabolic factor,(mgtB) Mg2+ transport protein,,,
GCA_005675415.1,GCA_005675415.1|AADNIJ010000002.1|188593-190374|-|g1056,VFDB,gb|NP_461806,99.8,100.0,Effector delivery system,"(sipB/sspB) type III secretion system hydrophilic translocator, pore protein SipB (Salmonella invasion protein B)",,,
GCA_010715595.1,GCA_010715595.1|DAATGU010000002.1|250999-252342|-|g722,VFDB,gb|NP_463287.1,99.8,100.0,Effector delivery system,"(srfJ) type III secretion system Effector SrfJ,  glucosylceramidase activity",,,
GCA_011457165.1,GCA_011457165.1|AAQBKM010000015.1|104553-106061|-|g3866,VFDB,gb|NP_459271,99.8,100.0,Effector delivery system,(STM0274) EvpB family type VI secretion protein,,,
GCA_000330625.1,GCA_000330625.1|ANOT01000022.1|155411-156754|+|g788,VFDB,gb|NP_463287.1,99.8,100.0,Effector delivery system,"(srfJ) type III secretion system Effector SrfJ,  glucosylceramidase activity",,,
GCA_000330625.1,GCA_000330625.1|ANOT01000034.1|53367-54830|-|g1555,VFDB,gb|NP_460200,99.8,100.0,Regulation,(phoQ) sensor protein PhoQ,,,
GCA_010716035.1,GCA_010716035.1|DAATFR010000005.1|119198-120541|-|g1532,VFDB,gb|NP_463287.1,99.8,100.0,Effector delivery system,"(srfJ) type III secretion system Effector SrfJ,  glucosylceramidase activity",,,
GCA_011457165.1,GCA_011457165.1|AAQBKM010000003.1|198043-199824|-|g1253,VFDB,gb|NP_461806,99.8,100.0,Effector delivery system,"(sipB/sspB) type III secretion system hydrophilic translocator, pore protein SipB (Salmonella invasion protein B)",,,
GCA_010123345.1,GCA_010123345.1|DAAMFF010000011.1|48187-50913|+|g2223,VFDB,gb|NP_462662,99.8,100.0,Nutritional/Metabolic factor,(mgtB) Mg2+ transport protein,,,
GCA_006862905.1,GCA_006862905.1|AAGLPJ010000028.1|20065-21573|-|g3769,VFDB,gb|NP_459271,99.8,100.0,Effector delivery system,(STM0274) EvpB family type VI secretion protein,,,
GCA_010714675.1,GCA_010714675.1|DAATGB010000006.1|89867-91093|+|g1129,VFDB,gb|NP_460590,99.8,100.0,Effector delivery system,"(sseJ) type III secretion system effector SseJ, glycerophospholipid:cholesterol acyltransferase",,,
GCA_010123345.1,GCA_010123345.1|DAAMFF010000001.1|373976-375859|+|g345,VFDB,gb|NP_459265,99.8,100.0,Effector delivery system,(STM0268) type VI secretion protein,,,
GCA_010716035.1,GCA_010716035.1|DAATFR010000001.1|42700-45426|+|g44,VFDB,gb|NP_462662,99.8,100.0,Nutritional/Metabolic factor,(mgtB) Mg2+ transport protein,,,
GCA_000258365.1,GCA_000258365.1|CP003416.1|2458909-2460135|+|g2301,VFDB,gb|NP_460590,99.8,100.0,Effector delivery system,"(sseJ) type III secretion system effector SseJ, glycerophospholipid:cholesterol acyltransferase",,,
GCA_000330625.1,GCA_000330625.1|ANOT01000058.1|51269-52498|+|g4174,VFDB,gb|NP_461805,99.8,100.0,Effector delivery system,"(sipC/sspC) type III secretion system hydrophilic translocator, pore protein SipC",,,
GCA_010716035.1,GCA_010716035.1|DAATFR010000017.1|57319-58548|-|g3550,VFDB,gb|NP_461805,99.8,100.0,Effector delivery system,"(sipC/sspC) type III secretion system hydrophilic translocator, pore protein SipC",,,
GCA_006862905.1,GCA_006862905.1|AAGLPJ010000007.1|149491-151152|+|g1927,VFDB,gb|NP_461797,99.8,100.0,Effector delivery system,(hilA) transcriptional regulator,,,
GCA_000330625.1,GCA_000330625.1|ANOT01000034.1|232535-233836|+|g1737,VFDB,gb|NP_460380,99.8,100.0,Effector delivery system,(ssaN) type III secretion system ATPase SsaN,,,
GCA_011457165.1,GCA_011457165.1|AAQBKM010000003.1|196786-198015|-|g1252,VFDB,gb|NP_461805,99.8,100.0,Effector delivery system,"(sipC/sspC) type III secretion system hydrophilic translocator, pore protein SipC",,,
GCA_008032345.1,GCA_008032345.1|AAJLMD010000001.1|402404-403630|+|g403,VFDB,gb|NP_460590,99.8,100.0,Effector delivery system,"(sseJ) type III secretion system effector SseJ, glycerophospholipid:cholesterol acyltransferase",,,
GCA_010714675.1,GCA_010714675.1|DAATGB010000039.1|48120-50846|+|g4228,VFDB,gb|NP_462662,99.8,100.0,Nutritional/Metabolic factor,(mgtB) Mg2+ transport protein,,,
GCA_000329025.1,GCA_000329025.1|ALFF01000055.1|12683-13909|+|g1888,VFDB,gb|NP_460590,99.8,100.0,Effector delivery system,"(sseJ) type III secretion system effector SseJ, glycerophospholipid:cholesterol acyltransferase",,,
GCA_010715595.1,GCA_010715595.1|DAATGU010000012.1|106453-113760|+|g2728,VFDB,gb|NP_461449,99.8,100.0,Adherence,(ratB) putative outer membrane protein,,,
GCA_001448615.1,GCA_001448615.1|LHSQ01000001.1|934398-935624|+|g924,VFDB,gb|NP_460590,99.8,100.0,Effector delivery system,"(sseJ) type III secretion system effector SseJ, glycerophospholipid:cholesterol acyltransferase",,,
GCA_010715595.1,GCA_010715595.1|DAATGU010000011.1|57304-58533|-|g2534,VFDB,gb|NP_461805,99.8,100.0,Effector delivery system,"(sipC/sspC) type III secretion system hydrophilic translocator, pore protein SipC",,,
GCA_005675415.1,GCA_005675415.1|AADNIJ010000007.1|75307-76650|-|g2806,VFDB,gb|NP_463287.1,99.8,100.0,Effector delivery system,"(srfJ) type III secretion system Effector SrfJ,  glucosylceramidase activity",,,
GCA_010715595.1,GCA_010715595.1|DAATGU010000015.1|42591-45317|+|g3078,VFDB,gb|NP_462662,99.8,100.0,Nutritional/Metabolic factor,(mgtB) Mg2+ transport protein,,,
GCA_000329025.1,GCA_000329025.1|ALFF01000109.1|269198-271924|-|g4254,VFDB,gb|NP_462662,99.8,100.0,Nutritional/Metabolic factor,(mgtB) Mg2+ transport protein,,,
GCA_008005965.1,GCA_008005965.1|AAJKJE010000001.1|595229-596722|+|g593,VFDB,gb|NP_460359,99.8,100.0,Effector delivery system,(ssaC) type III secretion system secretin SsaC,,,
GCA_000329025.1,GCA_000329025.1|ALFF01000101.1|17103-18983|-|g3887,VFDB,gb|NP_461452,99.8,85.8,Adherence,(sinH) intimin-like protein,,,
GCA_008005965.1,GCA_008005965.1|AAJKJE010000004.1|42557-45283|+|g2210,VFDB,gb|NP_462662,99.8,100.0,Nutritional/Metabolic factor,(mgtB) Mg2+ transport protein,,,
GCA_011457165.1,GCA_011457165.1|AAQBKM010000015.1|98155-99459|-|g3859,VFDB,gb|NP_459280,99.8,100.0,Effector delivery system,(STM0282) hypothetical protein,,,
GCA_008032345.1,GCA_008032345.1|AAJLMD010000001.1|157218-158711|+|g156,VFDB,gb|NP_460359,99.8,100.0,Effector delivery system,(ssaC) type III secretion system secretin SsaC,,,
GCA_010714675.1,GCA_010714675.1|DAATGB010000017.1|84722-86026|-|g2609,VFDB,gb|NP_459280,99.8,100.0,Effector delivery system,(STM0282) hypothetical protein,,,
GCA_008005965.1,GCA_008005965.1|AAJKJE010000009.1|231266-232609|-|g3851,VFDB,gb|NP_459279,99.8,100.0,Effector delivery system,(tssK) type VI secretion system-associated protein,,,
GCA_001448615.1,GCA_001448615.1|LHSQ01000005.1|393902-396628|-|g3919,VFDB,gb|NP_462662,99.8,100.0,Nutritional/Metabolic factor,(mgtB) Mg2+ transport protein,,,
GCA_006862905.1,GCA_006862905.1|AAGLPJ010000007.1|157491-158720|-|g1935,VFDB,gb|NP_461805,99.8,100.0,Effector delivery system,"(sipC/sspC) type III secretion system hydrophilic translocator, pore protein SipC",,,
GCA_005675415.1,GCA_005675415.1|AADNIJ010000001.1|92502-93965|-|g96,VFDB,gb|NP_460200,99.8,100.0,Regulation,(phoQ) sensor protein PhoQ,,,
GCA_001448615.1,GCA_001448615.1|LHSQ01000001.1|708230-709723|+|g696,VFDB,gb|NP_460359,99.8,100.0,Effector delivery system,(ssaC) type III secretion system secretin SsaC,,,
GCA_011454775.1,GCA_011454775.1|AAQBFY010000001.1|763350-764576|+|g749,VFDB,gb|NP_460590,99.8,100.0,Effector delivery system,"(sseJ) type III secretion system effector SseJ, glycerophospholipid:cholesterol acyltransferase",,,
GCA_011454775.1,GCA_011454775.1|AAQBFY010000001.1|537598-538899|+|g536,VFDB,gb|NP_460380,99.8,100.0,Effector delivery system,(ssaN) type III secretion system ATPase SsaN,,,
GCA_008032345.1,GCA_008032345.1|AAJLMD010000017.1|20404-21912|+|g4544,VFDB,gb|NP_459271,99.8,100.0,Effector delivery system,(STM0274) EvpB family type VI secretion protein,,,
GCA_008005965.1,GCA_008005965.1|AAJKJE010000001.1|834583-835809|+|g828,VFDB,gb|NP_460590,99.8,100.0,Effector delivery system,"(sseJ) type III secretion system effector SseJ, glycerophospholipid:cholesterol acyltransferase",,,
GCA_000258365.1,GCA_000258365.1|CP003416.1|1063753-1065057|+|g940,VFDB,gb|NP_459280,99.8,100.0,Effector delivery system,(STM0282) hypothetical protein,,,
GCA_010715595.1,GCA_010715595.1|DAATGU010000001.1|513704-515212|-|g478,VFDB,gb|NP_459271,99.8,100.0,Effector delivery system,(STM0274) EvpB family type VI secretion protein,,,
GCA_010715595.1,GCA_010715595.1|DAATGU010000001.1|508598-509941|-|g471,VFDB,gb|NP_459279,99.8,100.0,Effector delivery system,(tssK) type VI secretion system-associated protein,,,
GCA_005675415.1,GCA_005675415.1|AADNIJ010000002.1|187336-188565|-|g1055,VFDB,gb|NP_461805,99.8,100.0,Effector delivery system,"(sipC/sspC) type III secretion system hydrophilic translocator, pore protein SipC",,,
GCA_000258365.1,GCA_000258365.1|CP003416.1|4632536-4635262|-|g4337,VFDB,gb|NP_462662,99.8,100.0,Nutritional/Metabolic factor,(mgtB) Mg2+ transport protein,,,
GCA_001448615.1,GCA_001448615.1|LHSQ01000002.1|533523-534827|-|g2453,VFDB,gb|NP_459280,99.8,100.0,Effector delivery system,(STM0282) hypothetical protein,,,
GCA_008005965.1,GCA_008005965.1|AAJKJE010000001.1|610454-611755|+|g614,VFDB,gb|NP_460380,99.8,100.0,Effector delivery system,(ssaN) type III secretion system ATPase SsaN,,,
GCA_000329025.1,GCA_000329025.1|ALFF01000026.1|9032-10333|-|g800,VFDB,gb|NP_460380,99.8,100.0,Effector delivery system,(ssaN) type III secretion system ATPase SsaN,,,
GCA_008032345.1,GCA_008032345.1|AAJLMD010000011.1|125571-127259|-|g4183,VFDB,gb|NP_461819,99.8,100.0,Effector delivery system,(invG) type III secretion system secretin invG,,,
GCA_000812595.1,GCA_000812595.1|JRXC01000010.1|474136-475362|+|g544,VFDB,gb|NP_460590,99.8,100.0,Effector delivery system,"(sseJ) type III secretion system effector SseJ, glycerophospholipid:cholesterol acyltransferase",,,
GCA_010123345.1,GCA_010123345.1|DAAMFF010000001.1|361469-362812|-|g332,VFDB,gb|NP_459279,99.8,100.0,Effector delivery system,(tssK) type VI secretion system-associated protein,,,
GCA_005675415.1,GCA_005675415.1|AADNIJ010000001.1|271671-272972|+|g278,VFDB,gb|NP_460380,99.8,100.0,Effector delivery system,(ssaN) type III secretion system ATPase SsaN,,,
GCA_010123345.1,GCA_010123345.1|DAAMFF010000001.1|366575-368083|-|g339,VFDB,gb|NP_459271,99.8,100.0,Effector delivery system,(STM0274) EvpB family type VI secretion protein,,,
GCA_000330625.1,GCA_000330625.1|ANOT01000058.1|49460-51241|+|g4173,VFDB,gb|NP_461806,99.8,100.0,Effector delivery system,"(sipB/sspB) type III secretion system hydrophilic translocator, pore protein SipB (Salmonella invasion protein B)",,,
GCA_000812595.1,GCA_000812595.1|JRXC01000005.1|25114-26622|+|g3728,VFDB,gb|NP_459271,99.8,100.0,Effector delivery system,(STM0274) EvpB family type VI secretion protein,,,
GCA_010716035.1,GCA_010716035.1|DAATFR010000029.1|16309-17817|-|g4312,VFDB,gb|NP_459271,99.8,100.0,Effector delivery system,(STM0274) EvpB family type VI secretion protein,,,
GCA_006862905.1,GCA_006862905.1|AAGLPJ010000007.1|158748-160529|-|g1936,VFDB,gb|NP_461806,99.8,100.0,Effector delivery system,"(sipB/sspB) type III secretion system hydrophilic translocator, pore protein SipB (Salmonella invasion protein B)",,,
GCA_010123345.1,GCA_010123345.1|DAAMFF010000001.1|354854-358723|-|g328,VFDB,gb|NP_459283,99.8,100.0,Effector delivery system,(STM0285) hypothetical protein,,,
GCA_000192125.1,GCA_000192125.1|CM001153.1|2917061-2918749|-|g2813,VFDB,gb|NP_461819,99.8,100.0,Effector delivery system,(invG) type III secretion system secretin invG,,,
GCA_008032345.1,GCA_008032345.1|AAJLMD010000001.1|172506-173807|+|g177,VFDB,gb|NP_460380,99.8,100.0,Effector delivery system,(ssaN) type III secretion system ATPase SsaN,,,
GCA_010123345.1,GCA_010123345.1|DAAMFF010000008.1|24446-25672|-|g1767,VFDB,gb|NP_460590,99.8,100.0,Effector delivery system,"(sseJ) type III secretion system effector SseJ, glycerophospholipid:cholesterol acyltransferase",,,
GCA_010714675.1,GCA_010714675.1|DAATGB010000011.1|128910-130595|-|g1911,VFDB,gb|NP_460064,99.8,100.0,Effector delivery system,"(sopB/sigD) type III secretion system effector SopB, phosphoinositide phosphatase",,,
GCA_010714675.1,GCA_010714675.1|DAATGB010000017.1|100612-101607|+|g2625,VFDB,gb|NP_459264,99.7,100.0,Effector delivery system,(STM0267) sciB domain protein,,,
GCA_000329025.1,GCA_000329025.1|ALFF01000063.1|41559-42446|-|g2143,VFDB,gb|NP_461788,99.7,100.0,Effector delivery system,(hilC) AraC family transcriptional regulator,,,
GCA_010714675.1,GCA_010714675.1|DAATGB010000017.1|98732-100615|+|g2624,VFDB,gb|NP_459265,99.7,100.0,Effector delivery system,(STM0268) type VI secretion protein,,,
GCA_010714675.1,GCA_010714675.1|DAATGB010000015.1|41558-42445|-|g2314,VFDB,gb|NP_461788,99.7,100.0,Effector delivery system,(hilC) AraC family transcriptional regulator,,,
GCA_010715595.1,GCA_010715595.1|DAATGU010000011.1|115883-116836|+|g2594,VFDB,gb|NP_461866,99.7,100.0,Effector delivery system,(sopD) type III secretion system effector SopD,,,
GCA_010715595.1,GCA_010715595.1|DAATGU010000014.1|5613-6572|+|g2905,VFDB,gb|NP_459947,99.7,100.0,Effector delivery system,(sopD2) type III secretion system effector SopD2,,,
GCA_008005965.1,GCA_008005965.1|AAJKJE010000009.1|242265-244148|+|g3862,VFDB,gb|NP_459265,99.7,100.0,Effector delivery system,(STM0268) type VI secretion protein,,,
GCA_008005965.1,GCA_008005965.1|AAJKJE010000009.1|237039-239678|-|g3858,VFDB,gb|NP_459269,99.7,100.0,Effector delivery system,(STM0272) ClpV1 family T6SS ATPase,,,
GCA_008005965.1,GCA_008005965.1|AAJKJE010000009.1|240045-240947|+|g3859,VFDB,gb|NP_459268,99.7,100.0,Effector delivery system,(STM0271) hypothetical protein,,,
GCA_011454775.1,GCA_011454775.1|AAQBFY010000002.1|535936-536967|+|g1959,VFDB,gb|NP_461804,99.7,100.0,Effector delivery system,"(sipD) type III secretion system hydrophilic translocator, needle tip protein SipD",,,
GCA_000192125.1,GCA_000192125.1|CM001153.1|2902219-2903250|-|g2798,VFDB,gb|NP_461804,99.7,100.0,Effector delivery system,"(sipD) type III secretion system hydrophilic translocator, needle tip protein SipD",,,
GCA_008005965.1,GCA_008005965.1|AAJKJE010000016.1|18169-19179|-|g4501,VFDB,gb|NP_463026,99.7,100.0,Effector delivery system,"(sseK1) type III secretion system effector SseK1, Arginine N-Glycosyltransferase",,,
GCA_000329025.1,GCA_000329025.1|ALFF01000109.1|131738-132817|-|g4126,VFDB,gb|NP_462538,99.7,100.0,Adherence,(lpfD) long polar fimbrial protein LpfD,,,
GCA_010715595.1,GCA_010715595.1|DAATGU010000011.1|39349-40215|-|g2515,VFDB,gb|NP_461786,99.7,95.4,Effector delivery system,"(avrA) type III secretion system effector AvrA, acetyltransferease",,,
GCA_010715595.1,GCA_010715595.1|DAATGU010000011.1|41557-42444|-|g2517,VFDB,gb|NP_461788,99.7,100.0,Effector delivery system,(hilC) AraC family transcriptional regulator,,,
GCA_010714675.1,GCA_010714675.1|DAATGB010000015.1|56206-57237|-|g2331,VFDB,gb|NP_461804,99.7,100.0,Effector delivery system,"(sipD) type III secretion system hydrophilic translocator, needle tip protein SipD",,,
GCA_000329025.1,GCA_000329025.1|ALFF01000068.1|67866-68834|-|g2656,VFDB,gb|NP_460026,99.7,100.0,Effector delivery system,"(sseI/srfH) type III secretion system effector SseI/SrfH (SsrB regulated factor H), deamidase",,,
GCA_010714675.1,GCA_010714675.1|DAATGB010000015.1|63786-64697|-|g2339,VFDB,gb|NP_461812,99.7,100.0,Effector delivery system,(spaO/sctQ) type III secretion system C ring protein SpaO,,,
GCA_001448615.1,GCA_001448615.1|LHSQ01000006.1|94953-95984|-|g4064,VFDB,gb|NP_461804,99.7,100.0,Effector delivery system,"(sipD) type III secretion system hydrophilic translocator, needle tip protein SipD",,,
GCA_010714675.1,GCA_010714675.1|DAATGB010000015.1|47287-48216|+|g2322,VFDB,gb|NP_461796,99.7,100.0,Effector delivery system,(hilD) AraC family transcriptional regulator,,,
GCA_001448615.1,GCA_001448615.1|LHSQ01000006.1|108680-109798|-|g4078,VFDB,gb|NP_461818,99.7,100.0,Effector delivery system,(invE) type III secretion system gatekeeper invE,,,
GCA_010715595.1,GCA_010715595.1|DAATGU010000003.1|252066-254828|-|g1047,VFDB,gb|NP_460357,99.7,100.0,Effector delivery system,(ssrA) hybrid sensor histidine kinase/response regulator,,,
GCA_005675415.1,GCA_005675415.1|AADNIJ010000002.1|171577-172464|-|g1038,VFDB,gb|NP_461788,99.7,100.0,Effector delivery system,(hilC) AraC family transcriptional regulator,,,
GCA_011454775.1,GCA_011454775.1|AAQBFY010000005.1|58877-59956|+|g2872,VFDB,gb|NP_462538,99.7,100.0,Adherence,(lpfD) long polar fimbrial protein LpfD,,,
GCA_001448615.1,GCA_001448615.1|LHSQ01000005.1|256252-258495|-|g3788,VFDB,gb|NP_462539,99.7,88.7,Adherence,(lpfC) long polar fimbrial usher protein LpfC,,,
GCA_000192125.1,GCA_000192125.1|CM001153.1|2887571-2888458|-|g2782,VFDB,gb|NP_461788,99.7,100.0,Effector delivery system,(hilC) AraC family transcriptional regulator,,,
GCA_011454775.1,GCA_011454775.1|AAQBFY010000002.1|550729-551616|+|g1975,VFDB,gb|NP_461788,99.7,100.0,Effector delivery system,(hilC) AraC family transcriptional regulator,,,
GCA_010714675.1,GCA_010714675.1|DAATGB010000016.1|33036-34028|+|g2429,VFDB,gb|NP_460377,99.7,97.6,Effector delivery system,(ssaL) type III secretion system gatekeeper SsaL,,,
GCA_000329025.1,GCA_000329025.1|ALFF01000063.1|56208-57239|-|g2159,VFDB,gb|NP_461804,99.7,100.0,Effector delivery system,"(sipD) type III secretion system hydrophilic translocator, needle tip protein SipD",,,
GCA_001448615.1,GCA_001448615.1|LHSQ01000006.1|80305-81192|-|g4048,VFDB,gb|NP_461788,99.7,100.0,Effector delivery system,(hilC) AraC family transcriptional regulator,,,
GCA_001448615.1,GCA_001448615.1|LHSQ01000010.1|42478-44259|-|g1755,VFDB,gb|NP_490529,99.7,99.7,Effector delivery system,"(spvB) type III secretion system effector SpvB, ADP-ribosylation activity",,,
GCA_010123345.1,GCA_010123345.1|DAAMFF010000002.1|55316-56347|-|g415,VFDB,gb|NP_461804,99.7,100.0,Effector delivery system,"(sipD) type III secretion system hydrophilic translocator, needle tip protein SipD",,,
GCA_008032345.1,GCA_008032345.1|AAJLMD010000001.1|177246-178304|+|g184,VFDB,gb|NP_460387,99.7,100.0,Effector delivery system,(ssaU) type III secretion system export apparatus switch protein SsaU,,,
GCA_000330625.1,GCA_000330625.1|ANOT01000034.1|237275-238333|+|g1744,VFDB,gb|NP_460387,99.7,100.0,Effector delivery system,(ssaU) type III secretion system export apparatus switch protein SsaU,,,
GCA_010123345.1,GCA_010123345.1|DAAMFF010000004.1|56061-57140|+|g1030,VFDB,gb|NP_462538,99.7,100.0,Adherence,(lpfD) long polar fimbrial protein LpfD,,,
GCA_010716035.1,GCA_010716035.1|DAATFR010000017.1|58576-60357|-|g3551,VFDB,gb|NP_461806,99.7,100.0,Effector delivery system,"(sipB/sspB) type III secretion system hydrophilic translocator, pore protein SipB (Salmonella invasion protein B)",,,
GCA_000474395.1,GCA_000474395.1|AUQU01000012.1|106331-107299|+|g1751,VFDB,gb|NP_460026,99.7,100.0,Effector delivery system,"(sseI/srfH) type III secretion system effector SseI/SrfH (SsrB regulated factor H), deamidase",,,
GCA_010716035.1,GCA_010716035.1|DAATFR010000017.1|69944-71062|-|g3563,VFDB,gb|NP_461818,99.7,100.0,Effector delivery system,(invE) type III secretion system gatekeeper invE,,,
GCA_010716035.1,GCA_010716035.1|DAATFR010000017.1|63797-64708|-|g3557,VFDB,gb|NP_461812,99.7,100.0,Effector delivery system,(spaO/sctQ) type III secretion system C ring protein SpaO,,,
GCA_006862905.1,GCA_006862905.1|AAGLPJ010000007.1|161167-162237|-|g1938,VFDB,gb|NP_461808,99.7,100.0,Effector delivery system,(spaS) type III secretion system export apparatus switch protein SpaS,,,
GCA_010123345.1,GCA_010123345.1|DAAMFF010000001.1|375856-376851|+|g346,VFDB,gb|NP_459264,99.7,100.0,Effector delivery system,(STM0267) sciB domain protein,,,
GCA_010716035.1,GCA_010716035.1|DAATFR010000017.1|41559-42446|-|g3533,VFDB,gb|NP_461788,99.7,100.0,Effector delivery system,(hilC) AraC family transcriptional regulator,,,
GCA_000474395.1,GCA_000474395.1|AUQU01000067.1|162158-163165|+|g4393,VFDB,gb|NP_461081,99.7,96.3,Effector delivery system,(sseK2) type III secretion system effector SseK2,,,
GCA_008032345.1,GCA_008032345.1|AAJLMD010000004.1|475953-476906|-|g2568,VFDB,gb|NP_461866,99.7,100.0,Effector delivery system,(sopD) type III secretion system effector SopD,,,
GCA_008032345.1,GCA_008032345.1|AAJLMD010000003.1|57849-58808|-|g1705,VFDB,gb|NP_459947,99.7,100.0,Effector delivery system,(sopD2) type III secretion system effector SopD2,,,
GCA_000192125.1,GCA_000192125.1|CM001153.1|3993578-3994657|+|g3823,VFDB,gb|NP_462538,99.7,100.0,Adherence,(lpfD) long polar fimbrial protein LpfD,,,
GCA_011457165.1,GCA_011457165.1|AAQBKM010000003.1|181035-181922|-|g1235,VFDB,gb|NP_461788,99.7,100.0,Effector delivery system,(hilC) AraC family transcriptional regulator,,,
GCA_005675415.1,GCA_005675415.1|AADNIJ010000001.1|276411-277469|+|g285,VFDB,gb|NP_460387,99.7,100.0,Effector delivery system,(ssaU) type III secretion system export apparatus switch protein SsaU,,,
GCA_006862905.1,GCA_006862905.1|AAGLPJ010000006.1|178138-179196|+|g1760,VFDB,gb|NP_460387,99.7,100.0,Effector delivery system,(ssaU) type III secretion system export apparatus switch protein SsaU,,,
GCA_006862905.1,GCA_006862905.1|AAGLPJ010000007.1|141727-142614|-|g1918,VFDB,gb|NP_461788,99.7,100.0,Effector delivery system,(hilC) AraC family transcriptional regulator,,,
GCA_000330625.1,GCA_000330625.1|ANOT01000058.1|67370-68257|+|g4191,VFDB,gb|NP_461788,99.7,100.0,Effector delivery system,(hilC) AraC family transcriptional regulator,,,
GCA_011454775.1,GCA_011454775.1|AAQBFY010000001.1|1252358-1253326|-|g1249,VFDB,gb|NP_460026,99.7,100.0,Effector delivery system,"(sseI/srfH) type III secretion system effector SseI/SrfH (SsrB regulated factor H), deamidase",,,
GCA_000192125.1,GCA_000192125.1|CM001153.1|2941057-2942049|-|g2837,VFDB,gb|NP_461845,99.7,100.0,Regulation,(rpoS) RNA polymerase sigma factor RpoS,,,
GCA_011457165.1,GCA_011457165.1|AAQBKM010000003.1|203264-204175|-|g1259,VFDB,gb|NP_461812,99.7,100.0,Effector delivery system,(spaO/sctQ) type III secretion system C ring protein SpaO,,,
GCA_010716035.1,GCA_010716035.1|DAATFR010000002.1|394073-395131|-|g763,VFDB,gb|NP_460387,99.7,100.0,Effector delivery system,(ssaU) type III secretion system export apparatus switch protein SsaU,,,
GCA_000258365.1,GCA_000258365.1|CP003416.1|3681945-3682874|+|g3446,VFDB,gb|NP_461796,99.7,100.0,Effector delivery system,(hilD) AraC family transcriptional regulator,,,
GCA_011457165.1,GCA_011457165.1|AAQBKM010000004.1|384127-386172|-|g1863,VFDB,gb|NP_460379,99.7,100.0,Effector delivery system,(ssaV) type III secretion system major export apparatus protein ssaV,,,
GCA_010123345.1,GCA_010123345.1|DAAMFF010000039.1|19112-20122|+|g4134,VFDB,gb|NP_460194,99.7,100.0,Effector delivery system,(sifA) type III secretion system effector SifA (Salmonella induced filament protein A),,,
GCA_000258365.1,GCA_000258365.1|CP003416.1|3676216-3677103|-|g3438,VFDB,gb|NP_461788,99.7,100.0,Effector delivery system,(hilC) AraC family transcriptional regulator,,,
GCA_000258365.1,GCA_000258365.1|CP003416.1|2228880-2229872|+|g2080,VFDB,gb|NP_460377,99.7,97.6,Effector delivery system,(ssaL) type III secretion system gatekeeper SsaL,,,
GCA_010123345.1,GCA_010123345.1|DAAMFF010000006.1|62671-64863|-|g1412,VFDB,gb|NP_461452,99.7,100.0,Adherence,(sinH) intimin-like protein,,,
GCA_001448615.1,GCA_001448615.1|LHSQ01000006.1|84540-85775|-|g4055,VFDB,gb|NP_461795,99.7,95.4,Effector delivery system,(prgH) type III secretion system outer MS ring protein PrgH,,,
GCA_008032345.1,GCA_008032345.1|AAJLMD010000005.1|48320-51046|+|g2641,VFDB,gb|NP_462662,99.7,100.0,Nutritional/Metabolic factor,(mgtB) Mg2+ transport protein,,,
GCA_000812595.1,GCA_000812595.1|JRXC01000012.1|48962-49993|+|g1333,VFDB,gb|NP_461804,99.7,100.0,Effector delivery system,"(sipD) type III secretion system hydrophilic translocator, needle tip protein SipD",,,
GCA_000812595.1,GCA_000812595.1|JRXC01000012.1|50012-52069|+|g1334,VFDB,gb|NP_461803,99.7,100.0,Effector delivery system,(sipA/sspA) type III secretion system effector SipA (Salmonella invasion protein A),,,
GCA_000812595.1,GCA_000812595.1|JRXC01000012.1|63755-64642|+|g1349,VFDB,gb|NP_461788,99.7,100.0,Effector delivery system,(hilC) AraC family transcriptional regulator,,,
GCA_006862905.1,GCA_006862905.1|AAGLPJ010000007.1|163969-164880|-|g1942,VFDB,gb|NP_461812,99.7,100.0,Effector delivery system,(spaO/sctQ) type III secretion system C ring protein SpaO,,,
GCA_001448615.1,GCA_001448615.1|LHSQ01000001.1|528658-529668|-|g522,VFDB,gb|NP_460194,99.7,100.0,Effector delivery system,(sifA) type III secretion system effector SifA (Salmonella induced filament protein A),,,
GCA_000812595.1,GCA_000812595.1|JRXC01000002.1|15329-16408|-|g2389,VFDB,gb|NP_462538,99.7,100.0,Adherence,(lpfD) long polar fimbrial protein LpfD,,,
GCA_000812595.1,GCA_000812595.1|JRXC01000019.1|105219-106226|-|g2334,VFDB,gb|NP_461081,99.7,96.3,Effector delivery system,(sseK2) type III secretion system effector SseK2,,,
GCA_000812595.1,GCA_000812595.1|JRXC01000023.1|43632-44507|-|g2833,VFDB,gb|NP_460061,99.7,100.0,Effector delivery system,(pipB) type III secretion system effector PipB,,,
GCA_008032345.1,GCA_008032345.1|AAJLMD010000007.1|171592-172602|-|g3501,VFDB,gb|NP_460194,99.7,100.0,Effector delivery system,(sifA) type III secretion system effector SifA (Salmonella induced filament protein A),,,
GCA_008032345.1,GCA_008032345.1|AAJLMD010000017.1|11274-12269|-|g4535,VFDB,gb|NP_459264,99.7,100.0,Effector delivery system,(STM0267) sciB domain protein,,,
GCA_006862905.1,GCA_006862905.1|AAGLPJ010000007.1|170116-171234|-|g1948,VFDB,gb|NP_461818,99.7,100.0,Effector delivery system,(invE) type III secretion system gatekeeper invE,,,
GCA_000812595.1,GCA_000812595.1|JRXC01000005.1|16346-17341|-|g3721,VFDB,gb|NP_459264,99.7,100.0,Effector delivery system,(STM0267) sciB domain protein,,,
GCA_010123015.1,GCA_010123015.1|DAAMFD010000007.1|94944-95936|-|g1720,VFDB,gb|NP_461845,99.7,100.0,Regulation,(rpoS) RNA polymerase sigma factor RpoS,,,
GCA_000812595.1,GCA_000812595.1|JRXC01000010.1|245451-246419|+|g326,VFDB,gb|NP_460383,99.7,100.0,Effector delivery system,(ssaQ) type III secretion system C ring protein SsaQ,,,
GCA_006862905.1,GCA_006862905.1|AAGLPJ010000027.1|34210-35217|+|g3742,VFDB,gb|NP_459542,99.7,100.0,Adherence,"(fimH) type I fimbriae minor fimbrial subunit FimH, adhesin",,,
GCA_006862905.1,GCA_006862905.1|AAGLPJ010000028.1|29346-30341|+|g3776,VFDB,gb|NP_459264,99.7,100.0,Effector delivery system,(STM0267) sciB domain protein,,,
GCA_006862905.1,GCA_006862905.1|AAGLPJ010000028.1|27466-29349|+|g3775,VFDB,gb|NP_459265,99.7,100.0,Effector delivery system,(STM0268) type VI secretion protein,,,
GCA_008032345.1,GCA_008032345.1|AAJLMD010000006.1|82573-84765|+|g3074,VFDB,gb|NP_461452,99.7,100.0,Adherence,(sinH) intimin-like protein,,,
GCA_008032345.1,GCA_008032345.1|AAJLMD010000005.1|54960-57827|-|g2647,VFDB,gb|NP_462656,99.7,100.0,Adherence,(misL) putative autotransporter,,,
GCA_008032345.1,GCA_008032345.1|AAJLMD010000011.1|101810-102739|+|g4160,VFDB,gb|NP_461796,99.7,100.0,Effector delivery system,(hilD) AraC family transcriptional regulator,,,
GCA_000258365.1,GCA_000258365.1|CP003416.1|1048172-1049167|-|g924,VFDB,gb|NP_459264,99.7,100.0,Effector delivery system,(STM0267) sciB domain protein,,,
GCA_008032345.1,GCA_008032345.1|AAJLMD010000017.1|15467-16369|-|g4539,VFDB,gb|NP_459268,99.7,100.0,Effector delivery system,(STM0271) hypothetical protein,,,
GCA_001448615.1,GCA_001448615.1|LHSQ01000005.1|255155-256234|-|g3787,VFDB,gb|NP_462538,99.7,100.0,Adherence,(lpfD) long polar fimbrial protein LpfD,,,
GCA_001448615.1,GCA_001448615.1|LHSQ01000004.1|172989-174068|-|g3200,VFDB,gb|NP_463156.1,99.7,99.2,Regulation,(pmrB) sensory kinase PmrB,,,
GCA_008032345.1,GCA_008032345.1|AAJLMD010000011.1|100316-101551|-|g4159,VFDB,gb|NP_461795,99.7,95.4,Effector delivery system,(prgH) type III secretion system outer MS ring protein PrgH,,,
GCA_008032345.1,GCA_008032345.1|AAJLMD010000011.1|96081-96968|-|g4152,VFDB,gb|NP_461788,99.7,100.0,Effector delivery system,(hilC) AraC family transcriptional regulator,,,
GCA_008032345.1,GCA_008032345.1|AAJLMD010000011.1|118309-119220|-|g4176,VFDB,gb|NP_461812,99.7,100.0,Effector delivery system,(spaO/sctQ) type III secretion system C ring protein SpaO,,,
GCA_000258365.1,GCA_000258365.1|CP003416.1|1049164-1051047|-|g925,VFDB,gb|NP_459265,99.7,100.0,Effector delivery system,(STM0268) type VI secretion protein,,,
GCA_008032345.1,GCA_008032345.1|AAJLMD010000011.1|110729-111760|-|g4168,VFDB,gb|NP_461804,99.7,100.0,Effector delivery system,"(sipD) type III secretion system hydrophilic translocator, needle tip protein SipD",,,
GCA_000258365.1,GCA_000258365.1|CP003416.1|3698446-3699357|-|g3463,VFDB,gb|NP_461812,99.7,100.0,Effector delivery system,(spaO/sctQ) type III secretion system C ring protein SpaO,,,
GCA_000258365.1,GCA_000258365.1|CP003416.1|3690865-3691896|-|g3455,VFDB,gb|NP_461804,99.7,100.0,Effector delivery system,"(sipD) type III secretion system hydrophilic translocator, needle tip protein SipD",,,
GCA_008005965.1,GCA_008005965.1|AAJKJE010000002.1|488309-489340|+|g1540,VFDB,gb|NP_461804,99.7,100.0,Effector delivery system,"(sipD) type III secretion system hydrophilic translocator, needle tip protein SipD",,,
GCA_008005965.1,GCA_008005965.1|AAJKJE010000002.1|503101-503988|+|g1556,VFDB,gb|NP_461788,99.7,100.0,Effector delivery system,(hilC) AraC family transcriptional regulator,,,
GCA_001448615.1,GCA_001448615.1|LHSQ01000002.1|543598-544500|+|g2462,VFDB,gb|NP_459268,99.7,100.0,Effector delivery system,(STM0271) hypothetical protein,,,
GCA_008005965.1,GCA_008005965.1|AAJKJE010000004.1|181920-182999|+|g2337,VFDB,gb|NP_462538,99.7,100.0,Adherence,(lpfD) long polar fimbrial protein LpfD,,,
GCA_010715595.1,GCA_010715595.1|DAATGU010000001.1|523991-525046|+|g486,VFDB,gb|NP_459263,99.7,100.0,Effector delivery system,(STM0266) hypothetical protein,,,
GCA_000329025.1,GCA_000329025.1|ALFF01000026.1|13761-14435|-|g804,VFDB,gb|NP_460376,99.6,100.0,Effector delivery system,(ssaK) type III secretion system stator SsaK,,,
GCA_000329025.1,GCA_000329025.1|ALFF01000026.1|16581-17270|-|g810,VFDB,gb|NP_460370,99.6,100.0,Effector delivery system,(sseG) type III secretion system effector SseG,,,
GCA_010715595.1,GCA_010715595.1|DAATGU010000001.1|501195-501983|-|g466,VFDB,gb|NP_459284,99.6,100.0,Effector delivery system,(STM0286) hypothetical protein,,,
GCA_010715595.1,GCA_010715595.1|DAATGU010000001.1|519774-520598|+|g482,VFDB,gb|NP_459267,99.6,100.0,Effector delivery system,(STM0270) impE family protein,,,
GCA_000258365.1,GCA_000258365.1|CP003416.1|3705708-3707396|-|g3470,VFDB,gb|NP_461819,99.6,100.0,Effector delivery system,(invG) type III secretion system secretin invG,,,
GCA_005675415.1,GCA_005675415.1|AADNIJ010000002.1|174477-175235|-|g1042,VFDB,gb|NP_461792,99.6,100.0,Effector delivery system,(prgK) type III secretion system inner MS ring protein PrgK,,,
GCA_001448615.1,GCA_001448615.1|LHSQ01000002.1|544487-545311|+|g2463,VFDB,gb|NP_459267,99.6,100.0,Effector delivery system,(STM0270) impE family protein,,,
GCA_008005965.1,GCA_008005965.1|AAJKJE010000002.1|481750-482424|+|g1533,VFDB,gb|NP_461811,99.6,100.0,Effector delivery system,(spaP) type III secretion system minor export apparatus protein SpaP,,,
GCA_008005965.1,GCA_008005965.1|AAJKJE010000002.1|482714-483505|+|g1535,VFDB,gb|NP_461809,99.6,100.0,Effector delivery system,(spaR) type III secretion system minor export apparatus protein SpaR,,,
GCA_008005965.1,GCA_008005965.1|AAJKJE010000001.1|1060694-1061416|-|g1049,VFDB,gb|NP_460811,99.6,100.0,Effector delivery system,"(sopE2) type III secretion system effector SopE2, guanine nucleotide exchange factor",,,
GCA_008032345.1,GCA_008032345.1|AAJLMD010000017.1|14656-15480|-|g4538,VFDB,gb|NP_459267,99.6,100.0,Effector delivery system,(STM0270) impE family protein,,,
GCA_000258365.1,GCA_000258365.1|CP003416.1|1051554-1052378|-|g927,VFDB,gb|NP_459267,99.6,100.0,Effector delivery system,(STM0270) impE family protein,,,
GCA_011454775.1,GCA_011454775.1|AAQBFY010000001.1|522370-523863|+|g515,VFDB,gb|NP_460359,99.6,100.0,Effector delivery system,(ssaC) type III secretion system secretin SsaC,,,
GCA_008032345.1,GCA_008032345.1|AAJLMD010000011.1|117645-118319|-|g4175,VFDB,gb|NP_461811,99.6,100.0,Effector delivery system,(spaP) type III secretion system minor export apparatus protein SpaP,,,
GCA_000192125.1,GCA_000192125.1|CM001153.1|1779616-1780305|-|g1727,VFDB,gb|NP_460370,99.6,100.0,Effector delivery system,(sseG) type III secretion system effector SseG,,,
GCA_000812595.1,GCA_000812595.1|JRXC01000002.1|156041-156724|-|g2518,VFDB,gb|NP_462663,99.6,98.3,Nutritional/Metabolic factor,(mgtC) Salmonella virulence protein MgtC,,,
GCA_008032345.1,GCA_008032345.1|AAJLMD010000017.1|30045-33914|+|g4556,VFDB,gb|NP_459283,99.6,100.0,Effector delivery system,(STM0285) hypothetical protein,,,
GCA_008032345.1,GCA_008032345.1|AAJLMD010000017.1|33914-34702|+|g4557,VFDB,gb|NP_459284,99.6,100.0,Effector delivery system,(STM0286) hypothetical protein,,,
GCA_000812595.1,GCA_000812595.1|JRXC01000004.1|172985-174328|+|g3457,VFDB,gb|NP_463287.1,99.6,100.0,Effector delivery system,"(srfJ) type III secretion system Effector SrfJ,  glucosylceramidase activity",,,
GCA_000812595.1,GCA_000812595.1|JRXC01000005.1|70895-71614|-|g3773,VFDB,gb|NP_459304,99.6,100.0,Invasion,(pagN) outer membrane adhesin/invasin protein,,,
GCA_011454775.1,GCA_011454775.1|AAQBFY010000001.1|530661-531350|+|g526,VFDB,gb|NP_460370,99.6,100.0,Effector delivery system,(sseG) type III secretion system effector SseG,,,
GCA_011454775.1,GCA_011454775.1|AAQBFY010000001.1|533496-534170|+|g532,VFDB,gb|NP_460376,99.6,100.0,Effector delivery system,(ssaK) type III secretion system stator SsaK,,,
GCA_001448615.1,GCA_001448615.1|LHSQ01000001.1|716521-717210|+|g707,VFDB,gb|NP_460370,99.6,100.0,Effector delivery system,(sseG) type III secretion system effector SseG,,,
GCA_011454775.1,GCA_011454775.1|AAQBFY010000001.1|1007375-1008097|-|g992,VFDB,gb|NP_460811,99.6,100.0,Effector delivery system,"(sopE2) type III secretion system effector SopE2, guanine nucleotide exchange factor",,,
GCA_000474395.1,GCA_000474395.1|AUQU01000023.1|54012-54731|-|g2742,VFDB,gb|NP_459304,99.6,100.0,Invasion,(pagN) outer membrane adhesin/invasin protein,,,
GCA_000812595.1,GCA_000812595.1|JRXC01000010.1|236497-237186|+|g313,VFDB,gb|NP_460370,99.6,100.0,Effector delivery system,(sseG) type III secretion system effector SseG,,,
GCA_000812595.1,GCA_000812595.1|JRXC01000010.1|239332-240006|+|g319,VFDB,gb|NP_460376,99.6,100.0,Effector delivery system,(ssaK) type III secretion system stator SsaK,,,
GCA_000812595.1,GCA_000812595.1|JRXC01000012.1|42403-43077|+|g1326,VFDB,gb|NP_461811,99.6,100.0,Effector delivery system,(spaP) type III secretion system minor export apparatus protein SpaP,,,
GCA_000812595.1,GCA_000812595.1|JRXC01000011.1|344702-346894|-|g943,VFDB,gb|NP_461452,99.6,100.0,Adherence,(sinH) intimin-like protein,,,
GCA_006862905.1,GCA_006862905.1|AAGLPJ010000007.1|171231-172919|-|g1949,VFDB,gb|NP_461819,99.6,100.0,Effector delivery system,(invG) type III secretion system secretin invG,,,
GCA_000258365.1,GCA_000258365.1|CP003416.1|1056940-1058448|+|g931,VFDB,gb|NP_459271,99.6,100.0,Effector delivery system,(STM0274) EvpB family type VI secretion protein,,,
GCA_000330625.1,GCA_000330625.1|ANOT01000058.1|64599-65357|+|g4187,VFDB,gb|NP_461792,99.6,100.0,Effector delivery system,(prgK) type III secretion system inner MS ring protein PrgK,,,
GCA_010716035.1,GCA_010716035.1|DAATFR010000017.1|71059-72747|-|g3564,VFDB,gb|NP_461819,99.6,100.0,Effector delivery system,(invG) type III secretion system secretin invG,,,
GCA_010716035.1,GCA_010716035.1|DAATFR010000023.1|71099-72592|+|g4029,VFDB,gb|NP_460359,99.6,100.0,Effector delivery system,(ssaC) type III secretion system secretin SsaC,,,
GCA_010716035.1,GCA_010716035.1|DAATFR010000029.1|4587-8456|-|g4301,VFDB,gb|NP_459283,99.6,100.0,Effector delivery system,(STM0285) hypothetical protein,,,
GCA_000330625.1,GCA_000330625.1|ANOT01000053.1|169078-171606|-|g3595,VFDB,gb|NP_462539,99.6,100.0,Adherence,(lpfC) long polar fimbrial usher protein LpfC,,,
GCA_010123345.1,GCA_010123345.1|DAAMFF010000001.1|335153-335872|+|g311,VFDB,gb|NP_459304,99.6,100.0,Invasion,(pagN) outer membrane adhesin/invasin protein,,,
GCA_000330625.1,GCA_000330625.1|ANOT01000053.1|171629-172327|-|g3596,VFDB,gb|NP_462540,99.6,100.0,Adherence,(lpfB) long polar fimbrial chaperone protein LpfB,,,
GCA_000258365.1,GCA_000258365.1|CP003416.1|2213461-2216223|-|g2060,VFDB,gb|NP_460357,99.6,100.0,Effector delivery system,(ssrA) hybrid sensor histidine kinase/response regulator,,,
GCA_001448615.1,GCA_001448615.1|LHSQ01000001.1|719356-720030|+|g713,VFDB,gb|NP_460376,99.6,100.0,Effector delivery system,(ssaK) type III secretion system stator SsaK,,,
GCA_011454775.1,GCA_011454775.1|AAQBFY010000001.1|1213378-1215063|+|g1213,VFDB,gb|NP_460064,99.6,100.0,Effector delivery system,"(sopB/sigD) type III secretion system effector SopB, phosphoinositide phosphatase",,,
GCA_008032345.1,GCA_008032345.1|AAJLMD010000001.1|165569-166258|+|g167,VFDB,gb|NP_460370,99.6,100.0,Effector delivery system,(sseG) type III secretion system effector SseG,,,
GCA_006862905.1,GCA_006862905.1|AAGLPJ010000028.1|8342-12211|-|g3758,VFDB,gb|NP_459283,99.6,100.0,Effector delivery system,(STM0285) hypothetical protein,,,
GCA_010123345.1,GCA_010123345.1|DAAMFF010000003.1|4196-6553|+|g686,VFDB,gb|NP_461184,99.6,99.6,Effector delivery system,"(sspH2) type III secretion system effector SspH2 (Salmonella secreted protein H2), novel E3 ubiquitin ligase",,,
GCA_010123345.1,GCA_010123345.1|DAAMFF010000002.1|70158-71846|-|g430,VFDB,gb|NP_461819,99.6,100.0,Effector delivery system,(invG) type III secretion system secretin invG,,,
GCA_011457165.1,GCA_011457165.1|AAQBKM010000003.1|210526-212214|-|g1266,VFDB,gb|NP_461819,99.6,100.0,Effector delivery system,(invG) type III secretion system secretin invG,,,
GCA_010716035.1,GCA_010716035.1|DAATFR010000001.1|198804-199502|+|g190,VFDB,gb|NP_462540,99.6,100.0,Adherence,(lpfB) long polar fimbrial chaperone protein LpfB,,,
GCA_010123345.1,GCA_010123345.1|DAAMFF010000019.1|16093-16872|+|g2991,VFDB,gb|NP_460386,99.6,100.0,Effector delivery system,(ssaT) type III secretion system minor export apparatus protein SsaT,,,
GCA_010716035.1,GCA_010716035.1|DAATFR010000002.1|399861-401906|-|g771,VFDB,gb|NP_460379,99.6,100.0,Effector delivery system,(ssaV) type III secretion system major export apparatus protein ssaV,,,
GCA_010123345.1,GCA_010123345.1|DAAMFF010000007.1|84266-85951|-|g1627,VFDB,gb|NP_460064,99.6,100.0,Effector delivery system,"(sopB/sigD) type III secretion system effector SopB, phosphoinositide phosphatase",,,
GCA_006862905.1,GCA_006862905.1|AAGLPJ010000006.1|5314-6123|-|g1584,VFDB,gb|WP_001529135,99.6,100.0,Exotoxin,(cdtB) cytolethal distending toxin B,,,
GCA_010123345.1,GCA_010123345.1|DAAMFF010000010.1|64056-65399|-|g2100,VFDB,gb|NP_463287.1,99.6,100.0,Effector delivery system,"(srfJ) type III secretion system Effector SrfJ,  glucosylceramidase activity",,,
GCA_005675415.1,GCA_005675415.1|AADNIJ010000005.1|205370-206068|+|g2302,VFDB,gb|NP_462540,99.6,100.0,Adherence,(lpfB) long polar fimbrial chaperone protein LpfB,,,
GCA_005675415.1,GCA_005675415.1|AADNIJ010000005.1|206091-208619|+|g2303,VFDB,gb|NP_462539,99.6,100.0,Adherence,(lpfC) long polar fimbrial usher protein LpfC,,,
GCA_010715595.1,GCA_010715595.1|DAATGU010000011.1|54126-56183|-|g2532,VFDB,gb|NP_461803,99.6,100.0,Effector delivery system,(sipA/sspA) type III secretion system effector SipA (Salmonella invasion protein A),,,
GCA_010715595.1,GCA_010715595.1|DAATGU010000011.1|71044-72732|-|g2548,VFDB,gb|NP_461819,99.6,100.0,Effector delivery system,(invG) type III secretion system secretin invG,,,
GCA_006862905.1,GCA_006862905.1|AAGLPJ010000028.1|26135-26959|+|g3773,VFDB,gb|NP_459267,99.6,100.0,Effector delivery system,(STM0270) impE family protein,,,
GCA_000192125.1,GCA_000192125.1|CM001153.1|2908054-2908845|-|g2803,VFDB,gb|NP_461809,99.6,100.0,Effector delivery system,(spaR) type III secretion system minor export apparatus protein SpaR,,,
GCA_011454775.1,GCA_011454775.1|AAQBFY010000002.1|530341-531132|+|g1954,VFDB,gb|NP_461809,99.6,100.0,Effector delivery system,(spaR) type III secretion system minor export apparatus protein SpaR,,,
GCA_008005965.1,GCA_008005965.1|AAJKJE010000018.1|23908-24633|+|g4575,VFDB,gb|NP_490528,99.6,100.0,Effector delivery system,"(spvC) type III secretion system effector SpvC, phosphothreonine lyase",,,
GCA_001448615.1,GCA_001448615.1|LHSQ01000006.1|100788-101579|-|g4069,VFDB,gb|NP_461809,99.6,100.0,Effector delivery system,(spaR) type III secretion system minor export apparatus protein SpaR,,,
GCA_000329025.1,GCA_000329025.1|ALFF01000068.1|28886-30571|+|g2619,VFDB,gb|NP_460064,99.6,100.0,Effector delivery system,"(sopB/sigD) type III secretion system effector SopB, phosphoinositide phosphatase",,,
GCA_010714675.1,GCA_010714675.1|DAATGB010000015.1|71048-72736|-|g2346,VFDB,gb|NP_461819,99.6,100.0,Effector delivery system,(invG) type III secretion system secretin invG,,,
GCA_000329025.1,GCA_000329025.1|ALFF01000109.1|132835-135363|-|g4127,VFDB,gb|NP_462539,99.6,100.0,Adherence,(lpfC) long polar fimbrial usher protein LpfC,,,
GCA_000192125.1,GCA_000192125.1|CM001153.1|1776796-1777470|-|g1721,VFDB,gb|NP_460376,99.6,100.0,Effector delivery system,(ssaK) type III secretion system stator SsaK,,,
GCA_010715595.1,GCA_010715595.1|DAATGU010000011.1|40418-41173|-|g2516,VFDB,gb|NP_461787,99.6,100.0,Effector delivery system,(sprB) transcriptional regulator,,,
GCA_000329025.1,GCA_000329025.1|ALFF01000057.1|57550-58272|-|g1983,VFDB,gb|NP_460811,99.6,100.0,Effector delivery system,"(sopE2) type III secretion system effector SopE2, guanine nucleotide exchange factor",,,
GCA_010714675.1,GCA_010714675.1|DAATGB010000017.1|91331-92839|-|g2618,VFDB,gb|NP_459271,99.6,100.0,Effector delivery system,(STM0274) EvpB family type VI secretion protein,,,
GCA_010714675.1,GCA_010714675.1|DAATGB010000017.1|97401-98225|+|g2622,VFDB,gb|NP_459267,99.6,100.0,Effector delivery system,(STM0270) impE family protein,,,
GCA_010714675.1,GCA_010714675.1|DAATGB010000016.1|17619-20381|-|g2409,VFDB,gb|NP_460357,99.6,100.0,Effector delivery system,(ssrA) hybrid sensor histidine kinase/response regulator,,,
GCA_000329025.1,GCA_000329025.1|ALFF01000063.1|62043-62834|-|g2164,VFDB,gb|NP_461809,99.6,100.0,Effector delivery system,(spaR) type III secretion system minor export apparatus protein SpaR,,,
GCA_001448615.1,GCA_001448615.1|LHSQ01000006.1|79166-79921|-|g4047,VFDB,gb|NP_461787,99.6,100.0,Effector delivery system,(sprB) transcriptional regulator,,,
GCA_008005965.1,GCA_008005965.1|AAJKJE010000009.1|223862-224650|-|g3846,VFDB,gb|NP_459284,99.6,100.0,Effector delivery system,(STM0286) hypothetical protein,,,
GCA_008005965.1,GCA_008005965.1|AAJKJE010000001.1|605040-605789|+|g608,VFDB,gb|NP_460374,99.6,100.0,Effector delivery system,(ssaJ) type III secretion system inner MS ring protein SsaJ,,,
GCA_011454775.1,GCA_011454775.1|AAQBFY010000005.1|56331-58859|+|g2871,VFDB,gb|NP_462539,99.6,100.0,Adherence,(lpfC) long polar fimbrial usher protein LpfC,,,
GCA_000192125.1,GCA_000192125.1|CM001153.1|1952108-1952782|+|g1910,VFDB,gb|NP_460201,99.6,100.0,Regulation,(phoP) response regulator in two-component regulatory system with PhoQ,,,
GCA_008005965.1,GCA_008005965.1|AAJKJE010000004.1|179374-181902|+|g2336,VFDB,gb|NP_462539,99.6,100.0,Adherence,(lpfC) long polar fimbrial usher protein LpfC,,,
GCA_000329025.1,GCA_000329025.1|ALFF01000026.1|24068-25561|-|g821,VFDB,gb|NP_460359,99.6,100.0,Effector delivery system,(ssaC) type III secretion system secretin SsaC,,,
GCA_011457165.1,GCA_011457165.1|AAQBKM010000005.1|339652-341145|+|g2213,VFDB,gb|NP_460359,99.6,100.0,Effector delivery system,(ssaC) type III secretion system secretin SsaC,,,
GCA_008005965.1,GCA_008005965.1|AAJKJE010000001.1|603517-604206|+|g604,VFDB,gb|NP_460370,99.6,100.0,Effector delivery system,(sseG) type III secretion system effector SseG,,,
GCA_010715595.1,GCA_010715595.1|DAATGU010000003.1|255632-257125|+|g1049,VFDB,gb|NP_460359,99.6,100.0,Effector delivery system,(ssaC) type III secretion system secretin SsaC,,,
GCA_010715595.1,GCA_010715595.1|DAATGU010000003.1|266819-267493|+|g1066,VFDB,gb|NP_460376,99.6,100.0,Effector delivery system,(ssaK) type III secretion system stator SsaK,,,
GCA_000192125.1,GCA_000192125.1|CM001153.1|348056-348775|-|g323,VFDB,gb|NP_459304,99.6,100.0,Invasion,(pagN) outer membrane adhesin/invasin protein,,,
GCA_011457165.1,GCA_011457165.1|AAQBKM010000015.1|112306-114189|+|g3874,VFDB,gb|NP_459265,99.5,100.0,Effector delivery system,(STM0268) type VI secretion protein,,,
GCA_000192125.1,GCA_000192125.1|CM001153.1|1557371-1558597|-|g1498,VFDB,gb|NP_460590,99.5,100.0,Effector delivery system,"(sseJ) type III secretion system effector SseJ, glycerophospholipid:cholesterol acyltransferase",,,
GCA_000192125.1,GCA_000192125.1|CM001153.1|1065367-1067052|-|g992,VFDB,gb|NP_460064,99.5,100.0,Effector delivery system,"(sopB/sigD) type III secretion system effector SopB, phosphoinositide phosphatase",,,
GCA_011457165.1,GCA_011457165.1|AAQBKM010000015.1|92884-96753|-|g3855,VFDB,gb|NP_459283,99.5,100.0,Effector delivery system,(STM0285) hypothetical protein,,,
GCA_000329025.1,GCA_000329025.1|ALFF01000026.1|22876-24087|-|g820,VFDB,gb|NP_460360,99.5,100.0,Effector delivery system,(ssaD) type III secretion system outer MS ring protein SsaD,,,
GCA_001448615.1,GCA_001448615.1|LHSQ01000005.1|387182-390049|+|g3913,VFDB,gb|NP_462656,99.5,100.0,Adherence,(misL) putative autotransporter,,,
GCA_000329025.1,GCA_000329025.1|ALFF01000026.1|14998-15645|-|g806,VFDB,gb|NP_460374,99.5,86.3,Effector delivery system,(ssaJ) type III secretion system inner MS ring protein SsaJ,,,
GCA_010715595.1,GCA_010715595.1|DAATGU010000001.1|497651-499840|-|g463,VFDB,gb|NP_459287,99.5,100.0,Effector delivery system,(vgrG) type VI secretion protein VgrG,,,
GCA_010715595.1,GCA_010715595.1|DAATGU010000001.1|501983-505852|-|g467,VFDB,gb|NP_459283,99.5,100.0,Effector delivery system,(STM0285) hypothetical protein,,,
GCA_000329025.1,GCA_000329025.1|ALFF01000026.1|6633-7280|-|g796,VFDB,gb|NP_460384,99.5,100.0,Effector delivery system,(ssaR) type III secretion system minor export apparatus protein SsaR,,,
GCA_008005965.1,GCA_008005965.1|AAJKJE010000001.1|613507-614154|+|g618,VFDB,gb|NP_460384,99.5,100.0,Effector delivery system,(ssaR) type III secretion system minor export apparatus protein SsaR,,,
GCA_008005965.1,GCA_008005965.1|AAJKJE010000002.1|498518-499753|+|g1549,VFDB,gb|NP_461795,99.5,95.4,Effector delivery system,(prgH) type III secretion system outer MS ring protein PrgH,,,
GCA_010714675.1,GCA_010714675.1|DAATGB010000017.1|93505-96144|-|g2620,VFDB,gb|NP_459269,99.5,100.0,Effector delivery system,(STM0272) ClpV1 family T6SS ATPase,,,
GCA_001448615.1,GCA_001448615.1|LHSQ01000002.1|540591-543230|-|g2461,VFDB,gb|NP_459269,99.5,100.0,Effector delivery system,(STM0272) ClpV1 family T6SS ATPase,,,
GCA_010714675.1,GCA_010714675.1|DAATGB010000017.1|79407-83276|-|g2606,VFDB,gb|NP_459283,99.5,100.0,Effector delivery system,(STM0285) hypothetical protein,,,
GCA_010714675.1,GCA_010714675.1|DAATGB010000030.1|4934-5584|-|g3636,VFDB,gb|NP_460113,99.5,100.0,Adherence,(csgD) DNA-binding transcriptional regulator CsgD,,,
GCA_005675415.1,GCA_005675415.1|AADNIJ010000002.1|175823-177058|-|g1045,VFDB,gb|NP_461795,99.5,95.4,Effector delivery system,(prgH) type III secretion system outer MS ring protein PrgH,,,
GCA_000192125.1,GCA_000192125.1|CM001153.1|1769668-1770315|-|g1713,VFDB,gb|NP_460384,99.5,100.0,Effector delivery system,(ssaR) type III secretion system minor export apparatus protein SsaR,,,
GCA_000258365.1,GCA_000258365.1|CP003416.1|3680451-3681686|-|g3445,VFDB,gb|NP_461795,99.5,95.4,Effector delivery system,(prgH) type III secretion system outer MS ring protein PrgH,,,
GCA_010715595.1,GCA_010715595.1|DAATGU010000011.1|45790-47025|-|g2524,VFDB,gb|NP_461795,99.5,95.4,Effector delivery system,(prgH) type III secretion system outer MS ring protein PrgH,,,
GCA_000192125.1,GCA_000192125.1|CM001153.1|1772067-1773368|-|g1717,VFDB,gb|NP_460380,99.5,100.0,Effector delivery system,(ssaN) type III secretion system ATPase SsaN,,,
GCA_010714675.1,GCA_010714675.1|DAATGB010000015.1|45793-47028|-|g2321,VFDB,gb|NP_461795,99.5,95.4,Effector delivery system,(prgH) type III secretion system outer MS ring protein PrgH,,,
GCA_000329025.1,GCA_000329025.1|ALFF01000109.1|262478-265345|+|g4248,VFDB,gb|NP_462656,99.5,100.0,Adherence,(misL) putative autotransporter,,,
GCA_010714675.1,GCA_010714675.1|DAATGB010000016.1|22659-23870|+|g2412,VFDB,gb|NP_460360,99.5,100.0,Effector delivery system,(ssaD) type III secretion system outer MS ring protein SsaD,,,
GCA_010714675.1,GCA_010714675.1|DAATGB010000016.1|36474-37775|+|g2432,VFDB,gb|NP_460380,99.5,100.0,Effector delivery system,(ssaN) type III secretion system ATPase SsaN,,,
GCA_000329025.1,GCA_000329025.1|ALFF01000063.1|45794-47029|-|g2150,VFDB,gb|NP_461795,99.5,95.4,Effector delivery system,(prgH) type III secretion system outer MS ring protein PrgH,,,
GCA_010715595.1,GCA_010715595.1|DAATGU010000011.1|72729-73478|-|g2549,VFDB,gb|NP_461820,99.5,86.7,Effector delivery system,(invF) type III secretion system regulatory protein InvF,,,
GCA_010714675.1,GCA_010714675.1|DAATGB010000002.1|6172-6804|+|g272,VFDB,gb|NP_459544,99.5,100.0,Adherence,(fimZ) DNA-binding response regulator,,,
GCA_010123345.1,GCA_010123345.1|DAAMFF010000045.1|22650-23861|+|g4328,VFDB,gb|NP_460360,99.5,100.0,Effector delivery system,(ssaD) type III secretion system outer MS ring protein SsaD,,,
GCA_000330625.1,GCA_000330625.1|ANOT01000034.1|213012-213650|-|g1713,VFDB,gb|NP_460356,99.5,100.0,Effector delivery system,(ssrB) DNA-binding response regulator,,,
GCA_011454775.1,GCA_011454775.1|AAQBFY010000002.1|546146-547381|+|g1968,VFDB,gb|NP_461795,99.5,95.4,Effector delivery system,(prgH) type III secretion system outer MS ring protein PrgH,,,
GCA_008005965.1,GCA_008005965.1|AAJKJE010000008.1|199560-200192|+|g3582,VFDB,gb|NP_459544,99.5,100.0,Adherence,(fimZ) DNA-binding response regulator,,,
GCA_011454775.1,GCA_011454775.1|AAQBFY010000010.1|49136-52003|-|g3862,VFDB,gb|NP_462656,99.5,100.0,Adherence,(misL) putative autotransporter,,,
GCA_010716035.1,GCA_010716035.1|DAATFR010000001.1|199525-202053|+|g191,VFDB,gb|NP_462539,99.5,100.0,Adherence,(lpfC) long polar fimbrial usher protein LpfC,,,
GCA_001448615.1,GCA_001448615.1|LHSQ01000001.1|1423327-1425012|+|g1417,VFDB,gb|NP_460064,99.5,100.0,Effector delivery system,"(sopB/sigD) type III secretion system effector SopB, phosphoinositide phosphatase",,,
GCA_010123345.1,GCA_010123345.1|DAAMFF010000019.1|15182-15829|+|g2989,VFDB,gb|NP_460384,99.5,100.0,Effector delivery system,(ssaR) type III secretion system minor export apparatus protein SsaR,,,
GCA_010123345.1,GCA_010123345.1|DAAMFF010000007.1|135206-135856|-|g1676,VFDB,gb|NP_460113,99.5,100.0,Adherence,(csgD) DNA-binding transcriptional regulator CsgD,,,
GCA_008005965.1,GCA_008005965.1|AAJKJE010000009.1|224650-228519|-|g3847,VFDB,gb|NP_459283,99.5,100.0,Effector delivery system,(STM0285) hypothetical protein,,,
GCA_000258365.1,GCA_000258365.1|CP003416.1|2232318-2233619|+|g2083,VFDB,gb|NP_460380,99.5,100.0,Effector delivery system,(ssaN) type III secretion system ATPase SsaN,,,
GCA_000192125.1,GCA_000192125.1|CM001153.1|2891806-2893041|-|g2789,VFDB,gb|NP_461795,99.5,95.4,Effector delivery system,(prgH) type III secretion system outer MS ring protein PrgH,,,
GCA_000258365.1,GCA_000258365.1|CP003416.1|1392164-1392796|-|g1266,VFDB,gb|NP_459544,99.5,100.0,Adherence,(fimZ) DNA-binding response regulator,,,
GCA_010716035.1,GCA_010716035.1|DAATFR010000017.1|72744-73493|-|g3565,VFDB,gb|NP_461820,99.5,86.7,Effector delivery system,(invF) type III secretion system regulatory protein InvF,,,
GCA_010716035.1,GCA_010716035.1|DAATFR010000017.1|45805-47040|-|g3540,VFDB,gb|NP_461795,99.5,95.4,Effector delivery system,(prgH) type III secretion system outer MS ring protein PrgH,,,
GCA_000258365.1,GCA_000258365.1|CP003416.1|2218501-2219712|+|g2063,VFDB,gb|NP_460360,99.5,100.0,Effector delivery system,(ssaD) type III secretion system outer MS ring protein SsaD,,,
GCA_000474395.1,GCA_000474395.1|AUQU01000007.1|41953-53427|-|g1272,VFDB,gb|WP_001237694.1,99.5,100.0,Adherence,(bapA) biofilm-associated protein BapA,,,
GCA_005675415.1,GCA_005675415.1|AADNIJ010000001.1|274724-275371|+|g282,VFDB,gb|NP_460384,99.5,100.0,Effector delivery system,(ssaR) type III secretion system minor export apparatus protein SsaR,,,
GCA_000330625.1,GCA_000330625.1|ANOT01000058.1|62776-64011|+|g4184,VFDB,gb|NP_461795,99.5,95.4,Effector delivery system,(prgH) type III secretion system outer MS ring protein PrgH,,,
GCA_008032345.1,GCA_008032345.1|AAJLMD010000003.1|458217-458849|+|g2070,VFDB,gb|NP_459544,99.5,100.0,Adherence,(fimZ) DNA-binding response regulator,,,
GCA_006862905.1,GCA_006862905.1|AAGLPJ010000042.1|5032-5682|-|g4113,VFDB,gb|NP_460113,99.5,100.0,Adherence,(csgD) DNA-binding transcriptional regulator CsgD,,,
GCA_010123015.1,GCA_010123015.1|DAAMFD010000029.1|25837-37311|+|g4176,VFDB,gb|WP_001237694.1,99.5,100.0,Adherence,(bapA) biofilm-associated protein BapA,,,
GCA_010123345.1,GCA_010123345.1|DAAMFF010000001.1|350523-352712|-|g324,VFDB,gb|NP_459287,99.5,100.0,Effector delivery system,(vgrG) type VI secretion protein VgrG,,,
GCA_010123345.1,GCA_010123345.1|DAAMFF010000001.1|368749-371388|-|g341,VFDB,gb|NP_459269,99.5,100.0,Effector delivery system,(STM0272) ClpV1 family T6SS ATPase,,,
GCA_000258365.1,GCA_000258365.1|CP003416.1|1965182-1965832|-|g1814,VFDB,gb|NP_460113,99.5,100.0,Adherence,(csgD) DNA-binding transcriptional regulator CsgD,,,
GCA_008005965.1,GCA_008005965.1|AAJKJE010000001.1|596703-597914|+|g594,VFDB,gb|NP_460360,99.5,100.0,Effector delivery system,(ssaD) type III secretion system outer MS ring protein SsaD,,,
GCA_011457165.1,GCA_011457165.1|AAQBKM010000003.1|185281-186516|-|g1242,VFDB,gb|NP_461795,99.5,95.4,Effector delivery system,(prgH) type III secretion system outer MS ring protein PrgH,,,
GCA_000330625.1,GCA_000330625.1|ANOT01000034.1|235588-236235|+|g1741,VFDB,gb|NP_460384,99.5,100.0,Effector delivery system,(ssaR) type III secretion system minor export apparatus protein SsaR,,,
GCA_006862905.1,GCA_006862905.1|AAGLPJ010000006.1|153875-154513|-|g1729,VFDB,gb|NP_460356,99.5,100.0,Effector delivery system,(ssrB) DNA-binding response regulator,,,
GCA_010123345.1,GCA_010123345.1|DAAMFF010000008.1|53822-54442|-|g1797,VFDB,gb|NP_460561,99.5,65.2,Effector delivery system,(sifB) type III secretion system effector SifB (Salmonella induced filament protein B),,,
GCA_000192125.1,GCA_000192125.1|CM001153.1|3991317-3993560|+|g3822,VFDB,gb|NP_462539,99.5,88.7,Adherence,(lpfC) long polar fimbrial usher protein LpfC,,,
GCA_005675415.1,GCA_005675415.1|AADNIJ010000001.1|252148-252786|-|g254,VFDB,gb|NP_460356,99.5,100.0,Effector delivery system,(ssrB) DNA-binding response regulator,,,
GCA_000812595.1,GCA_000812595.1|JRXC01000019.1|4189-6555|+|g2241,VFDB,gb|NP_461184,99.5,100.0,Effector delivery system,"(sspH2) type III secretion system effector SspH2 (Salmonella secreted protein H2), novel E3 ubiquitin ligase",,,
GCA_000812595.1,GCA_000812595.1|JRXC01000010.1|229619-230830|+|g303,VFDB,gb|NP_460360,99.5,100.0,Effector delivery system,(ssaD) type III secretion system outer MS ring protein SsaD,,,
GCA_006862905.1,GCA_006862905.1|AAGLPJ010000027.1|35791-36423|-|g3744,VFDB,gb|NP_459544,99.5,100.0,Adherence,(fimZ) DNA-binding response regulator,,,
GCA_000812595.1,GCA_000812595.1|JRXC01000012.1|32717-33466|+|g1317,VFDB,gb|NP_461820,99.5,86.7,Effector delivery system,(invF) type III secretion system regulatory protein InvF,,,
GCA_000812595.1,GCA_000812595.1|JRXC01000012.1|59171-60406|+|g1342,VFDB,gb|NP_461795,99.5,95.4,Effector delivery system,(prgH) type III secretion system outer MS ring protein PrgH,,,
GCA_001448615.1,GCA_001448615.1|LHSQ01000001.1|723458-724759|+|g717,VFDB,gb|NP_460380,99.5,100.0,Effector delivery system,(ssaN) type III secretion system ATPase SsaN,,,
GCA_000812595.1,GCA_000812595.1|JRXC01000005.1|17338-19221|-|g3722,VFDB,gb|NP_459265,99.5,100.0,Effector delivery system,(STM0268) type VI secretion protein,,,
GCA_008032345.1,GCA_008032345.1|AAJLMD010000017.1|36057-38246|+|g4560,VFDB,gb|NP_459287,99.5,100.0,Effector delivery system,(vgrG) type VI secretion protein VgrG,,,
GCA_000812595.1,GCA_000812595.1|JRXC01000023.1|96536-97186|-|g2885,VFDB,gb|NP_460113,99.5,100.0,Adherence,(csgD) DNA-binding transcriptional regulator CsgD,,,
GCA_000812595.1,GCA_000812595.1|JRXC01000002.1|146380-149247|+|g2511,VFDB,gb|NP_462656,99.5,100.0,Adherence,(misL) putative autotransporter,,,
GCA_000192125.1,GCA_000192125.1|CM001153.1|1785911-1787122|-|g1737,VFDB,gb|NP_460360,99.5,100.0,Effector delivery system,(ssaD) type III secretion system outer MS ring protein SsaD,,,
GCA_000258365.1,GCA_000258365.1|CP003416.1|1053635-1056274|+|g929,VFDB,gb|NP_459269,99.5,100.0,Effector delivery system,(STM0272) ClpV1 family T6SS ATPase,,,
GCA_000192125.1,GCA_000192125.1|CM001153.1|1784535-1785125|-|g1734,VFDB,gb|NP_460363,99.5,100.0,Effector delivery system,(sseB) type III secretion system effector SseB,,,
GCA_000812595.1,GCA_000812595.1|JRXC01000005.1|21809-24448|+|g3726,VFDB,gb|NP_459269,99.5,100.0,Effector delivery system,(STM0272) ClpV1 family T6SS ATPase,,,
GCA_011454775.1,GCA_011454775.1|AAQBFY010000001.1|523844-525055|+|g516,VFDB,gb|NP_460360,99.5,100.0,Effector delivery system,(ssaD) type III secretion system outer MS ring protein SsaD,,,
GCA_011454775.1,GCA_011454775.1|AAQBFY010000001.1|532286-532933|+|g530,VFDB,gb|NP_460374,99.5,86.3,Effector delivery system,(ssaJ) type III secretion system inner MS ring protein SsaJ,,,
GCA_001448615.1,GCA_001448615.1|LHSQ01000001.1|709704-710915|+|g697,VFDB,gb|NP_460360,99.5,100.0,Effector delivery system,(ssaD) type III secretion system outer MS ring protein SsaD,,,
GCA_011454775.1,GCA_011454775.1|AAQBFY010000001.1|540651-541298|+|g540,VFDB,gb|NP_460384,99.5,100.0,Effector delivery system,(ssaR) type III secretion system minor export apparatus protein SsaR,,,
GCA_011457165.1,GCA_011457165.1|AAQBKM010000001.1|474712-475380|+|g433,VFDB,gb|NP_463157.1,99.5,100.0,Regulation,(pmrA) response regulator PmrA,,,
GCA_011457165.1,GCA_011457165.1|AAQBKM010000002.1|402818-403414|+|g886,VFDB,gb|NP_459547,99.5,100.0,Adherence,(fimW) helix-turn-helix transcriptional regulator,,,
GCA_000192125.1,GCA_000192125.1|CM001153.1|1782005-1782592|-|g1731,VFDB,gb|NP_460366,99.5,100.0,Effector delivery system,"(sseD) type III secretion system hydrophilic translocator, pore protein SseD",,,
GCA_010715595.1,GCA_010715595.1|DAATGU010000003.1|257106-258317|+|g1050,VFDB,gb|NP_460360,99.5,100.0,Effector delivery system,(ssaD) type III secretion system outer MS ring protein SsaD,,,
GCA_001448615.1,GCA_001448615.1|LHSQ01000001.1|1462329-1463297|-|g1454,VFDB,gb|NP_460026,99.4,100.0,Effector delivery system,"(sseI/srfH) type III secretion system effector SseI/SrfH (SsrB regulated factor H), deamidase",,,
GCA_010716035.1,GCA_010716035.1|DAATFR010000001.1|203141-203668|+|g193,VFDB,gb|NP_462537,99.4,100.0,Adherence,"(lpfE) long polar fimbrial minor subunit LpfE, adhesin",,,
GCA_005675415.1,GCA_005675415.1|AADNIJ010000005.1|49878-52604|+|g2159,VFDB,gb|NP_462662,99.4,100.0,Nutritional/Metabolic factor,(mgtB) Mg2+ transport protein,,,
GCA_000329025.1,GCA_000329025.1|ALFF01000042.1|120369-120887|-|g1371,VFDB,gb|NP_459543,99.4,100.0,Adherence,(fimF) type I fimbriae adaptor protein FimF,,,
GCA_000329025.1,GCA_000329025.1|ALFF01000047.1|18245-19255|+|g1686,VFDB,gb|NP_460194,99.4,100.0,Effector delivery system,(sifA) type III secretion system effector SifA (Salmonella induced filament protein A),,,
GCA_010714675.1,GCA_010714675.1|DAATGB010000017.1|88970-89455|-|g2614,VFDB,gb|NP_459275,99.4,100.0,Effector delivery system,"(tae4) type VI secretion system effector tae4, L,D-endopeptidase",,,
GCA_000258365.1,GCA_000258365.1|CP003416.1|2967325-2968332|+|g2803,VFDB,gb|NP_461081,99.4,96.3,Effector delivery system,(sseK2) type III secretion system effector SseK2,,,
GCA_010714675.1,GCA_010714675.1|DAATGB010000002.1|6850-7368|-|g273,VFDB,gb|NP_459543,99.4,100.0,Adherence,(fimF) type I fimbriae adaptor protein FimF,,,
GCA_006862905.1,GCA_006862905.1|AAGLPJ010000006.1|169960-170952|+|g1750,VFDB,gb|NP_460377,99.4,97.6,Effector delivery system,(ssaL) type III secretion system gatekeeper SsaL,,,
GCA_010123345.1,GCA_010123345.1|DAAMFF010000019.1|959-1432|+|g2969,VFDB,gb|NP_460364,99.4,100.0,Effector delivery system,(sscA) chaperone for sseC,,,
GCA_000258365.1,GCA_000258365.1|CP003416.1|2234335-2235303|+|g2086,VFDB,gb|NP_460383,99.4,100.0,Effector delivery system,(ssaQ) type III secretion system C ring protein SsaQ,,,
GCA_000330625.1,GCA_000330625.1|ANOT01000034.1|217247-218740|+|g1716,VFDB,gb|NP_460359,99.4,100.0,Effector delivery system,(ssaC) type III secretion system secretin SsaC,,,
GCA_010714675.1,GCA_010714675.1|DAATGB010000002.1|8400-11012|-|g276,VFDB,gb|NP_459541,99.4,100.0,Adherence,(fimD) usher protein FimD,,,
GCA_010123345.1,GCA_010123345.1|DAAMFF010000040.1|17860-18870|-|g4166,VFDB,gb|NP_463026,99.4,100.0,Effector delivery system,"(sseK1) type III secretion system effector SseK1, Arginine N-Glycosyltransferase",,,
GCA_010123345.1,GCA_010123345.1|DAAMFF010000019.1|14146-15114|+|g2988,VFDB,gb|NP_460383,99.4,100.0,Effector delivery system,(ssaQ) type III secretion system C ring protein SsaQ,,,
GCA_008005965.1,GCA_008005965.1|AAJKJE010000008.1|200238-200756|-|g3583,VFDB,gb|NP_459543,99.4,100.0,Adherence,(fimF) type I fimbriae adaptor protein FimF,,,
GCA_010714675.1,GCA_010714675.1|DAATGB010000013.1|72182-73189|+|g2105,VFDB,gb|NP_461081,99.4,96.3,Effector delivery system,(sseK2) type III secretion system effector SseK2,,,
GCA_010715595.1,GCA_010715595.1|DAATGU010000011.1|50983-51465|+|g2527,VFDB,gb|NP_461798,99.4,100.0,Effector delivery system,(iagB) invasion protein IagB,,,
GCA_006862905.1,GCA_006862905.1|AAGLPJ010000006.1|158110-159603|+|g1732,VFDB,gb|NP_460359,99.4,100.0,Effector delivery system,(ssaC) type III secretion system secretin SsaC,,,
GCA_000329025.1,GCA_000329025.1|ALFF01000100.1|59914-62280|-|g3875,VFDB,gb|NP_461184,99.4,100.0,Effector delivery system,"(sspH2) type III secretion system effector SspH2 (Salmonella secreted protein H2), novel E3 ubiquitin ligase",,,
GCA_011454775.1,GCA_011454775.1|AAQBFY010000002.1|541705-542187|-|g1965,VFDB,gb|NP_461798,99.4,100.0,Effector delivery system,(iagB) invasion protein IagB,,,
GCA_000192125.1,GCA_000192125.1|CM001153.1|2896999-2897481|+|g2792,VFDB,gb|NP_461798,99.4,100.0,Effector delivery system,(iagB) invasion protein IagB,,,
GCA_001448615.1,GCA_001448615.1|LHSQ01000011.1|4403-5455|+|g1801,VFDB,gb|NP_461706,99.4,100.0,Effector delivery system,(pipB2) type III secretion system effector PipB3,,,
GCA_010715595.1,GCA_010715595.1|DAATGU010000001.1|221779-222297|-|g208,VFDB,gb|NP_459543,99.4,100.0,Adherence,(fimF) type I fimbriae adaptor protein FimF,,,
GCA_005675415.1,GCA_005675415.1|AADNIJ010000003.1|121109-121627|-|g1493,VFDB,gb|NP_459543,99.4,100.0,Adherence,(fimF) type I fimbriae adaptor protein FimF,,,
GCA_001448615.1,GCA_001448615.1|LHSQ01000002.1|241584-242102|-|g2180,VFDB,gb|NP_459543,99.4,100.0,Adherence,(fimF) type I fimbriae adaptor protein FimF,,,
GCA_008005965.1,GCA_008005965.1|AAJKJE010000002.1|588113-589165|+|g1642,VFDB,gb|NP_461706,99.4,100.0,Effector delivery system,(pipB2) type III secretion system effector PipB3,,,
GCA_000192125.1,GCA_000192125.1|CM001153.1|1960617-1961627|+|g1917,VFDB,gb|NP_460194,99.4,100.0,Effector delivery system,(sifA) type III secretion system effector SifA (Salmonella induced filament protein A),,,
GCA_001448615.1,GCA_001448615.1|LHSQ01000002.1|528208-532077|-|g2450,VFDB,gb|NP_459283,99.4,100.0,Effector delivery system,(STM0285) hypothetical protein,,,
GCA_008005965.1,GCA_008005965.1|AAJKJE010000002.1|494078-494560|-|g1546,VFDB,gb|NP_461798,99.4,100.0,Effector delivery system,(iagB) invasion protein IagB,,,
GCA_000329025.1,GCA_000329025.1|ALFF01000051.1|57749-58801|-|g1819,VFDB,gb|NP_461706,99.4,100.0,Effector delivery system,(pipB2) type III secretion system effector PipB3,,,
GCA_001448615.1,GCA_001448615.1|LHSQ01000013.1|18352-19362|-|g2578,VFDB,gb|NP_463026,99.4,100.0,Effector delivery system,"(sseK1) type III secretion system effector SseK1, Arginine N-Glycosyltransferase",,,
GCA_010715595.1,GCA_010715595.1|DAATGU010000003.1|272938-273906|+|g1073,VFDB,gb|NP_460383,99.4,100.0,Effector delivery system,(ssaQ) type III secretion system C ring protein SsaQ,,,
GCA_008005965.1,GCA_008005965.1|AAJKJE010000001.1|599284-599757|+|g598,VFDB,gb|NP_460364,99.4,100.0,Effector delivery system,(sscA) chaperone for sseC,,,
GCA_008005965.1,GCA_008005965.1|AAJKJE010000001.1|615194-616252|+|g621,VFDB,gb|NP_460387,99.4,100.0,Effector delivery system,(ssaU) type III secretion system export apparatus switch protein SsaU,,,
GCA_011457165.1,GCA_011457165.1|AAQBKM010000010.1|48295-51021|+|g3106,VFDB,gb|NP_462662,99.4,100.0,Nutritional/Metabolic factor,(mgtB) Mg2+ transport protein,,,
GCA_000329025.1,GCA_000329025.1|ALFF01000026.1|21030-21503|-|g816,VFDB,gb|NP_460364,99.4,100.0,Effector delivery system,(sscA) chaperone for sseC,,,
GCA_011457165.1,GCA_011457165.1|AAQBKM010000015.1|103181-103666|-|g3865,VFDB,gb|NP_459274,99.4,100.0,Effector delivery system,(STM0276) Hcp1 family type VI secretion system effector,,,
GCA_010715595.1,GCA_010715595.1|DAATGU010000001.1|515878-518517|-|g480,VFDB,gb|NP_459269,99.4,100.0,Effector delivery system,(STM0272) ClpV1 family T6SS ATPase,,,
GCA_010715595.1,GCA_010715595.1|DAATGU010000001.1|500237-500755|-|g464,VFDB,gb|NP_459286,99.4,99.4,Effector delivery system,"(tlde1) type VI secretion system effector tlde1, L,D-transpeptidase",,,
GCA_005675415.1,GCA_005675415.1|AADNIJ010000002.1|191012-192082|-|g1058,VFDB,gb|NP_461808,99.4,100.0,Effector delivery system,(spaS) type III secretion system export apparatus switch protein SpaS,,,
GCA_011457165.1,GCA_011457165.1|AAQBKM010000015.1|111796-112290|+|g3873,VFDB,gb|NP_459266,99.4,100.0,Effector delivery system,(STM0269) hypothetical protein,,,
GCA_000192125.1,GCA_000192125.1|CM001153.1|607545-608063|+|g575,VFDB,gb|NP_459543,99.4,100.0,Adherence,(fimF) type I fimbriae adaptor protein FimF,,,
GCA_011454775.1,GCA_011454775.1|AAQBFY010000001.1|526428-526901|+|g520,VFDB,gb|NP_460364,99.4,100.0,Effector delivery system,(sscA) chaperone for sseC,,,
GCA_008032345.1,GCA_008032345.1|AAJLMD010000011.1|105509-105991|+|g4162,VFDB,gb|NP_461798,99.4,100.0,Effector delivery system,(iagB) invasion protein IagB,,,
GCA_008032345.1,GCA_008032345.1|AAJLMD010000009.1|3625-4710|-|g3756,VFDB,gb|WP_000074784,99.4,100.0,Invasion,(pilR) type II secretion system F family protein,,,
GCA_011457165.1,GCA_011457165.1|AAQBKM010000015.1|114186-115181|+|g3875,VFDB,gb|NP_459264,99.4,100.0,Effector delivery system,(STM0267) sciB domain protein,,,
GCA_011454775.1,GCA_011454775.1|AAQBFY010000001.1|344829-345839|-|g344,VFDB,gb|NP_460194,99.4,100.0,Effector delivery system,(sifA) type III secretion system effector SifA (Salmonella induced filament protein A),,,
GCA_010716035.1,GCA_010716035.1|DAATFR010000029.1|26596-27651|+|g4320,VFDB,gb|NP_459263,99.4,100.0,Effector delivery system,(STM0266) hypothetical protein,,,
GCA_000258365.1,GCA_000258365.1|CP003416.1|1066503-1070372|+|g943,VFDB,gb|NP_459283,99.4,100.0,Effector delivery system,(STM0285) hypothetical protein,,,
GCA_010716035.1,GCA_010716035.1|DAATFR010000033.1|890-1408|-|g4443,VFDB,gb|NP_459286,99.4,99.4,Effector delivery system,"(tlde1) type VI secretion system effector tlde1, L,D-transpeptidase",,,
GCA_005675415.1,GCA_005675415.1|AADNIJ010000001.1|256383-257876|+|g257,VFDB,gb|NP_460359,99.4,100.0,Effector delivery system,(ssaC) type III secretion system secretin SsaC,,,
GCA_011454775.1,GCA_011454775.1|AAQBFY010000001.1|542338-543396|+|g543,VFDB,gb|NP_460387,99.4,100.0,Effector delivery system,(ssaU) type III secretion system export apparatus switch protein SsaU,,,
GCA_000812595.1,GCA_000812595.1|JRXC01000005.1|40397-40915|+|g3746,VFDB,gb|NP_459286,99.4,99.4,Effector delivery system,"(tlde1) type VI secretion system effector tlde1, L,D-transpeptidase",,,
GCA_000192125.1,GCA_000192125.1|CM001153.1|1784065-1784538|-|g1733,VFDB,gb|NP_460364,99.4,100.0,Effector delivery system,(sscA) chaperone for sseC,,,
GCA_000192125.1,GCA_000192125.1|CM001153.1|1787103-1788596|-|g1738,VFDB,gb|NP_460359,99.4,100.0,Effector delivery system,(ssaC) type III secretion system secretin SsaC,,,
GCA_011457165.1,GCA_011457165.1|AAQBKM010000015.1|101406-101891|-|g3862,VFDB,gb|NP_459277,99.4,100.0,Effector delivery system,(STM0279) Hcp1 family type VI secretion system effector,,,
GCA_000329025.1,GCA_000329025.1|ALFF01000026.1|4535-5593|-|g793,VFDB,gb|NP_460387,99.4,100.0,Effector delivery system,(ssaU) type III secretion system export apparatus switch protein SsaU,,,
GCA_010123015.1,GCA_010123015.1|DAAMFD010000002.1|189492-190019|+|g522,VFDB,gb|NP_462537,99.4,100.0,Adherence,"(lpfE) long polar fimbrial minor subunit LpfE, adhesin",,,
GCA_010716035.1,GCA_010716035.1|DAATFR010000029.1|17841-18383|-|g4313,VFDB,gb|NP_459270,99.4,100.0,Effector delivery system,(STM0273) type VI secretion system-associated protein,,,
GCA_006862905.1,GCA_006862905.1|AAGLPJ010000028.1|6596-7114|-|g3755,VFDB,gb|NP_459286,99.4,99.4,Effector delivery system,"(tlde1) type VI secretion system effector tlde1, L,D-transpeptidase",,,
GCA_006862905.1,GCA_006862905.1|AAGLPJ010000028.1|22239-24878|-|g3771,VFDB,gb|NP_459269,99.4,100.0,Effector delivery system,(STM0272) ClpV1 family T6SS ATPase,,,
GCA_008032345.1,GCA_008032345.1|AAJLMD010000001.1|1084381-1086747|-|g1072,VFDB,gb|NP_461184,99.4,100.0,Effector delivery system,"(sspH2) type III secretion system effector SspH2 (Salmonella secreted protein H2), novel E3 ubiquitin ligase",,,
GCA_000474395.1,GCA_000474395.1|AUQU01000023.1|34282-34800|+|g2722,VFDB,gb|NP_459286,99.4,99.4,Effector delivery system,"(tlde1) type VI secretion system effector tlde1, L,D-transpeptidase",,,
GCA_000258365.1,GCA_000258365.1|CP003416.1|1060324-1060809|+|g935,VFDB,gb|NP_459275,99.4,100.0,Effector delivery system,"(tae4) type VI secretion system effector tae4, L,D-endopeptidase",,,
GCA_006862905.1,GCA_006862905.1|AAGLPJ010000028.1|26956-27450|+|g3774,VFDB,gb|NP_459266,99.4,100.0,Effector delivery system,(STM0269) hypothetical protein,,,
GCA_000192125.1,GCA_000192125.1|CM001153.1|3994663-3995190|+|g3824,VFDB,gb|NP_462537,99.4,100.0,Adherence,"(lpfE) long polar fimbrial minor subunit LpfE, adhesin",,,
GCA_005675415.1,GCA_005675415.1|AADNIJ010000001.1|269636-271681|+|g277,VFDB,gb|NP_460379,99.4,100.0,Effector delivery system,(ssaV) type III secretion system major export apparatus protein ssaV,,,
GCA_000812595.1,GCA_000812595.1|JRXC01000010.1|228145-229638|+|g302,VFDB,gb|NP_460359,99.4,100.0,Effector delivery system,(ssaC) type III secretion system secretin SsaC,,,
GCA_010123345.1,GCA_010123345.1|DAAMFF010000001.1|373466-373960|+|g344,VFDB,gb|NP_459266,99.4,100.0,Effector delivery system,(STM0269) hypothetical protein,,,
GCA_010716035.1,GCA_010716035.1|DAATFR010000006.1|31235-32242|-|g1732,VFDB,gb|NP_459542,99.4,100.0,Adherence,"(fimH) type I fimbriae minor fimbrial subunit FimH, adhesin",,,
GCA_000330625.1,GCA_000330625.1|ANOT01000034.1|230500-232545|+|g1736,VFDB,gb|NP_460379,99.4,100.0,Effector delivery system,(ssaV) type III secretion system major export apparatus protein ssaV,,,
GCA_000329025.1,GCA_000329025.1|ALFF01000063.1|50988-51470|+|g2153,VFDB,gb|NP_461798,99.4,100.0,Effector delivery system,(iagB) invasion protein IagB,,,
GCA_010714675.1,GCA_010714675.1|DAATGB010000016.1|38491-39459|+|g2435,VFDB,gb|NP_460383,99.4,100.0,Effector delivery system,(ssaQ) type III secretion system C ring protein SsaQ,,,
GCA_011454775.1,GCA_011454775.1|AAQBFY010000003.1|199671-200189|-|g2288,VFDB,gb|NP_459543,99.4,100.0,Adherence,(fimF) type I fimbriae adaptor protein FimF,,,
GCA_011454775.1,GCA_011454775.1|AAQBFY010000002.1|635741-636793|+|g2061,VFDB,gb|NP_461706,99.4,100.0,Effector delivery system,(pipB2) type III secretion system effector PipB3,,,
GCA_000330625.1,GCA_000330625.1|ANOT01000032.1|73842-76568|-|g1407,VFDB,gb|NP_462662,99.4,100.0,Nutritional/Metabolic factor,(mgtB) Mg2+ transport protein,,,
GCA_000192125.1,GCA_000192125.1|CM001153.1|1767570-1768628|-|g1710,VFDB,gb|NP_460387,99.4,100.0,Effector delivery system,(ssaU) type III secretion system export apparatus switch protein SsaU,,,
GCA_011454775.1,GCA_011454775.1|AAQBFY010000014.1|61241-63607|-|g4226,VFDB,gb|NP_461184,99.4,100.0,Effector delivery system,"(sspH2) type III secretion system effector SspH2 (Salmonella secreted protein H2), novel E3 ubiquitin ligase",,,
GCA_008005965.1,GCA_008005965.1|AAJKJE010000001.1|415142-416152|-|g419,VFDB,gb|NP_460194,99.4,100.0,Effector delivery system,(sifA) type III secretion system effector SifA (Salmonella induced filament protein A),,,
GCA_005675415.1,GCA_005675415.1|AADNIJ010000024.1|17863-18873|-|g4272,VFDB,gb|NP_463026,99.4,100.0,Effector delivery system,"(sseK1) type III secretion system effector SseK1, Arginine N-Glycosyltransferase",,,
GCA_005675415.1,GCA_005675415.1|AADNIJ010000005.1|209707-210234|+|g2305,VFDB,gb|NP_462537,99.4,100.0,Adherence,"(lpfE) long polar fimbrial minor subunit LpfE, adhesin",,,
GCA_008032345.1,GCA_008032345.1|AAJLMD010000003.1|463824-464357|-|g2075,VFDB,gb|NP_459539,99.4,100.0,Adherence,(fimI) fimbrial protein internal segment,,,
GCA_000258365.1,GCA_000258365.1|CP003416.1|1387956-1390568|+|g1263,VFDB,gb|NP_459541,99.4,100.0,Adherence,(fimD) usher protein FimD,,,
GCA_000258365.1,GCA_000258365.1|CP003416.1|1391600-1392118|+|g1265,VFDB,gb|NP_459543,99.4,100.0,Adherence,(fimF) type I fimbriae adaptor protein FimF,,,
GCA_008032345.1,GCA_008032345.1|AAJLMD010000003.1|458895-459413|-|g2071,VFDB,gb|NP_459543,99.4,100.0,Adherence,(fimF) type I fimbriae adaptor protein FimF,,,
GCA_006862905.1,GCA_006862905.1|AAGLPJ010000007.1|151170-151652|+|g1928,VFDB,gb|NP_461798,99.4,100.0,Effector delivery system,(iagB) invasion protein IagB,,,
GCA_000330625.1,GCA_000330625.1|ANOT01000059.1|18222-19232|-|g4285,VFDB,gb|NP_463026,99.4,100.0,Effector delivery system,"(sseK1) type III secretion system effector SseK1, Arginine N-Glycosyltransferase",,,
GCA_000192125.1,GCA_000192125.1|CM001153.1|3860920-3863787|-|g3700,VFDB,gb|NP_462656,99.4,100.0,Adherence,(misL) putative autotransporter,,,
GCA_000192125.1,GCA_000192125.1|CM001153.1|3854384-3857110|+|g3694,VFDB,gb|NP_462662,99.4,100.0,Nutritional/Metabolic factor,(mgtB) Mg2+ transport protein,,,
GCA_010123345.1,GCA_010123345.1|DAAMFF010000002.1|53240-55297|-|g414,VFDB,gb|NP_461803,99.4,100.0,Effector delivery system,(sipA/sspA) type III secretion system effector SipA (Salmonella invasion protein A),,,
GCA_010123345.1,GCA_010123345.1|DAAMFF010000002.1|50096-50578|+|g409,VFDB,gb|NP_461798,99.4,100.0,Effector delivery system,(iagB) invasion protein IagB,,,
GCA_006862905.1,GCA_006862905.1|AAGLPJ010000006.1|175415-176383|+|g1756,VFDB,gb|NP_460383,99.4,100.0,Effector delivery system,(ssaQ) type III secretion system C ring protein SsaQ,,,
GCA_000330625.1,GCA_000330625.1|ANOT01000058.1|47752-48822|+|g4171,VFDB,gb|NP_461808,99.4,100.0,Effector delivery system,(spaS) type III secretion system export apparatus switch protein SpaS,,,
GCA_001448615.1,GCA_001448615.1|LHSQ01000006.1|86034-86963|+|g4056,VFDB,gb|NP_461796,99.4,100.0,Effector delivery system,(hilD) AraC family transcriptional regulator,,,
GCA_001448615.1,GCA_001448615.1|LHSQ01000006.1|89733-90215|+|g4058,VFDB,gb|NP_461798,99.4,100.0,Effector delivery system,(iagB) invasion protein IagB,,,
GCA_006862905.1,GCA_006862905.1|AAGLPJ010000028.1|16305-16841|-|g3763,VFDB,gb|NP_459278,99.4,100.0,Effector delivery system,(tssJ) type VI secretion system-associated lipoprotein,,,
GCA_000330625.1,GCA_000330625.1|ANOT01000046.1|57438-57956|+|g2777,VFDB,gb|NP_459543,99.4,100.0,Adherence,(fimF) type I fimbriae adaptor protein FimF,,,
GCA_000330625.1,GCA_000330625.1|ANOT01000053.1|167463-167990|-|g3593,VFDB,gb|NP_462537,99.4,100.0,Adherence,"(lpfE) long polar fimbrial minor subunit LpfE, adhesin",,,
GCA_010123345.1,GCA_010123345.1|DAAMFF010000001.1|376862-377917|+|g347,VFDB,gb|NP_459263,99.4,100.0,Effector delivery system,(STM0266) hypothetical protein,,,
GCA_010123345.1,GCA_010123345.1|DAAMFF010000003.1|114919-115926|-|g790,VFDB,gb|NP_461081,99.4,96.3,Effector delivery system,(sseK2) type III secretion system effector SseK2,,,
GCA_005675415.1,GCA_005675415.1|AADNIJ010000002.1|203867-204310|+|g1071,VFDB,gb|NP_461821,99.3,100.0,Effector delivery system,(invH) type III secretion system pilotin invG,,,
GCA_001448615.1,GCA_001448615.1|LHSQ01000002.1|523863-526052|-|g2446,VFDB,gb|NP_459287,99.3,100.0,Effector delivery system,(vgrG) type VI secretion protein VgrG,,,
GCA_005675415.1,GCA_005675415.1|AADNIJ010000004.1|304343-306535|-|g2020,VFDB,gb|NP_461452,99.3,100.0,Adherence,(sinH) intimin-like protein,,,
GCA_010716035.1,GCA_010716035.1|DAATFR010000002.1|398570-399871|-|g770,VFDB,gb|NP_460380,99.3,100.0,Effector delivery system,(ssaN) type III secretion system ATPase SsaN,,,
GCA_008032345.1,GCA_008032345.1|AAJLMD010000001.1|158692-159903|+|g157,VFDB,gb|NP_460360,99.3,100.0,Effector delivery system,(ssaD) type III secretion system outer MS ring protein SsaD,,,
GCA_008005965.1,GCA_008005965.1|AAJKJE010000008.1|61003-61455|+|g3455,VFDB,gb|NP_459678,99.3,100.0,Regulation,(fur) ferric iron uptake transcriptional regulator,,,
GCA_011454775.1,GCA_011454775.1|AAQBFY010000002.1|552959-553825|+|g1977,VFDB,gb|NP_461786,99.3,95.4,Effector delivery system,"(avrA) type III secretion system effector AvrA, acetyltransferease",,,
GCA_010715595.1,GCA_010715595.1|DAATGU010000015.1|49170-52037|-|g3084,VFDB,gb|NP_462656,99.3,100.0,Adherence,(misL) putative autotransporter,,,
GCA_010715595.1,GCA_010715595.1|DAATGU010000027.1|14945-15841|+|g4022,VFDB,gb|NP_461708,99.3,100.0,Antimicrobial activity/Competitive advantage,(mig-14) antimicrobial peptide resistance protein Mig-14,,,
GCA_000192125.1,GCA_000192125.1|CM001153.1|2885362-2886228|-|g2780,VFDB,gb|NP_461786,99.3,95.4,Effector delivery system,"(avrA) type III secretion system effector AvrA, acetyltransferease",,,
GCA_000192125.1,GCA_000192125.1|CM001153.1|2042135-2042551|+|g2004,VFDB,gb|NP_460111,99.3,100.0,Adherence,(csgF) curli production assembly/transport protein CsgF,,,
GCA_000258365.1,GCA_000258365.1|CP003416.1|3674007-3674873|-|g3436,VFDB,gb|NP_461786,99.3,95.4,Effector delivery system,"(avrA) type III secretion system effector AvrA, acetyltransferease",,,
GCA_011454775.1,GCA_011454775.1|AAQBFY010000003.1|60445-60897|+|g2159,VFDB,gb|NP_459678,99.3,100.0,Regulation,(fur) ferric iron uptake transcriptional regulator,,,
GCA_010714675.1,GCA_010714675.1|DAATGB010000015.1|73840-74283|+|g2348,VFDB,gb|NP_461821,99.3,100.0,Effector delivery system,(invH) type III secretion system pilotin invG,,,
GCA_000330625.1,GCA_000330625.1|ANOT01000024.1|97819-100011|+|g951,VFDB,gb|NP_461452,99.3,100.0,Adherence,(sinH) intimin-like protein,,,
GCA_011457165.1,GCA_011457165.1|AAQBKM010000003.1|213318-213761|+|g1268,VFDB,gb|NP_461821,99.3,100.0,Effector delivery system,(invH) type III secretion system pilotin invG,,,
GCA_010714675.1,GCA_010714675.1|DAATGB010000015.1|39349-40215|-|g2312,VFDB,gb|NP_461786,99.3,95.4,Effector delivery system,"(avrA) type III secretion system effector AvrA, acetyltransferease",,,
GCA_011457165.1,GCA_011457165.1|AAQBKM010000015.1|99456-100799|-|g3860,VFDB,gb|NP_459279,99.3,100.0,Effector delivery system,(tssK) type VI secretion system-associated protein,,,
GCA_000192125.1,GCA_000192125.1|CM001153.1|746813-747265|-|g704,VFDB,gb|NP_459678,99.3,100.0,Regulation,(fur) ferric iron uptake transcriptional regulator,,,
GCA_008005965.1,GCA_008005965.1|AAJKJE010000002.1|471264-471707|-|g1523,VFDB,gb|NP_461821,99.3,100.0,Effector delivery system,(invH) type III secretion system pilotin invG,,,
GCA_011457165.1,GCA_011457165.1|AAQBKM010000015.1|87489-87935|-|g3848,VFDB,gb|NP_459288,99.3,100.0,Effector delivery system,(STM0290) hypothetical protein,,,
GCA_000329025.1,GCA_000329025.1|ALFF01000026.1|26365-29127|+|g823,VFDB,gb|NP_460357,99.3,100.0,Effector delivery system,(ssrA) hybrid sensor histidine kinase/response regulator,,,
GCA_008005965.1,GCA_008005965.1|AAJKJE010000001.1|602294-602722|+|g602,VFDB,gb|NP_460368,99.3,98.6,Effector delivery system,(sscB) chaperone for sseF,,,
GCA_011457165.1,GCA_011457165.1|AAQBKM010000005.1|81538-81954|-|g1951,VFDB,gb|NP_460111,99.3,100.0,Adherence,(csgF) curli production assembly/transport protein CsgF,,,
GCA_000258365.1,GCA_000258365.1|CP003416.1|3708500-3708943|+|g3472,VFDB,gb|NP_461821,99.3,100.0,Effector delivery system,(invH) type III secretion system pilotin invG,,,
GCA_011457165.1,GCA_011457165.1|AAQBKM010000005.1|83759-84241|+|g1954,VFDB,gb|NP_460114,99.3,94.4,Adherence,"(csgB) minor curlin subunit precursor, curli nucleator protein CsgB",,,
GCA_010714675.1,GCA_010714675.1|DAATGB010000030.1|6338-6793|+|g3637,VFDB,gb|NP_460114,99.3,100.0,Adherence,"(csgB) minor curlin subunit precursor, curli nucleator protein CsgB",,,
GCA_008005965.1,GCA_008005965.1|AAJKJE010000002.1|505331-506197|+|g1558,VFDB,gb|NP_461786,99.3,95.4,Effector delivery system,"(avrA) type III secretion system effector AvrA, acetyltransferease",,,
GCA_000329025.1,GCA_000329025.1|ALFF01000063.1|39350-40216|-|g2141,VFDB,gb|NP_461786,99.3,95.4,Effector delivery system,"(avrA) type III secretion system effector AvrA, acetyltransferease",,,
GCA_000329025.1,GCA_000329025.1|ALFF01000054.1|25173-25625|+|g1863,VFDB,gb|NP_459678,99.3,100.0,Regulation,(fur) ferric iron uptake transcriptional regulator,,,
GCA_001448615.1,GCA_001448615.1|LHSQ01000002.1|62107-62559|+|g1986,VFDB,gb|NP_459678,99.3,100.0,Regulation,(fur) ferric iron uptake transcriptional regulator,,,
GCA_001448615.1,GCA_001448615.1|LHSQ01000002.1|523393-523839|-|g2445,VFDB,gb|NP_459288,99.3,100.0,Effector delivery system,(STM0290) hypothetical protein,,,
GCA_006862905.1,GCA_006862905.1|AAGLPJ010000006.1|173398-174699|+|g1753,VFDB,gb|NP_460380,99.3,100.0,Effector delivery system,(ssaN) type III secretion system ATPase SsaN,,,
GCA_010123345.1,GCA_010123345.1|DAAMFF010000002.1|72950-73393|+|g432,VFDB,gb|NP_461821,99.3,100.0,Effector delivery system,(invH) type III secretion system pilotin invG,,,
GCA_008005965.1,GCA_008005965.1|AAJKJE010000001.1|591663-594425|-|g591,VFDB,gb|NP_460357,99.3,100.0,Effector delivery system,(ssrA) hybrid sensor histidine kinase/response regulator,,,
GCA_000192125.1,GCA_000192125.1|CM001153.1|2919852-2920295|+|g2815,VFDB,gb|NP_461821,99.3,100.0,Effector delivery system,(invH) type III secretion system pilotin invG,,,
GCA_006862905.1,GCA_006862905.1|AAGLPJ010000007.1|165890-166333|-|g1944,VFDB,gb|NP_461814,99.3,100.0,Effector delivery system,(invI) type III secretion system stalk protein InvI,,,
GCA_010716035.1,GCA_010716035.1|DAATFR010000017.1|65718-66161|-|g3559,VFDB,gb|NP_461814,99.3,100.0,Effector delivery system,(invI) type III secretion system stalk protein InvI,,,
GCA_010716035.1,GCA_010716035.1|DAATFR010000017.1|73852-74295|+|g3566,VFDB,gb|NP_461821,99.3,100.0,Effector delivery system,(invH) type III secretion system pilotin invG,,,
GCA_000474395.1,GCA_000474395.1|AUQU01000023.1|29209-33054|+|g2719,VFDB,gb|NP_459283,99.3,99.4,Effector delivery system,(STM0285) hypothetical protein,,,
GCA_006862905.1,GCA_006862905.1|AAGLPJ010000028.1|25246-26148|+|g3772,VFDB,gb|NP_459268,99.3,100.0,Effector delivery system,(STM0271) hypothetical protein,,,
GCA_000192125.1,GCA_000192125.1|CM001153.1|2900143-2902200|-|g2797,VFDB,gb|NP_461803,99.3,100.0,Effector delivery system,(sipA/sspA) type III secretion system effector SipA (Salmonella invasion protein A),,,
GCA_000258365.1,GCA_000258365.1|CP003416.1|1966586-1967041|+|g1815,VFDB,gb|NP_460114,99.3,100.0,Adherence,"(csgB) minor curlin subunit precursor, curli nucleator protein CsgB",,,
GCA_000330625.1,GCA_000330625.1|ANOT01000058.1|69600-70466|+|g4193,VFDB,gb|NP_461786,99.3,95.4,Effector delivery system,"(avrA) type III secretion system effector AvrA, acetyltransferease",,,
GCA_011457165.1,GCA_011457165.1|AAQBKM010000003.1|205185-205628|-|g1261,VFDB,gb|NP_461814,99.3,100.0,Effector delivery system,(invI) type III secretion system stalk protein InvI,,,
GCA_010123345.1,GCA_010123345.1|DAAMFF010000002.1|62896-63807|-|g423,VFDB,gb|NP_461812,99.3,100.0,Effector delivery system,(spaO/sctQ) type III secretion system C ring protein SpaO,,,
GCA_010716035.1,GCA_010716035.1|DAATFR010000017.1|39350-40216|-|g3531,VFDB,gb|NP_461786,99.3,95.4,Effector delivery system,"(avrA) type III secretion system effector AvrA, acetyltransferease",,,
GCA_010123345.1,GCA_010123345.1|DAAMFF010000001.1|371756-372658|+|g342,VFDB,gb|NP_459268,99.3,100.0,Effector delivery system,(STM0271) hypothetical protein,,,
GCA_000330625.1,GCA_000330625.1|ANOT01000058.1|35524-35967|-|g4158,VFDB,gb|NP_461821,99.3,100.0,Effector delivery system,(invH) type III secretion system pilotin invG,,,
GCA_000330625.1,GCA_000330625.1|ANOT01000058.1|45109-46020|+|g4167,VFDB,gb|NP_461812,99.3,100.0,Effector delivery system,(spaO/sctQ) type III secretion system C ring protein SpaO,,,
GCA_006862905.1,GCA_006862905.1|AAGLPJ010000028.1|13657-14961|-|g3761,VFDB,gb|NP_459280,99.3,100.0,Effector delivery system,(STM0282) hypothetical protein,,,
GCA_010716035.1,GCA_010716035.1|DAATFR010000010.1|6297-6752|+|g2578,VFDB,gb|NP_460114,99.3,100.0,Adherence,"(csgB) minor curlin subunit precursor, curli nucleator protein CsgB",,,
GCA_006862905.1,GCA_006862905.1|AAGLPJ010000002.1|49558-52425|-|g455,VFDB,gb|NP_462656,99.3,100.0,Adherence,(misL) putative autotransporter,,,
GCA_010716035.1,GCA_010716035.1|DAATFR010000029.1|18483-21122|-|g4314,VFDB,gb|NP_459269,99.3,100.0,Effector delivery system,(STM0272) ClpV1 family T6SS ATPase,,,
GCA_010716035.1,GCA_010716035.1|DAATFR010000029.1|22379-23203|+|g4316,VFDB,gb|NP_459267,99.3,100.0,Effector delivery system,(STM0270) impE family protein,,,
GCA_000192125.1,GCA_000192125.1|CM001153.1|2913433-2913840|-|g2810,VFDB,gb|NP_461816,99.3,100.0,Effector delivery system,(invB) type III secretion system protein InvB,,,
GCA_000812595.1,GCA_000812595.1|JRXC01000012.1|41502-42413|+|g1325,VFDB,gb|NP_461812,99.3,100.0,Effector delivery system,(spaO/sctQ) type III secretion system C ring protein SpaO,,,
GCA_000812595.1,GCA_000812595.1|JRXC01000012.1|40049-40492|+|g1323,VFDB,gb|NP_461814,99.3,100.0,Effector delivery system,(invI) type III secretion system stalk protein InvI,,,
GCA_000812595.1,GCA_000812595.1|JRXC01000012.1|65985-66851|+|g1351,VFDB,gb|NP_461786,99.3,95.4,Effector delivery system,"(avrA) type III secretion system effector AvrA, acetyltransferease",,,
GCA_000812595.1,GCA_000812595.1|JRXC01000005.1|20539-21441|-|g3725,VFDB,gb|NP_459268,99.3,100.0,Effector delivery system,(STM0271) hypothetical protein,,,
GCA_008032345.1,GCA_008032345.1|AAJLMD010000011.1|120230-120673|-|g4178,VFDB,gb|NP_461814,99.3,100.0,Effector delivery system,(invI) type III secretion system stalk protein InvI,,,
GCA_001448615.1,GCA_001448615.1|LHSQ01000006.1|112586-113029|+|g4081,VFDB,gb|NP_461821,99.3,100.0,Effector delivery system,(invH) type III secretion system pilotin invG,,,
GCA_011454775.1,GCA_011454775.1|AAQBFY010000001.1|518804-521566|-|g513,VFDB,gb|NP_460357,99.3,100.0,Effector delivery system,(ssrA) hybrid sensor histidine kinase/response regulator,,,
GCA_011457165.1,GCA_011457165.1|AAQBKM010000015.1|110975-111799|+|g3872,VFDB,gb|NP_459267,99.3,100.0,Effector delivery system,(STM0270) impE family protein,,,
GCA_005675415.1,GCA_005675415.1|AADNIJ010000002.1|193814-194725|-|g1062,VFDB,gb|NP_461812,99.3,100.0,Effector delivery system,(spaO/sctQ) type III secretion system C ring protein SpaO,,,
GCA_005675415.1,GCA_005675415.1|AADNIJ010000002.1|169368-170234|-|g1036,VFDB,gb|NP_461786,99.3,95.4,Effector delivery system,"(avrA) type III secretion system effector AvrA, acetyltransferease",,,
GCA_011457165.1,GCA_011457165.1|AAQBKM010000005.1|346307-346723|+|g2221,VFDB,gb|NP_460367,99.3,100.0,Effector delivery system,(sseE) type III secretion system effector SseE,,,
GCA_005675415.1,GCA_005675415.1|AADNIJ010000002.1|170437-171192|-|g1037,VFDB,gb|NP_461787,99.2,100.0,Effector delivery system,(sprB) transcriptional regulator,,,
GCA_011457165.1,GCA_011457165.1|AAQBKM010000005.1|192349-193077|+|g2065,VFDB,gb|WP_001766395,99.2,100.0,Exotoxin,(pltA) typhoid-like toxin S-CDT ADP-ribosylating subunit PltA,,,
GCA_011457165.1,GCA_011457165.1|AAQBKM010000015.1|63248-63967|+|g3829,VFDB,gb|NP_459304,99.2,100.0,Invasion,(pagN) outer membrane adhesin/invasin protein,,,
GCA_010123345.1,GCA_010123345.1|DAAMFF010000003.1|203534-205882|-|g861,VFDB,gb|NP_461011,99.2,100.0,Effector delivery system,"(sopA) type III secretion system effector SopA, HECT-like E3 ubiquitin ligase",,,
GCA_010715595.1,GCA_010715595.1|DAATGU010000003.1|255247-255630|+|g1048,VFDB,gb|NP_460358,99.2,95.5,Effector delivery system,(spiC/ssaB) Salmonella pathogenicity island 2 protein C (SpiC); Type III secretion system apparatus protein B (SsaB),,,
GCA_008005965.1,GCA_008005965.1|AAJKJE010000001.1|594844-595227|+|g592,VFDB,gb|NP_460358,99.2,95.5,Effector delivery system,(spiC/ssaB) Salmonella pathogenicity island 2 protein C (SpiC); Type III secretion system apparatus protein B (SsaB),,,
GCA_010123345.1,GCA_010123345.1|DAAMFF010000001.1|358757-359113|-|g329,VFDB,gb|NP_459282,99.2,82.5,Effector delivery system,(STM0284) putative shiga-like toxin A subunit,,,
GCA_008032345.1,GCA_008032345.1|AAJLMD010000001.1|156833-157216|+|g155,VFDB,gb|NP_460358,99.2,95.5,Effector delivery system,(spiC/ssaB) Salmonella pathogenicity island 2 protein C (SpiC); Type III secretion system apparatus protein B (SsaB),,,
GCA_010716035.1,GCA_010716035.1|DAATFR010000002.1|398190-398621|-|g769,VFDB,gb|NP_460381,99.2,87.4,Effector delivery system,(ssaO) type III secretion system stalk protein SsaO,,,
GCA_000192125.1,GCA_000192125.1|CM001153.1|1788598-1788981|-|g1739,VFDB,gb|NP_460358,99.2,95.5,Effector delivery system,(spiC/ssaB) Salmonella pathogenicity island 2 protein C (SpiC); Type III secretion system apparatus protein B (SsaB),,,
GCA_010714675.1,GCA_010714675.1|DAATGB010000017.1|77137-77523|-|g2602,VFDB,gb|NP_459285,99.2,92.8,Effector delivery system,(STM0287) putative periplasmic protein,,,
GCA_001448615.1,GCA_001448615.1|LHSQ01000001.1|724708-725139|+|g718,VFDB,gb|NP_460381,99.2,87.4,Effector delivery system,(ssaO) type III secretion system stalk protein SsaO,,,
GCA_008005965.1,GCA_008005965.1|AAJKJE010000002.1|492014-492406|+|g1544,VFDB,gb|NP_461800,99.2,100.0,Effector delivery system,(sicP) chaparone for SptP,,,
GCA_011454775.1,GCA_011454775.1|AAQBFY010000002.1|539641-540033|+|g1963,VFDB,gb|NP_461800,99.2,100.0,Effector delivery system,(sicP) chaparone for SptP,,,
GCA_008005965.1,GCA_008005965.1|AAJKJE010000009.1|223449-223835|-|g3845,VFDB,gb|NP_459285,99.2,92.8,Effector delivery system,(STM0287) putative periplasmic protein,,,
GCA_001448615.1,GCA_001448615.1|LHSQ01000002.1|532111-532467|-|g2451,VFDB,gb|NP_459282,99.2,82.5,Effector delivery system,(STM0284) putative shiga-like toxin A subunit,,,
GCA_000812595.1,GCA_000812595.1|JRXC01000005.1|39984-40370|+|g3745,VFDB,gb|NP_459285,99.2,92.8,Effector delivery system,(STM0287) putative periplasmic protein,,,
GCA_006862905.1,GCA_006862905.1|AAGLPJ010000006.1|3253-3981|+|g1581,VFDB,gb|WP_001766395,99.2,100.0,Exotoxin,(pltA) typhoid-like toxin S-CDT ADP-ribosylating subunit PltA,,,
GCA_001448615.1,GCA_001448615.1|LHSQ01000001.1|721070-721438|+|g715,VFDB,gb|NP_460378,99.2,100.0,Effector delivery system,(ssaM) type III secretion system protein SsaM,,,
GCA_010716035.1,GCA_010716035.1|DAATFR010000010.1|4492-4887|-|g2576,VFDB,gb|NP_460112,99.2,100.0,Adherence,(csgE) curli production assembly/transport protein CsgE,,,
GCA_010123345.1,GCA_010123345.1|DAAMFF010000002.1|44903-46138|-|g406,VFDB,gb|NP_461795,99.2,95.4,Effector delivery system,(prgH) type III secretion system outer MS ring protein PrgH,,,
GCA_000329025.1,GCA_000329025.1|ALFF01000042.1|121919-124531|-|g1373,VFDB,gb|NP_459541,99.2,100.0,Adherence,(fimD) usher protein FimD,,,
GCA_011457165.1,GCA_011457165.1|AAQBKM010000005.1|81981-82376|-|g1952,VFDB,gb|NP_460112,99.2,100.0,Adherence,(csgE) curli production assembly/transport protein CsgE,,,
GCA_008005965.1,GCA_008005965.1|AAJKJE010000001.1|611758-612135|+|g615,VFDB,gb|NP_460381,99.2,100.0,Effector delivery system,(ssaO) type III secretion system stalk protein SsaO,,,
GCA_001448615.1,GCA_001448615.1|LHSQ01000002.1|526994-527380|-|g2448,VFDB,gb|NP_459285,99.2,92.8,Effector delivery system,(STM0287) putative periplasmic protein,,,
GCA_010123345.1,GCA_010123345.1|DAAMFF010000001.1|354066-354854|-|g327,VFDB,gb|NP_459284,99.2,100.0,Effector delivery system,(STM0286) hypothetical protein,,,
GCA_000330625.1,GCA_000330625.1|ANOT01000046.1|53794-56406|+|g2775,VFDB,gb|NP_459541,99.2,100.0,Adherence,(fimD) usher protein FimD,,,
GCA_000258365.1,GCA_000258365.1|CP003416.1|2217027-2218520|+|g2062,VFDB,gb|NP_460359,99.2,100.0,Effector delivery system,(ssaC) type III secretion system secretin SsaC,,,
GCA_010716035.1,GCA_010716035.1|DAATFR010000017.1|53151-53543|-|g3545,VFDB,gb|NP_461800,99.2,100.0,Effector delivery system,(sicP) chaparone for SptP,,,
GCA_000812595.1,GCA_000812595.1|JRXC01000010.1|227760-228143|+|g301,VFDB,gb|NP_460358,99.2,95.5,Effector delivery system,(spiC/ssaB) Salmonella pathogenicity island 2 protein C (SpiC); Type III secretion system apparatus protein B (SsaB),,,
GCA_008032345.1,GCA_008032345.1|AAJLMD010000003.1|460445-463057|-|g2073,VFDB,gb|NP_459541,99.2,100.0,Adherence,(fimD) usher protein FimD,,,
GCA_006862905.1,GCA_006862905.1|AAGLPJ010000007.1|145973-147208|-|g1925,VFDB,gb|NP_461795,99.2,95.4,Effector delivery system,(prgH) type III secretion system outer MS ring protein PrgH,,,
GCA_006862905.1,GCA_006862905.1|AAGLPJ010000007.1|153324-153716|-|g1930,VFDB,gb|NP_461800,99.2,100.0,Effector delivery system,(sicP) chaparone for SptP,,,
GCA_000192125.1,GCA_000192125.1|CM001153.1|2041713-2042108|+|g2003,VFDB,gb|NP_460112,99.2,100.0,Adherence,(csgE) curli production assembly/transport protein CsgE,,,
GCA_010716035.1,GCA_010716035.1|DAATFR010000002.1|397835-398209|-|g768,VFDB,gb|NP_460382,99.2,100.0,Effector delivery system,(ssaP) type III secretion system needle length regulator SsaP,,,
GCA_000330625.1,GCA_000330625.1|ANOT01000033.1|5466-5861|-|g1466,VFDB,gb|NP_460112,99.2,100.0,Adherence,(csgE) curli production assembly/transport protein CsgE,,,
GCA_010123345.1,GCA_010123345.1|DAAMFF010000045.1|17607-20372|-|g4325,VFDB,gb|NP_460357,99.2,99.9,Effector delivery system,(ssrA) hybrid sensor histidine kinase/response regulator,,,
GCA_001448615.1,GCA_001448615.1|LHSQ01000001.1|718044-718793|+|g711,VFDB,gb|NP_460374,99.2,100.0,Effector delivery system,(ssaJ) type III secretion system inner MS ring protein SsaJ,,,
GCA_000329025.1,GCA_000329025.1|ALFF01000026.1|8652-9029|-|g799,VFDB,gb|NP_460381,99.2,100.0,Effector delivery system,(ssaO) type III secretion system stalk protein SsaO,,,
GCA_010716035.1,GCA_010716035.1|DAATFR010000023.1|70714-71097|+|g4028,VFDB,gb|NP_460358,99.2,95.5,Effector delivery system,(spiC/ssaB) Salmonella pathogenicity island 2 protein C (SpiC); Type III secretion system apparatus protein B (SsaB),,,
GCA_000330625.1,GCA_000330625.1|ANOT01000034.1|213681-216443|-|g1714,VFDB,gb|NP_460357,99.2,100.0,Effector delivery system,(ssrA) hybrid sensor histidine kinase/response regulator,,,
GCA_011457165.1,GCA_011457165.1|AAQBKM010000005.1|339267-339650|+|g2212,VFDB,gb|NP_460358,99.2,95.5,Effector delivery system,(spiC/ssaB) Salmonella pathogenicity island 2 protein C (SpiC); Type III secretion system apparatus protein B (SsaB),,,
GCA_006862905.1,GCA_006862905.1|AAGLPJ010000028.1|7554-8342|-|g3757,VFDB,gb|NP_459284,99.2,100.0,Effector delivery system,(STM0286) hypothetical protein,,,
GCA_005675415.1,GCA_005675415.1|AADNIJ010000001.1|4630-5025|-|g8,VFDB,gb|NP_460112,99.2,100.0,Adherence,(csgE) curli production assembly/transport protein CsgE,,,
GCA_000192125.1,GCA_000192125.1|CM001153.1|1775388-1775756|-|g1719,VFDB,gb|NP_460378,99.2,100.0,Effector delivery system,(ssaM) type III secretion system protein SsaM,,,
GCA_011457165.1,GCA_011457165.1|AAQBKM010000004.1|382450-382827|-|g1861,VFDB,gb|NP_460381,99.2,100.0,Effector delivery system,(ssaO) type III secretion system stalk protein SsaO,,,
GCA_000812595.1,GCA_000812595.1|JRXC01000010.1|247398-248177|+|g329,VFDB,gb|NP_460386,99.2,100.0,Effector delivery system,(ssaT) type III secretion system minor export apparatus protein SsaT,,,
GCA_005675415.1,GCA_005675415.1|AADNIJ010000001.1|252817-255579|-|g255,VFDB,gb|NP_460357,99.2,100.0,Effector delivery system,(ssrA) hybrid sensor histidine kinase/response regulator,,,
GCA_011454775.1,GCA_011454775.1|AAQBFY010000003.1|201221-203833|-|g2290,VFDB,gb|NP_459541,99.2,100.0,Adherence,(fimD) usher protein FimD,,,
GCA_005675415.1,GCA_005675415.1|AADNIJ010000003.1|122659-125271|-|g1495,VFDB,gb|NP_459541,99.2,100.0,Adherence,(fimD) usher protein FimD,,,
GCA_010714675.1,GCA_010714675.1|DAATGB010000016.1|21185-22678|+|g2411,VFDB,gb|NP_460359,99.2,100.0,Effector delivery system,(ssaC) type III secretion system secretin SsaC,,,
GCA_010716035.1,GCA_010716035.1|DAATFR010000030.1|19029-19748|+|g4349,VFDB,gb|NP_459304,99.2,100.0,Invasion,(pagN) outer membrane adhesin/invasin protein,,,
GCA_011454775.1,GCA_011454775.1|AAQBFY010000001.1|538902-539279|+|g537,VFDB,gb|NP_460381,99.2,100.0,Effector delivery system,(ssaO) type III secretion system stalk protein SsaO,,,
GCA_010715595.1,GCA_010715595.1|DAATGU010000001.1|500782-501168|-|g465,VFDB,gb|NP_459285,99.2,92.8,Effector delivery system,(STM0287) putative periplasmic protein,,,
GCA_001448615.1,GCA_001448615.1|LHSQ01000001.1|448146-448541|-|g438,VFDB,gb|NP_460112,99.2,100.0,Adherence,(csgE) curli production assembly/transport protein CsgE,,,
GCA_001448615.1,GCA_001448615.1|LHSQ01000001.1|704664-707426|-|g694,VFDB,gb|NP_460357,99.2,100.0,Effector delivery system,(ssrA) hybrid sensor histidine kinase/response regulator,,,
GCA_001448615.1,GCA_001448615.1|LHSQ01000001.1|707845-708228|+|g695,VFDB,gb|NP_460358,99.2,95.5,Effector delivery system,(spiC/ssaB) Salmonella pathogenicity island 2 protein C (SpiC); Type III secretion system apparatus protein B (SsaB),,,
GCA_000330625.1,GCA_000330625.1|ANOT01000058.1|68642-69397|+|g4192,VFDB,gb|NP_461787,99.2,100.0,Effector delivery system,(sprB) transcriptional regulator,,,
GCA_000258365.1,GCA_000258365.1|CP003416.1|2216642-2217025|+|g2061,VFDB,gb|NP_460358,99.2,95.5,Effector delivery system,(spiC/ssaB) Salmonella pathogenicity island 2 protein C (SpiC); Type III secretion system apparatus protein B (SsaB),,,
GCA_000258365.1,GCA_000258365.1|CP003416.1|1072256-1072642|+|g947,VFDB,gb|NP_459285,99.2,92.8,Effector delivery system,(STM0287) putative periplasmic protein,,,
GCA_010716035.1,GCA_010716035.1|DAATFR010000029.1|8490-8846|-|g4302,VFDB,gb|NP_459282,99.2,82.5,Effector delivery system,(STM0284) putative shiga-like toxin A subunit,,,
GCA_010714675.1,GCA_010714675.1|DAATGB010000016.1|20800-21183|+|g2410,VFDB,gb|NP_460358,99.2,95.5,Effector delivery system,(spiC/ssaB) Salmonella pathogenicity island 2 protein C (SpiC); Type III secretion system apparatus protein B (SsaB),,,
GCA_001448615.1,GCA_001448615.1|LHSQ01000002.1|243134-245746|-|g2182,VFDB,gb|NP_459541,99.2,100.0,Adherence,(fimD) usher protein FimD,,,
GCA_000329025.1,GCA_000329025.1|ALFF01000063.1|53142-53534|-|g2155,VFDB,gb|NP_461800,99.2,100.0,Effector delivery system,(sicP) chaparone for SptP,,,
GCA_010716035.1,GCA_010716035.1|DAATFR010000002.1|402317-403309|-|g773,VFDB,gb|NP_460377,99.1,97.6,Effector delivery system,(ssaL) type III secretion system gatekeeper SsaL,,,
GCA_010123345.1,GCA_010123345.1|DAAMFF010000011.1|47284-47967|+|g2222,VFDB,gb|NP_462663,99.1,98.3,Nutritional/Metabolic factor,(mgtC) Salmonella virulence protein MgtC,,,
GCA_010716035.1,GCA_010716035.1|DAATFR010000014.1|21692-22645|+|g3212,VFDB,gb|NP_461866,99.1,100.0,Effector delivery system,(sopD) type III secretion system effector SopD,,,
GCA_008005965.1,GCA_008005965.1|AAJKJE010000018.1|24895-25545|+|g4576,VFDB,gb|NP_490527,99.1,100.0,Effector delivery system,(spvD) Salmonella plasmid virulence: hydrophilic protein,,,
GCA_000258365.1,GCA_000258365.1|CP003416.1|2228216-2228890|+|g2079,VFDB,gb|NP_460376,99.1,100.0,Effector delivery system,(ssaK) type III secretion system stator SsaK,,,
GCA_010123345.1,GCA_010123345.1|DAAMFF010000007.1|5931-6890|+|g1563,VFDB,gb|NP_459947,99.1,100.0,Effector delivery system,(sopD2) type III secretion system effector SopD2,,,
GCA_001448615.1,GCA_001448615.1|LHSQ01000001.1|725475-726443|+|g720,VFDB,gb|NP_460383,99.1,100.0,Effector delivery system,(ssaQ) type III secretion system C ring protein SsaQ,,,
GCA_008032345.1,GCA_008032345.1|AAJLMD010000005.1|47418-48101|+|g2640,VFDB,gb|NP_462663,99.1,98.3,Nutritional/Metabolic factor,(mgtC) Salmonella virulence protein MgtC,,,
GCA_000192125.1,GCA_000192125.1|CM001153.1|1789400-1792162|+|g1740,VFDB,gb|NP_460357,99.1,100.0,Effector delivery system,(ssrA) hybrid sensor histidine kinase/response regulator,,,
GCA_005675415.1,GCA_005675415.1|AADNIJ010000002.1|202761-203510|-|g1070,VFDB,gb|NP_461820,99.1,86.7,Effector delivery system,(invF) type III secretion system regulatory protein InvF,,,
GCA_000192125.1,GCA_000192125.1|CM001153.1|603901-606513|+|g573,VFDB,gb|NP_459541,99.1,100.0,Adherence,(fimD) usher protein FimD,,,
GCA_005675415.1,GCA_005675415.1|AADNIJ010000002.1|194725-195735|-|g1063,VFDB,gb|NP_461813,99.1,100.0,Effector delivery system,(invJ) type III secretion system needle length regulator InvJ,,,
GCA_000329025.1,GCA_000329025.1|ALFF01000049.1|3160-3852|-|g1705,VFDB,gb|NP_490508,99.1,100.0,Adherence,(pefD) plasmid-encoded fimbriae chaperone protein PefD,,,
GCA_010714675.1,GCA_010714675.1|DAATGB010000017.1|101618-102673|+|g2626,VFDB,gb|NP_459263,99.1,100.0,Effector delivery system,(STM0266) hypothetical protein,,,
GCA_011454775.1,GCA_011454775.1|AAQBFY010000001.1|525511-525834|+|g518,VFDB,gb|NP_460362,99.1,99.1,Effector delivery system,(sseA) chaperone for sseB and sseD,,,
GCA_006862905.1,GCA_006862905.1|AAGLPJ010000002.1|41863-42546|+|g447,VFDB,gb|NP_462663,99.1,98.3,Nutritional/Metabolic factor,(mgtC) Salmonella virulence protein MgtC,,,
GCA_010714675.1,GCA_010714675.1|DAATGB010000037.1|12157-13209|-|g4084,VFDB,gb|NP_461706,99.1,100.0,Effector delivery system,(pipB2) type III secretion system effector PipB3,,,
GCA_011457165.1,GCA_011457165.1|AAQBKM010000002.1|407460-410072|-|g891,VFDB,gb|NP_459541,99.1,100.0,Adherence,(fimD) usher protein FimD,,,
GCA_000258365.1,GCA_000258365.1|CP003416.1|1047106-1048161|-|g923,VFDB,gb|NP_459263,99.1,100.0,Effector delivery system,(STM0266) hypothetical protein,,,
GCA_008032345.1,GCA_008032345.1|AAJLMD010000011.1|11039-12091|-|g4066,VFDB,gb|NP_461706,99.1,100.0,Effector delivery system,(pipB2) type III secretion system effector PipB3,,,
GCA_010123345.1,GCA_010123345.1|DAAMFF010000002.1|63807-64817|-|g424,VFDB,gb|NP_461813,99.1,100.0,Effector delivery system,(invJ) type III secretion system needle length regulator InvJ,,,
GCA_000330625.1,GCA_000330625.1|ANOT01000034.1|229097-230089|+|g1734,VFDB,gb|NP_460377,99.1,97.6,Effector delivery system,(ssaL) type III secretion system gatekeeper SsaL,,,
GCA_006862905.1,GCA_006862905.1|AAGLPJ010000006.1|161311-161634|+|g1735,VFDB,gb|NP_460362,99.1,99.1,Effector delivery system,(sseA) chaperone for sseB and sseD,,,
GCA_000329025.1,GCA_000329025.1|ALFF01000026.1|22097-22420|-|g818,VFDB,gb|NP_460362,99.1,99.1,Effector delivery system,(sseA) chaperone for sseB and sseD,,,
GCA_010715595.1,GCA_010715595.1|DAATGU010000005.1|54259-54594|+|g1427,VFDB,gb|NP_461083.1,99.1,100.0,Effector delivery system,(steD) type III secretion system effector SteD,,,
GCA_008005965.1,GCA_008005965.1|AAJKJE010000001.1|606352-607026|+|g610,VFDB,gb|NP_460376,99.1,100.0,Effector delivery system,(ssaK) type III secretion system stator SsaK,,,
GCA_000258365.1,GCA_000258365.1|CP003416.1|2220229-2220552|+|g2065,VFDB,gb|NP_460362,99.1,99.1,Effector delivery system,(sseA) chaperone for sseB and sseD,,,
GCA_011454775.1,GCA_011454775.1|AAQBFY010000015.1|54482-55174|+|g4300,VFDB,gb|NP_490508,99.1,100.0,Adherence,(pefD) plasmid-encoded fimbriae chaperone protein PefD,,,
GCA_008032345.1,GCA_008032345.1|AAJLMD010000009.1|4707-6422|-|g3757,VFDB,gb|WP_001289222,99.1,100.0,Invasion,(pilQ) Flp pilus assembly complex ATPase component TadA,,,
GCA_008032345.1,GCA_008032345.1|AAJLMD010000001.1|160419-160742|+|g159,VFDB,gb|NP_460362,99.1,99.1,Effector delivery system,(sseA) chaperone for sseB and sseD,,,
GCA_011457165.1,GCA_011457165.1|AAQBKM010000010.1|47393-48076|+|g3105,VFDB,gb|NP_462663,99.1,98.3,Nutritional/Metabolic factor,(mgtC) Salmonella virulence protein MgtC,,,
GCA_010716035.1,GCA_010716035.1|DAATFR010000001.1|41797-42480|+|g43,VFDB,gb|NP_462663,99.1,98.3,Nutritional/Metabolic factor,(mgtC) Salmonella virulence protein MgtC,,,
GCA_008032345.1,GCA_008032345.1|AAJLMD010000001.1|174523-175491|+|g180,VFDB,gb|NP_460383,99.1,100.0,Effector delivery system,(ssaQ) type III secretion system C ring protein SsaQ,,,
GCA_010715595.1,GCA_010715595.1|DAATGU010000015.1|41688-42371|+|g3077,VFDB,gb|NP_462663,99.1,98.3,Nutritional/Metabolic factor,(mgtC) Salmonella virulence protein MgtC,,,
GCA_010715595.1,GCA_010715595.1|DAATGU010000003.1|258834-259157|+|g1052,VFDB,gb|NP_460362,99.1,99.1,Effector delivery system,(sseA) chaperone for sseB and sseD,,,
GCA_001448615.1,GCA_001448615.1|LHSQ01000005.1|396848-397531|-|g3920,VFDB,gb|NP_462663,99.1,98.3,Nutritional/Metabolic factor,(mgtC) Salmonella virulence protein MgtC,,,
GCA_008032345.1,GCA_008032345.1|AAJLMD010000001.1|168404-169078|+|g173,VFDB,gb|NP_460376,99.1,100.0,Effector delivery system,(ssaK) type III secretion system stator SsaK,,,
GCA_000329025.1,GCA_000329025.1|ALFF01000109.1|272144-272827|-|g4255,VFDB,gb|NP_462663,99.1,98.3,Nutritional/Metabolic factor,(mgtC) Salmonella virulence protein MgtC,,,
GCA_010123345.1,GCA_010123345.1|DAAMFF010000019.1|12129-13430|+|g2985,VFDB,gb|NP_460380,99.1,100.0,Effector delivery system,(ssaN) type III secretion system ATPase SsaN,,,
GCA_000812595.1,GCA_000812595.1|JRXC01000010.1|231347-231670|+|g305,VFDB,gb|NP_460362,99.1,99.1,Effector delivery system,(sseA) chaperone for sseB and sseD,,,
GCA_010123345.1,GCA_010123345.1|DAAMFF010000019.1|42-365|+|g2967,VFDB,gb|NP_460362,99.1,99.1,Effector delivery system,(sseA) chaperone for sseB and sseD,,,
GCA_000192125.1,GCA_000192125.1|CM001153.1|3853481-3854164|+|g3693,VFDB,gb|NP_462663,99.1,98.3,Nutritional/Metabolic factor,(mgtC) Salmonella virulence protein MgtC,,,
GCA_008032345.1,GCA_008032345.1|AAJLMD010000006.1|91666-98973|+|g3077,VFDB,gb|NP_461449,99.1,100.0,Adherence,(ratB) putative outer membrane protein,,,
GCA_010714675.1,GCA_010714675.1|DAATGB010000016.1|24387-24710|+|g2414,VFDB,gb|NP_460362,99.1,99.1,Effector delivery system,(sseA) chaperone for sseB and sseD,,,
GCA_000329025.1,GCA_000329025.1|ALFF01000076.1|3314-3964|-|g2930,VFDB,gb|NP_490527,99.1,100.0,Effector delivery system,(spvD) Salmonella plasmid virulence: hydrophilic protein,,,
GCA_005675415.1,GCA_005675415.1|AADNIJ010000001.1|259584-259907|+|g260,VFDB,gb|NP_460362,99.1,99.1,Effector delivery system,(sseA) chaperone for sseB and sseD,,,
GCA_011457165.1,GCA_011457165.1|AAQBKM010000004.1|382830-384137|-|g1862,VFDB,gb|NP_460380,99.1,99.5,Effector delivery system,(ssaN) type III secretion system ATPase SsaN,,,
GCA_011457165.1,GCA_011457165.1|AAQBKM010000004.1|386583-387575|-|g1865,VFDB,gb|NP_460377,99.1,97.6,Effector delivery system,(ssaL) type III secretion system gatekeeper SsaL,,,
GCA_000330625.1,GCA_000330625.1|ANOT01000034.1|220448-220771|+|g1719,VFDB,gb|NP_460362,99.1,99.1,Effector delivery system,(sseA) chaperone for sseB and sseD,,,
GCA_010123345.1,GCA_010123345.1|DAAMFF010000001.1|75888-76895|-|g73,VFDB,gb|NP_459542,99.1,100.0,Adherence,"(fimH) type I fimbriae minor fimbrial subunit FimH, adhesin",,,
GCA_010714675.1,GCA_010714675.1|DAATGB010000016.1|32372-33046|+|g2428,VFDB,gb|NP_460376,99.1,100.0,Effector delivery system,(ssaK) type III secretion system stator SsaK,,,
GCA_010716035.1,GCA_010716035.1|DAATFR010000029.1|25590-26585|+|g4319,VFDB,gb|NP_459264,99.1,100.0,Effector delivery system,(STM0267) sciB domain protein,,,
GCA_008005965.1,GCA_008005965.1|AAJKJE010000004.1|41654-42337|+|g2209,VFDB,gb|NP_462663,99.1,98.3,Nutritional/Metabolic factor,(mgtC) Salmonella virulence protein MgtC,,,
GCA_000812595.1,GCA_000812595.1|JRXC01000022.1|18051-19061|-|g2773,VFDB,gb|NP_463026,99.1,100.0,Effector delivery system,"(sseK1) type III secretion system effector SseK1, Arginine N-Glycosyltransferase",,,
GCA_008032345.1,GCA_008032345.1|AAJLMD010000007.1|91480-92130|-|g3419,VFDB,gb|NP_460113,99.1,100.0,Adherence,(csgD) DNA-binding transcriptional regulator CsgD,,,
GCA_001448615.1,GCA_001448615.1|LHSQ01000001.1|711371-711694|+|g699,VFDB,gb|NP_460362,99.1,99.1,Effector delivery system,(sseA) chaperone for sseB and sseD,,,
GCA_000812595.1,GCA_000812595.1|JRXC01000021.1|42382-43434|+|g2735,VFDB,gb|NP_461706,99.1,100.0,Effector delivery system,(pipB2) type III secretion system effector PipB3,,,
GCA_006862905.1,GCA_006862905.1|AAGLPJ010000027.1|31562-34195|+|g3741,VFDB,gb|NP_459541,99.1,99.2,Adherence,(fimD) usher protein FimD,,,
GCA_000812595.1,GCA_000812595.1|JRXC01000010.1|224579-227341|-|g300,VFDB,gb|NP_460357,99.1,100.0,Effector delivery system,(ssrA) hybrid sensor histidine kinase/response regulator,,,
GCA_008032345.1,GCA_008032345.1|AAJLMD010000017.1|10208-11263|-|g4534,VFDB,gb|NP_459263,99.1,100.0,Effector delivery system,(STM0266) hypothetical protein,,,
GCA_010715595.1,GCA_010715595.1|DAATGU010000001.1|223329-225941|-|g210,VFDB,gb|NP_459541,99.1,100.0,Adherence,(fimD) usher protein FimD,,,
GCA_011454775.1,GCA_011454775.1|AAQBFY010000015.1|38838-39488|+|g4281,VFDB,gb|NP_490527,99.1,100.0,Effector delivery system,(spvD) Salmonella plasmid virulence: hydrophilic protein,,,
GCA_000192125.1,GCA_000192125.1|CM001153.1|1778033-1778680|-|g1723,VFDB,gb|NP_460374,99.1,86.3,Effector delivery system,(ssaJ) type III secretion system inner MS ring protein SsaJ,,,
GCA_000258365.1,GCA_000258365.1|CP003416.1|3590907-3591959|-|g3353,VFDB,gb|NP_461706,99.1,100.0,Effector delivery system,(pipB2) type III secretion system effector PipB3,,,
GCA_011454775.1,GCA_011454775.1|AAQBFY010000010.1|41654-42337|+|g3855,VFDB,gb|NP_462663,99.1,98.3,Nutritional/Metabolic factor,(mgtC) Salmonella virulence protein MgtC,,,
GCA_005675415.1,GCA_005675415.1|AADNIJ010000001.1|268233-269225|+|g275,VFDB,gb|NP_460377,99.1,97.6,Effector delivery system,(ssaL) type III secretion system gatekeeper SsaL,,,
GCA_010123345.1,GCA_010123345.1|DAAMFF010000027.1|15167-16219|-|g3558,VFDB,gb|NP_461706,99.1,100.0,Effector delivery system,(pipB2) type III secretion system effector PipB3,,,
GCA_000330625.1,GCA_000330625.1|ANOT01000058.1|44099-45109|+|g4166,VFDB,gb|NP_461813,99.1,100.0,Effector delivery system,(invJ) type III secretion system needle length regulator InvJ,,,
GCA_000330625.1,GCA_000330625.1|ANOT01000058.1|36324-37073|+|g4159,VFDB,gb|NP_461820,99.1,86.7,Effector delivery system,(invF) type III secretion system regulatory protein InvF,,,
GCA_008005965.1,GCA_008005965.1|AAJKJE010000001.1|598370-598693|+|g596,VFDB,gb|NP_460362,99.1,99.1,Effector delivery system,(sseA) chaperone for sseB and sseD,,,
GCA_005675415.1,GCA_005675415.1|AADNIJ010000005.1|48975-49658|+|g2158,VFDB,gb|NP_462663,99.1,98.3,Nutritional/Metabolic factor,(mgtC) Salmonella virulence protein MgtC,,,
GCA_000330625.1,GCA_000330625.1|ANOT01000032.1|76788-77471|-|g1408,VFDB,gb|NP_462663,99.1,98.3,Nutritional/Metabolic factor,(mgtC) Salmonella virulence protein MgtC,,,
GCA_000329025.1,GCA_000329025.1|ALFF01000026.1|19573-21027|-|g815,VFDB,gb|NP_460365,99.0,100.0,Effector delivery system,"(sseC) type III secretion system hydrophilic translocator, pore protein SseC",,,
GCA_005675415.1,GCA_005675415.1|AADNIJ010000002.1|89010-89906|+|g955,VFDB,gb|NP_461708,99.0,100.0,Antimicrobial activity/Competitive advantage,(mig-14) antimicrobial peptide resistance protein Mig-14,,,
GCA_000192125.1,GCA_000192125.1|CM001153.1|2909799-2910710|-|g2806,VFDB,gb|NP_461812,99.0,100.0,Effector delivery system,(spaO/sctQ) type III secretion system C ring protein SpaO,,,
GCA_010123345.1,GCA_010123345.1|DAAMFF010000001.1|72268-72864|+|g68,VFDB,gb|NP_459547,99.0,100.0,Adherence,(fimW) helix-turn-helix transcriptional regulator,,,
GCA_010716035.1,GCA_010716035.1|DAATFR010000029.1|21490-22392|+|g4315,VFDB,gb|NP_459268,99.0,100.0,Effector delivery system,(STM0271) hypothetical protein,,,
GCA_000812595.1,GCA_000812595.1|JRXC01000025.1|3078-3674|+|g2955,VFDB,gb|NP_459547,99.0,100.0,Adherence,(fimW) helix-turn-helix transcriptional regulator,,,
GCA_011454775.1,GCA_011454775.1|AAQBFY010000001.1|526904-528358|+|g521,VFDB,gb|NP_460365,99.0,100.0,Effector delivery system,"(sseC) type III secretion system hydrophilic translocator, pore protein SseC",,,
GCA_010715595.1,GCA_010715595.1|DAATGU010000001.1|218687-219283|+|g205,VFDB,gb|NP_459547,99.0,100.0,Adherence,(fimW) helix-turn-helix transcriptional regulator,,,
GCA_010716035.1,GCA_010716035.1|DAATFR010000006.1|27615-28211|+|g1727,VFDB,gb|NP_459547,99.0,100.0,Adherence,(fimW) helix-turn-helix transcriptional regulator,,,
GCA_010715595.1,GCA_010715595.1|DAATGU010000001.1|518885-519787|+|g481,VFDB,gb|NP_459268,99.0,100.0,Effector delivery system,(STM0271) hypothetical protein,,,
GCA_010716035.1,GCA_010716035.1|DAATFR010000007.1|149392-151584|-|g2081,VFDB,gb|NP_461452,99.0,100.0,Adherence,(sinH) intimin-like protein,,,
GCA_010123345.1,GCA_010123345.1|DAAMFF010000001.1|76910-79522|-|g74,VFDB,gb|NP_459541,99.0,100.0,Adherence,(fimD) usher protein FimD,,,
GCA_000330625.1,GCA_000330625.1|ANOT01000046.1|60452-61048|-|g2781,VFDB,gb|NP_459547,99.0,100.0,Adherence,(fimW) helix-turn-helix transcriptional regulator,,,
GCA_000330625.1,GCA_000330625.1|ANOT01000048.1|9256-10152|-|g2907,VFDB,gb|NP_461708,99.0,100.0,Antimicrobial activity/Competitive advantage,(mig-14) antimicrobial peptide resistance protein Mig-14,,,
GCA_010714675.1,GCA_010714675.1|DAATGB010000028.1|25718-37192|+|g3530,VFDB,gb|WP_001237694.1,99.0,100.0,Adherence,(bapA) biofilm-associated protein BapA,,,
GCA_005675415.1,GCA_005675415.1|AADNIJ010000002.1|173906-174484|-|g1041,VFDB,gb|NP_461791,99.0,96.5,Effector delivery system,(orgA/sctK) type III secretion system accessory cytosolic protein OrgA,,,
GCA_005675415.1,GCA_005675415.1|AADNIJ010000003.1|118017-118613|+|g1489,VFDB,gb|NP_459547,99.0,100.0,Adherence,(fimW) helix-turn-helix transcriptional regulator,,,
GCA_008032345.1,GCA_008032345.1|AAJLMD010000001.1|160749-161339|+|g160,VFDB,gb|NP_460363,99.0,100.0,Effector delivery system,(sseB) type III secretion system effector SseB,,,
GCA_011457165.1,GCA_011457165.1|AAQBKM010000002.1|405232-405864|+|g888,VFDB,gb|NP_459544,99.0,100.0,Adherence,(fimZ) DNA-binding response regulator,,,
GCA_000330625.1,GCA_000330625.1|ANOT01000058.1|65350-65928|+|g4188,VFDB,gb|NP_461791,99.0,96.5,Effector delivery system,(orgA/sctK) type III secretion system accessory cytosolic protein OrgA,,,
GCA_010715595.1,GCA_010715595.1|DAATGU010000003.1|260227-261681|+|g1055,VFDB,gb|NP_460365,99.0,100.0,Effector delivery system,"(sseC) type III secretion system hydrophilic translocator, pore protein SseC",,,
GCA_006862905.1,GCA_006862905.1|AAGLPJ010000006.1|159584-160795|+|g1733,VFDB,gb|NP_460360,99.0,100.0,Effector delivery system,(ssaD) type III secretion system outer MS ring protein SsaD,,,
GCA_010714675.1,GCA_010714675.1|DAATGB010000010.1|106245-113552|+|g1749,VFDB,gb|NP_461449,99.0,100.0,Adherence,(ratB) putative outer membrane protein,,,
GCA_008005965.1,GCA_008005965.1|AAJKJE010000008.1|201788-204400|-|g3585,VFDB,gb|NP_459541,99.0,100.0,Adherence,(fimD) usher protein FimD,,,
GCA_010714675.1,GCA_010714675.1|DAATGB010000002.1|3758-4354|+|g269,VFDB,gb|NP_459547,99.0,100.0,Adherence,(fimW) helix-turn-helix transcriptional regulator,,,
GCA_008005965.1,GCA_008005965.1|AAJKJE010000002.1|480849-481760|+|g1532,VFDB,gb|NP_461812,99.0,100.0,Effector delivery system,(spaO/sctQ) type III secretion system C ring protein SpaO,,,
GCA_010123345.1,GCA_010123345.1|DAAMFF010000045.1|21176-22669|+|g4327,VFDB,gb|NP_460359,99.0,100.0,Effector delivery system,(ssaC) type III secretion system secretin SsaC,,,
GCA_000258365.1,GCA_000258365.1|CP003416.1|1394615-1395211|-|g1269,VFDB,gb|NP_459547,99.0,100.0,Adherence,(fimW) helix-turn-helix transcriptional regulator,,,
GCA_011457165.1,GCA_011457165.1|AAQBKM010000003.1|183364-183942|-|g1238,VFDB,gb|NP_461791,99.0,96.5,Effector delivery system,(orgA/sctK) type III secretion system accessory cytosolic protein OrgA,,,
GCA_011454775.1,GCA_011454775.1|AAQBFY010000002.1|528476-529387|+|g1951,VFDB,gb|NP_461812,99.0,100.0,Effector delivery system,(spaO/sctQ) type III secretion system C ring protein SpaO,,,
GCA_008005965.1,GCA_008005965.1|AAJKJE010000001.1|598700-599287|+|g597,VFDB,gb|NP_460363,99.0,99.5,Effector delivery system,(sseB) type III secretion system effector SseB,,,
GCA_000812595.1,GCA_000812595.1|JRXC01000012.1|61745-62323|+|g1346,VFDB,gb|NP_461791,99.0,96.5,Effector delivery system,(orgA/sctK) type III secretion system accessory cytosolic protein OrgA,,,
GCA_000330625.1,GCA_000330625.1|ANOT01000032.1|67041-69908|+|g1401,VFDB,gb|NP_462656,99.0,100.0,Adherence,(misL) putative autotransporter,,,
GCA_005675415.1,GCA_005675415.1|AADNIJ010000005.1|56538-59405|-|g2165,VFDB,gb|NP_462656,99.0,100.0,Adherence,(misL) putative autotransporter,,,
GCA_000258365.1,GCA_000258365.1|CP003416.1|3525367-3536841|+|g3309,VFDB,gb|WP_001237694.1,99.0,100.0,Adherence,(bapA) biofilm-associated protein BapA,,,
GCA_000812595.1,GCA_000812595.1|JRXC01000010.1|445345-445965|+|g515,VFDB,gb|NP_460561,99.0,65.2,Effector delivery system,(sifB) type III secretion system effector SifB (Salmonella induced filament protein B),,,
GCA_001448615.1,GCA_001448615.1|LHSQ01000006.1|102533-103444|-|g4072,VFDB,gb|NP_461812,99.0,100.0,Effector delivery system,(spaO/sctQ) type III secretion system C ring protein SpaO,,,
GCA_000258365.1,GCA_000258365.1|CP003416.1|3379887-3387194|-|g3189,VFDB,gb|NP_461449,99.0,100.0,Adherence,(ratB) putative outer membrane protein,,,
GCA_008005965.1,GCA_008005965.1|AAJKJE010000004.1|49136-51988|-|g2216,VFDB,gb|NP_462656,99.0,99.5,Adherence,(misL) putative autotransporter,,,
GCA_008032345.1,GCA_008032345.1|AAJLMD010000003.1|455803-456399|+|g2067,VFDB,gb|NP_459547,99.0,100.0,Adherence,(fimW) helix-turn-helix transcriptional regulator,,,
GCA_000329025.1,GCA_000329025.1|ALFF01000063.1|63788-64699|-|g2167,VFDB,gb|NP_461812,99.0,100.0,Effector delivery system,(spaO/sctQ) type III secretion system C ring protein SpaO,,,
GCA_010716035.1,GCA_010716035.1|DAATFR010000006.1|35636-36169|-|g1735,VFDB,gb|NP_459539,98.9,100.0,Adherence,(fimI) fimbrial protein internal segment,,,
GCA_000330625.1,GCA_000330625.1|ANOT01000046.1|51862-52419|+|g2772,VFDB,gb|NP_459538,98.9,100.0,Adherence,(fimA) type-1 fimbrial protein subunit A,,,
GCA_011457165.1,GCA_011457165.1|AAQBKM010000015.1|106085-106627|-|g3867,VFDB,gb|NP_459270,98.9,100.0,Effector delivery system,(STM0273) type VI secretion system-associated protein,,,
GCA_000192125.1,GCA_000192125.1|CM001153.1|602601-603134|+|g571,VFDB,gb|NP_459539,98.9,100.0,Adherence,(fimI) fimbrial protein internal segment,,,
GCA_000330625.1,GCA_000330625.1|ANOT01000046.1|52494-53027|+|g2773,VFDB,gb|NP_459539,98.9,100.0,Adherence,(fimI) fimbrial protein internal segment,,,
GCA_000812595.1,GCA_000812595.1|JRXC01000005.1|24548-25090|+|g3727,VFDB,gb|NP_459270,98.9,100.0,Effector delivery system,(STM0273) type VI secretion system-associated protein,,,
GCA_000329025.1,GCA_000329025.1|ALFF01000042.1|125298-125831|-|g1375,VFDB,gb|NP_459539,98.9,100.0,Adherence,(fimI) fimbrial protein internal segment,,,
GCA_008032345.1,GCA_008032345.1|AAJLMD010000001.1|153652-156414|-|g154,VFDB,gb|NP_460357,98.9,100.0,Effector delivery system,(ssrA) hybrid sensor histidine kinase/response regulator,,,
GCA_010123345.1,GCA_010123345.1|DAAMFF010000001.1|368107-368649|-|g340,VFDB,gb|NP_459270,98.9,100.0,Effector delivery system,(STM0273) type VI secretion system-associated protein,,,
GCA_001448615.1,GCA_001448615.1|LHSQ01000002.1|539955-540491|-|g2460,VFDB,gb|NP_459270,98.9,98.9,Effector delivery system,(STM0273) type VI secretion system-associated protein,,,
GCA_010714675.1,GCA_010714675.1|DAATGB010000017.1|92863-93405|-|g2619,VFDB,gb|NP_459270,98.9,100.0,Effector delivery system,(STM0273) type VI secretion system-associated protein,,,
GCA_008032345.1,GCA_008032345.1|AAJLMD010000017.1|19838-20380|+|g4543,VFDB,gb|NP_459270,98.9,100.0,Effector delivery system,(STM0273) type VI secretion system-associated protein,,,
GCA_006862905.1,GCA_006862905.1|AAGLPJ010000028.1|30352-31407|+|g3777,VFDB,gb|NP_459263,98.9,100.0,Effector delivery system,(STM0266) hypothetical protein,,,
GCA_000812595.1,GCA_000812595.1|JRXC01000025.1|11099-11632|-|g2962,VFDB,gb|NP_459539,98.9,100.0,Adherence,(fimI) fimbrial protein internal segment,,,
GCA_001448615.1,GCA_001448615.1|LHSQ01000001.1|727155-727421|+|g722,VFDB,gb|NP_460385,98.9,100.0,Effector delivery system,(ssaS) type III secretion system minor export apparatus protein SsaS,,,
GCA_001448615.1,GCA_001448615.1|LHSQ01000001.1|728198-729256|+|g724,VFDB,gb|NP_460387,98.9,100.0,Effector delivery system,(ssaU) type III secretion system export apparatus switch protein SsaU,,,
GCA_000812595.1,GCA_000812595.1|JRXC01000005.1|19728-20552|-|g3724,VFDB,gb|NP_459267,98.9,100.0,Effector delivery system,(STM0270) impE family protein,,,
GCA_010123345.1,GCA_010123345.1|DAAMFF010000016.1|44486-45859|-|g2741,VFDB,gb|NP_460656,98.9,100.0,Effector delivery system,"(steC) type III secretion system effector SteC (Salmonella translocated effector C), kinase",,,
GCA_008032345.1,GCA_008032345.1|AAJLMD010000014.1|25872-37346|+|g4367,VFDB,gb|WP_001237694.1,98.9,100.0,Adherence,(bapA) biofilm-associated protein BapA,,,
GCA_010715595.1,GCA_010715595.1|DAATGU010000001.1|226708-227241|-|g212,VFDB,gb|NP_459539,98.9,100.0,Adherence,(fimI) fimbrial protein internal segment,,,
GCA_008005965.1,GCA_008005965.1|AAJKJE010000009.1|245151-246206|+|g3864,VFDB,gb|NP_459263,98.9,100.0,Effector delivery system,(STM0266) hypothetical protein,,,
GCA_005675415.1,GCA_005675415.1|AADNIJ010000003.1|126646-127203|-|g1498,VFDB,gb|NP_459538,98.9,100.0,Adherence,(fimA) type-1 fimbrial protein subunit A,,,
GCA_000812595.1,GCA_000812595.1|JRXC01000025.1|7720-10332|-|g2960,VFDB,gb|NP_459541,98.9,100.0,Adherence,(fimD) usher protein FimD,,,
GCA_010714675.1,GCA_010714675.1|DAATGB010000016.1|41214-42272|+|g2439,VFDB,gb|NP_460387,98.9,100.0,Effector delivery system,(ssaU) type III secretion system export apparatus switch protein SsaU,,,
GCA_011454775.1,GCA_011454775.1|AAQBFY010000003.1|477590-477862|-|g2548,VFDB,gb|NP_459285,98.9,65.2,Effector delivery system,(STM0287) putative periplasmic protein,,,
GCA_011454775.1,GCA_011454775.1|AAQBFY010000003.1|478673-479728|+|g2550,VFDB,gb|NP_459263,98.9,100.0,Effector delivery system,(STM0266) hypothetical protein,,,
GCA_011454775.1,GCA_011454775.1|AAQBFY010000003.1|204600-205133|-|g2292,VFDB,gb|NP_459539,98.9,100.0,Adherence,(fimI) fimbrial protein internal segment,,,
GCA_000329025.1,GCA_000329025.1|ALFF01000106.1|2250-2522|-|g3962,VFDB,gb|NP_459285,98.9,65.2,Effector delivery system,(STM0287) putative periplasmic protein,,,
GCA_008005965.1,GCA_008005965.1|AAJKJE010000008.1|205167-205700|-|g3587,VFDB,gb|NP_459539,98.9,100.0,Adherence,(fimI) fimbrial protein internal segment,,,
GCA_000329025.1,GCA_000329025.1|ALFF01000106.1|3333-4388|+|g3964,VFDB,gb|NP_459263,98.9,100.0,Effector delivery system,(STM0266) hypothetical protein,,,
GCA_005675415.1,GCA_005675415.1|AADNIJ010000003.1|126038-126571|-|g1497,VFDB,gb|NP_459539,98.9,100.0,Adherence,(fimI) fimbrial protein internal segment,,,
GCA_006862905.1,GCA_006862905.1|AAGLPJ010000028.1|21597-22139|-|g3770,VFDB,gb|NP_459270,98.9,100.0,Effector delivery system,(STM0273) type VI secretion system-associated protein,,,
GCA_000258365.1,GCA_000258365.1|CP003416.1|1056374-1056916|+|g930,VFDB,gb|NP_459270,98.9,100.0,Effector delivery system,(STM0273) type VI secretion system-associated protein,,,
GCA_011457165.1,GCA_011457165.1|AAQBKM010000004.1|378333-379391|-|g1855,VFDB,gb|NP_460387,98.9,100.0,Effector delivery system,(ssaU) type III secretion system export apparatus switch protein SsaU,,,
GCA_000258365.1,GCA_000258365.1|CP003416.1|2237058-2238116|+|g2090,VFDB,gb|NP_460387,98.9,100.0,Effector delivery system,(ssaU) type III secretion system export apparatus switch protein SsaU,,,
GCA_000192125.1,GCA_000192125.1|CM001153.1|1769405-1769671|-|g1712,VFDB,gb|NP_460385,98.9,100.0,Effector delivery system,(ssaS) type III secretion system minor export apparatus protein SsaS,,,
GCA_000192125.1,GCA_000192125.1|CM001153.1|3989703-3990227|+|g3819,VFDB,gb|NP_462541,98.9,97.8,Adherence,(lpfA) long polar fimbria protein LpfA,,,
GCA_010714675.1,GCA_010714675.1|DAATGB010000002.1|11779-12312|-|g278,VFDB,gb|NP_459539,98.9,100.0,Adherence,(fimI) fimbrial protein internal segment,,,
GCA_000258365.1,GCA_000258365.1|CP003416.1|1386656-1387189|+|g1261,VFDB,gb|NP_459539,98.9,100.0,Adherence,(fimI) fimbrial protein internal segment,,,
GCA_010715595.1,GCA_010715595.1|DAATGU010000001.1|515236-515778|-|g479,VFDB,gb|NP_459270,98.9,100.0,Effector delivery system,(STM0273) type VI secretion system-associated protein,,,
GCA_000329025.1,GCA_000329025.1|ALFF01000026.1|12779-13771|-|g803,VFDB,gb|NP_460377,98.8,97.6,Effector delivery system,(ssaL) type III secretion system gatekeeper SsaL,,,
GCA_008005965.1,GCA_008005965.1|AAJKJE010000002.1|479839-480849|+|g1531,VFDB,gb|NP_461813,98.8,100.0,Effector delivery system,(invJ) type III secretion system needle length regulator InvJ,,,
GCA_011457165.1,GCA_011457165.1|AAQBKM010000002.1|405910-406428|-|g889,VFDB,gb|NP_459543,98.8,100.0,Adherence,(fimF) type I fimbriae adaptor protein FimF,,,
GCA_001448615.1,GCA_001448615.1|LHSQ01000001.1|309945-312293|-|g280,VFDB,gb|NP_461011,98.8,100.0,Effector delivery system,"(sopA) type III secretion system effector SopA, HECT-like E3 ubiquitin ligase",,,
GCA_011454775.1,GCA_011454775.1|AAQBFY010000001.1|541562-542341|+|g542,VFDB,gb|NP_460386,98.8,100.0,Effector delivery system,(ssaT) type III secretion system minor export apparatus protein SsaT,,,
GCA_011457165.1,GCA_011457165.1|AAQBKM010000003.1|190473-190955|+|g1245,VFDB,gb|NP_461798,98.8,100.0,Effector delivery system,(iagB) invasion protein IagB,,,
GCA_011454775.1,GCA_011454775.1|AAQBFY010000002.1|539062-539310|+|g1961,VFDB,gb|NP_461802,98.8,100.0,Effector delivery system,(iacP) putative acyl carrier protein,,,
GCA_008032345.1,GCA_008032345.1|AAJLMD010000001.1|161812-163266|+|g162,VFDB,gb|NP_460365,98.8,100.0,Effector delivery system,"(sseC) type III secretion system hydrophilic translocator, pore protein SseC",,,
GCA_011457165.1,GCA_011457165.1|AAQBKM010000005.1|341126-342337|+|g2214,VFDB,gb|NP_460360,98.8,100.0,Effector delivery system,(ssaD) type III secretion system outer MS ring protein SsaD,,,
GCA_010715595.1,GCA_010715595.1|DAATGU010000003.1|258325-258567|+|g1051,VFDB,gb|NP_460361,98.8,100.0,Effector delivery system,(ssaE) chaperone for sseB,,,
GCA_010715595.1,GCA_010715595.1|DAATGU010000003.1|267483-268475|+|g1067,VFDB,gb|NP_460377,98.8,97.6,Effector delivery system,(ssaL) type III secretion system gatekeeper SsaL,,,
GCA_010715595.1,GCA_010715595.1|DAATGU010000003.1|37034-37816|+|g838,VFDB,gb|WP_008500810.1,98.8,100.0,Motility,(flgG) flagellar basal-body rod protein FlgG,,,
GCA_000330625.1,GCA_000330625.1|ANOT01000058.1|55695-55943|+|g4177,VFDB,gb|NP_461802,98.8,100.0,Effector delivery system,(iacP) putative acyl carrier protein,,,
GCA_010716035.1,GCA_010716035.1|DAATFR010000017.1|56217-57248|-|g3549,VFDB,gb|NP_461804,98.8,100.0,Effector delivery system,"(sipD) type III secretion system hydrophilic translocator, needle tip protein SipD",,,
GCA_010716035.1,GCA_010716035.1|DAATFR010000023.1|67533-70295|-|g4027,VFDB,gb|NP_460357,98.8,100.0,Effector delivery system,(ssrA) hybrid sensor histidine kinase/response regulator,,,
GCA_008005965.1,GCA_008005965.1|AAJKJE010000001.1|367120-367902|+|g374,VFDB,gb|WP_008500810.1,98.8,100.0,Motility,(flgG) flagellar basal-body rod protein FlgG,,,
GCA_010715595.1,GCA_010715595.1|DAATGU010000021.1|55035-66509|+|g3688,VFDB,gb|WP_001237694.1,98.8,100.0,Adherence,(bapA) biofilm-associated protein BapA,,,
GCA_000330625.1,GCA_000330625.1|ANOT01000033.1|37937-38719|+|g1504,VFDB,gb|WP_008500810.1,98.8,100.0,Motility,(flgG) flagellar basal-body rod protein FlgG,,,
GCA_008032345.1,GCA_008032345.1|AAJLMD010000001.1|169068-170060|+|g174,VFDB,gb|NP_460377,98.8,97.6,Effector delivery system,(ssaL) type III secretion system gatekeeper SsaL,,,
GCA_001448615.1,GCA_001448615.1|LHSQ01000006.1|92610-92858|-|g4062,VFDB,gb|NP_461802,98.8,100.0,Effector delivery system,(iacP) putative acyl carrier protein,,,
GCA_006862905.1,GCA_006862905.1|AAGLPJ010000007.1|26023-37497|+|g1821,VFDB,gb|WP_001237694.1,98.8,100.0,Adherence,(bapA) biofilm-associated protein BapA,,,
GCA_010123345.1,GCA_010123345.1|DAAMFF010000045.1|23869-24111|+|g4329,VFDB,gb|NP_460361,98.8,100.0,Effector delivery system,(ssaE) chaperone for sseB,,,
GCA_010714675.1,GCA_010714675.1|DAATGB010000002.1|4846-5568|+|g271,VFDB,gb|NP_459545,98.8,100.0,Adherence,(fimY) fimbriae Y protein,,,
GCA_010123345.1,GCA_010123345.1|DAAMFF010000033.1|25788-37262|+|g3902,VFDB,gb|WP_001237694.1,98.8,100.0,Adherence,(bapA) biofilm-associated protein BapA,,,
GCA_010716035.1,GCA_010716035.1|DAATFR010000002.1|396886-397854|-|g767,VFDB,gb|NP_460383,98.8,100.0,Effector delivery system,(ssaQ) type III secretion system C ring protein SsaQ,,,
GCA_000258365.1,GCA_000258365.1|CP003416.1|2236282-2237061|+|g2089,VFDB,gb|NP_460386,98.8,100.0,Effector delivery system,(ssaT) type III secretion system minor export apparatus protein SsaT,,,
GCA_000474395.1,GCA_000474395.1|AUQU01000012.1|227804-228586|+|g1873,VFDB,gb|WP_008500810.1,98.8,100.0,Motility,(flgG) flagellar basal-body rod protein FlgG,,,
GCA_000258365.1,GCA_000258365.1|CP003416.1|1390583-1391590|+|g1264,VFDB,gb|NP_459542,98.8,100.0,Adherence,"(fimH) type I fimbriae minor fimbrial subunit FimH, adhesin",,,
GCA_000258365.1,GCA_000258365.1|CP003416.1|1393401-1394123|-|g1267,VFDB,gb|NP_459545,98.8,100.0,Adherence,(fimY) fimbriae Y protein,,,
GCA_010716035.1,GCA_010716035.1|DAATFR010000023.1|72573-73784|+|g4030,VFDB,gb|NP_460360,98.8,100.0,Effector delivery system,(ssaD) type III secretion system outer MS ring protein SsaD,,,
GCA_010716035.1,GCA_010716035.1|DAATFR010000023.1|73792-74034|+|g4031,VFDB,gb|NP_460361,98.8,100.0,Effector delivery system,(ssaE) chaperone for sseB,,,
GCA_010716035.1,GCA_010716035.1|DAATFR010000025.1|56989-57996|-|g4157,VFDB,gb|NP_461081,98.8,96.3,Effector delivery system,(sseK2) type III secretion system effector SseK2,,,
GCA_008032345.1,GCA_008032345.1|AAJLMD010000003.1|456891-457613|+|g2069,VFDB,gb|NP_459545,98.8,100.0,Adherence,(fimY) fimbriae Y protein,,,
GCA_001448615.1,GCA_001448615.1|LHSQ01000001.1|720020-721012|+|g714,VFDB,gb|NP_460377,98.8,97.6,Effector delivery system,(ssaL) type III secretion system gatekeeper SsaL,,,
GCA_000330625.1,GCA_000330625.1|ANOT01000058.1|52569-53600|+|g4175,VFDB,gb|NP_461804,98.8,100.0,Effector delivery system,"(sipD) type III secretion system hydrophilic translocator, needle tip protein SipD",,,
GCA_006862905.1,GCA_006862905.1|AAGLPJ010000007.1|154047-154295|-|g1932,VFDB,gb|NP_461802,98.8,100.0,Effector delivery system,(iacP) putative acyl carrier protein,,,
GCA_000812595.1,GCA_000812595.1|JRXC01000010.1|238020-238769|+|g317,VFDB,gb|NP_460374,98.8,100.0,Effector delivery system,(ssaJ) type III secretion system inner MS ring protein SsaJ,,,
GCA_000812595.1,GCA_000812595.1|JRXC01000010.1|239996-240988|+|g320,VFDB,gb|NP_460377,98.8,97.6,Effector delivery system,(ssaL) type III secretion system gatekeeper SsaL,,,
GCA_000812595.1,GCA_000812595.1|JRXC01000010.1|13434-14216|+|g93,VFDB,gb|WP_008500810.1,98.8,100.0,Motility,(flgG) flagellar basal-body rod protein FlgG,,,
GCA_000812595.1,GCA_000812595.1|JRXC01000010.1|230838-231080|+|g304,VFDB,gb|NP_460361,98.8,100.0,Effector delivery system,(ssaE) chaperone for sseB,,,
GCA_000329025.1,GCA_000329025.1|ALFF01000114.1|38657-39439|-|g4365,VFDB,gb|WP_008500810.1,98.8,100.0,Motility,(flgG) flagellar basal-body rod protein FlgG,,,
GCA_011454775.1,GCA_011454775.1|AAQBFY010000002.1|527466-528476|+|g1950,VFDB,gb|NP_461813,98.8,100.0,Effector delivery system,(invJ) type III secretion system needle length regulator InvJ,,,
GCA_000258365.1,GCA_000258365.1|CP003416.1|1997260-1998042|+|g1851,VFDB,gb|WP_008500810.1,98.8,100.0,Motility,(flgG) flagellar basal-body rod protein FlgG,,,
GCA_010716035.1,GCA_010716035.1|DAATFR010000017.1|50997-51479|+|g3543,VFDB,gb|NP_461798,98.8,100.0,Effector delivery system,(iagB) invasion protein IagB,,,
GCA_010716035.1,GCA_010716035.1|DAATFR010000017.1|53874-54122|-|g3547,VFDB,gb|NP_461802,98.8,100.0,Effector delivery system,(iacP) putative acyl carrier protein,,,
GCA_008032345.1,GCA_008032345.1|AAJLMD010000001.1|167092-167841|+|g171,VFDB,gb|NP_460374,98.8,100.0,Effector delivery system,(ssaJ) type III secretion system inner MS ring protein SsaJ,,,
GCA_000330625.1,GCA_000330625.1|ANOT01000034.1|227121-227870|+|g1731,VFDB,gb|NP_460374,98.8,100.0,Effector delivery system,(ssaJ) type III secretion system inner MS ring protein SsaJ,,,
GCA_010123345.1,GCA_010123345.1|DAAMFF010000019.1|6715-7464|+|g2979,VFDB,gb|NP_460374,98.8,100.0,Effector delivery system,(ssaJ) type III secretion system inner MS ring protein SsaJ,,,
GCA_010123345.1,GCA_010123345.1|DAAMFF010000019.1|8691-9683|+|g2982,VFDB,gb|NP_460377,98.8,97.6,Effector delivery system,(ssaL) type III secretion system gatekeeper SsaL,,,
GCA_000812595.1,GCA_000812595.1|JRXC01000010.1|232740-234194|+|g308,VFDB,gb|NP_460365,98.8,100.0,Effector delivery system,"(sseC) type III secretion system hydrophilic translocator, pore protein SseC",,,
GCA_000812595.1,GCA_000812595.1|JRXC01000012.1|52088-52336|+|g1335,VFDB,gb|NP_461802,98.8,100.0,Effector delivery system,(iacP) putative acyl carrier protein,,,
GCA_006862905.1,GCA_006862905.1|AAGLPJ010000016.1|31212-31994|+|g2991,VFDB,gb|WP_008500810.1,98.8,100.0,Motility,(flgG) flagellar basal-body rod protein FlgG,,,
GCA_005675415.1,GCA_005675415.1|AADNIJ010000001.1|257857-259068|+|g258,VFDB,gb|NP_460360,98.8,100.0,Effector delivery system,(ssaD) type III secretion system outer MS ring protein SsaD,,,
GCA_005675415.1,GCA_005675415.1|AADNIJ010000001.1|259076-259318|+|g259,VFDB,gb|NP_460361,98.8,100.0,Effector delivery system,(ssaE) chaperone for sseB,,,
GCA_005675415.1,GCA_005675415.1|AADNIJ010000001.1|37101-37883|+|g46,VFDB,gb|WP_008500810.1,98.8,100.0,Motility,(flgG) flagellar basal-body rod protein FlgG,,,
GCA_000192125.1,GCA_000192125.1|CM001153.1|1775814-1776806|-|g1720,VFDB,gb|NP_460377,98.8,97.6,Effector delivery system,(ssaL) type III secretion system gatekeeper SsaL,,,
GCA_011454775.1,GCA_011454775.1|AAQBFY010000003.1|200199-201206|-|g2289,VFDB,gb|NP_459542,98.8,100.0,Adherence,"(fimH) type I fimbriae minor fimbrial subunit FimH, adhesin",,,
GCA_000330625.1,GCA_000330625.1|ANOT01000034.1|218721-219932|+|g1717,VFDB,gb|NP_460360,98.8,100.0,Effector delivery system,(ssaD) type III secretion system outer MS ring protein SsaD,,,
GCA_000330625.1,GCA_000330625.1|ANOT01000034.1|219940-220182|+|g1718,VFDB,gb|NP_460361,98.8,100.0,Effector delivery system,(ssaE) chaperone for sseB,,,
GCA_010123015.1,GCA_010123015.1|DAAMFD010000019.1|37129-37911|+|g3453,VFDB,gb|WP_008500810.1,98.8,100.0,Motility,(flgG) flagellar basal-body rod protein FlgG,,,
GCA_010123345.1,GCA_010123345.1|DAAMFF010000001.1|73356-74078|+|g70,VFDB,gb|NP_459545,98.8,100.0,Adherence,(fimY) fimbriae Y protein,,,
GCA_000192125.1,GCA_000192125.1|CM001153.1|2910710-2911720|-|g2807,VFDB,gb|NP_461813,98.8,100.0,Effector delivery system,(invJ) type III secretion system needle length regulator InvJ,,,
GCA_008032345.1,GCA_008032345.1|AAJLMD010000007.1|2065-3033|+|g3334,VFDB,gb|NP_460026,98.8,100.0,Effector delivery system,"(sseI/srfH) type III secretion system effector SseI/SrfH (SsrB regulated factor H), deamidase",,,
GCA_000812595.1,GCA_000812595.1|JRXC01000012.1|40492-41502|+|g1324,VFDB,gb|NP_461813,98.8,100.0,Effector delivery system,(invJ) type III secretion system needle length regulator InvJ,,,
GCA_010714675.1,GCA_010714675.1|DAATGB010000016.1|23878-24120|+|g2413,VFDB,gb|NP_460361,98.8,100.0,Effector delivery system,(ssaE) chaperone for sseB,,,
GCA_010714675.1,GCA_010714675.1|DAATGB010000015.1|53863-54111|-|g2329,VFDB,gb|NP_461802,98.8,100.0,Effector delivery system,(iacP) putative acyl carrier protein,,,
GCA_010714675.1,GCA_010714675.1|DAATGB010000015.1|64697-65707|-|g2340,VFDB,gb|NP_461813,98.8,100.0,Effector delivery system,(invJ) type III secretion system needle length regulator InvJ,,,
GCA_000812595.1,GCA_000812595.1|JRXC01000012.1|65027-65782|+|g1350,VFDB,gb|NP_461787,98.8,100.0,Effector delivery system,(sprB) transcriptional regulator,,,
GCA_010714675.1,GCA_010714675.1|DAATGB010000016.1|30800-31063|+|g2425,VFDB,gb|NP_460373,98.8,94.3,Effector delivery system,(ssaI) type III secretion system inner rod protein SsaI,,,
GCA_000329025.1,GCA_000329025.1|ALFF01000063.1|53865-54113|-|g2157,VFDB,gb|NP_461802,98.8,100.0,Effector delivery system,(iacP) putative acyl carrier protein,,,
GCA_010714675.1,GCA_010714675.1|DAATGB010000016.1|31060-31809|+|g2426,VFDB,gb|NP_460374,98.8,100.0,Effector delivery system,(ssaJ) type III secretion system inner MS ring protein SsaJ,,,
GCA_010714675.1,GCA_010714675.1|DAATGB010000016.1|40438-41217|+|g2438,VFDB,gb|NP_460386,98.8,100.0,Effector delivery system,(ssaT) type III secretion system minor export apparatus protein SsaT,,,
GCA_000329025.1,GCA_000329025.1|ALFF01000063.1|64699-65709|-|g2168,VFDB,gb|NP_461813,98.8,100.0,Effector delivery system,(invJ) type III secretion system needle length regulator InvJ,,,
GCA_011454775.1,GCA_011454775.1|AAQBFY010000001.1|296806-297588|+|g299,VFDB,gb|WP_008500810.1,98.8,100.0,Motility,(flgG) flagellar basal-body rod protein FlgG,,,
GCA_000812595.1,GCA_000812595.1|JRXC01000020.1|17325-28799|-|g2655,VFDB,gb|WP_001237694.1,98.8,100.0,Adherence,(bapA) biofilm-associated protein BapA,,,
GCA_000812595.1,GCA_000812595.1|JRXC01000025.1|6170-6688|-|g2958,VFDB,gb|NP_459543,98.8,100.0,Adherence,(fimF) type I fimbriae adaptor protein FimF,,,
GCA_008032345.1,GCA_008032345.1|AAJLMD010000007.1|123559-124341|+|g3456,VFDB,gb|WP_008500810.1,98.8,100.0,Motility,(flgG) flagellar basal-body rod protein FlgG,,,
GCA_008005965.1,GCA_008005965.1|AAJKJE010000002.1|491435-491683|+|g1542,VFDB,gb|NP_461802,98.8,100.0,Effector delivery system,(iacP) putative acyl carrier protein,,,
GCA_010716035.1,GCA_010716035.1|DAATFR010000002.1|404536-405285|-|g776,VFDB,gb|NP_460374,98.8,100.0,Effector delivery system,(ssaJ) type III secretion system inner MS ring protein SsaJ,,,
GCA_000258365.1,GCA_000258365.1|CP003416.1|2226643-2226906|+|g2077,VFDB,gb|NP_460373,98.8,94.3,Effector delivery system,(ssaI) type III secretion system inner rod protein SsaI,,,
GCA_001448615.1,GCA_001448615.1|LHSQ01000001.1|727422-728201|+|g723,VFDB,gb|NP_460386,98.8,100.0,Effector delivery system,(ssaT) type III secretion system minor export apparatus protein SsaT,,,
GCA_010714675.1,GCA_010714675.1|DAATGB010000017.1|98222-98716|+|g2623,VFDB,gb|NP_459266,98.8,100.0,Effector delivery system,(STM0269) hypothetical protein,,,
GCA_000192125.1,GCA_000192125.1|CM001153.1|1785661-1785903|-|g1736,VFDB,gb|NP_460361,98.8,100.0,Effector delivery system,(ssaE) chaperone for sseB,,,
GCA_011457165.1,GCA_011457165.1|AAQBKM010000003.1|179895-180650|-|g1234,VFDB,gb|NP_461787,98.8,100.0,Effector delivery system,(sprB) transcriptional regulator,,,
GCA_010714675.1,GCA_010714675.1|DAATGB010000030.1|37012-37794|+|g3673,VFDB,gb|WP_008500810.1,98.8,100.0,Motility,(flgG) flagellar basal-body rod protein FlgG,,,
GCA_000329025.1,GCA_000329025.1|ALFF01000042.1|120897-121904|-|g1372,VFDB,gb|NP_459542,98.8,100.0,Adherence,"(fimH) type I fimbriae minor fimbrial subunit FimH, adhesin",,,
GCA_001448615.1,GCA_001448615.1|LHSQ01000002.1|239580-240302|+|g2178,VFDB,gb|NP_459545,98.8,100.0,Adherence,(fimY) fimbriae Y protein,,,
GCA_010716035.1,GCA_010716035.1|DAATFR010000010.1|36973-37755|+|g2614,VFDB,gb|WP_008500810.1,98.8,100.0,Motility,(flgG) flagellar basal-body rod protein FlgG,,,
GCA_010123345.1,GCA_010123345.1|DAAMFF010000002.1|52973-53221|-|g413,VFDB,gb|NP_461802,98.8,100.0,Effector delivery system,(iacP) putative acyl carrier protein,,,
GCA_010123345.1,GCA_010123345.1|DAAMFF010000007.1|167282-168064|+|g1713,VFDB,gb|WP_008500810.1,98.8,100.0,Motility,(flgG) flagellar basal-body rod protein FlgG,,,
GCA_005675415.1,GCA_005675415.1|AADNIJ010000001.1|266257-267006|+|g272,VFDB,gb|NP_460374,98.8,100.0,Effector delivery system,(ssaJ) type III secretion system inner MS ring protein SsaJ,,,
GCA_006862905.1,GCA_006862905.1|AAGLPJ010000006.1|154544-157306|-|g1730,VFDB,gb|NP_460357,98.8,100.0,Effector delivery system,(ssrA) hybrid sensor histidine kinase/response regulator,,,
GCA_008005965.1,GCA_008005965.1|AAJKJE010000009.1|241755-242249|+|g3861,VFDB,gb|NP_459266,98.8,100.0,Effector delivery system,(STM0269) hypothetical protein,,,
GCA_008005965.1,GCA_008005965.1|AAJKJE010000009.1|244145-245140|+|g3863,VFDB,gb|NP_459264,98.8,100.0,Effector delivery system,(STM0267) sciB domain protein,,,
GCA_000258365.1,GCA_000258365.1|CP003416.1|1051063-1051557|-|g926,VFDB,gb|NP_459266,98.8,100.0,Effector delivery system,(STM0269) hypothetical protein,,,
GCA_011454775.1,GCA_011454775.1|AAQBFY010000001.1|534160-535152|+|g533,VFDB,gb|NP_460377,98.8,97.6,Effector delivery system,(ssaL) type III secretion system gatekeeper SsaL,,,
GCA_011457165.1,GCA_011457165.1|AAQBKM010000005.1|114459-115241|+|g1990,VFDB,gb|WP_008500810.1,98.8,100.0,Motility,(flgG) flagellar basal-body rod protein FlgG,,,
GCA_005675415.1,GCA_005675415.1|AADNIJ010000002.1|183891-184139|-|g1052,VFDB,gb|NP_461802,98.8,100.0,Effector delivery system,(iacP) putative acyl carrier protein,,,
GCA_005675415.1,GCA_005675415.1|AADNIJ010000002.1|186234-187265|-|g1054,VFDB,gb|NP_461804,98.8,100.0,Effector delivery system,"(sipD) type III secretion system hydrophilic translocator, needle tip protein SipD",,,
GCA_000258365.1,GCA_000258365.1|CP003416.1|3688522-3688770|-|g3453,VFDB,gb|NP_461802,98.8,100.0,Effector delivery system,(iacP) putative acyl carrier protein,,,
GCA_000258365.1,GCA_000258365.1|CP003416.1|3699357-3700367|-|g3464,VFDB,gb|NP_461813,98.8,100.0,Effector delivery system,(invJ) type III secretion system needle length regulator InvJ,,,
GCA_008032345.1,GCA_008032345.1|AAJLMD010000011.1|119220-120230|-|g4177,VFDB,gb|NP_461813,98.8,100.0,Effector delivery system,(invJ) type III secretion system needle length regulator InvJ,,,
GCA_008032345.1,GCA_008032345.1|AAJLMD010000011.1|108386-108634|-|g4166,VFDB,gb|NP_461802,98.8,100.0,Effector delivery system,(iacP) putative acyl carrier protein,,,
GCA_008005965.1,GCA_008005965.1|AAJKJE010000001.1|614418-615197|+|g620,VFDB,gb|NP_460386,98.8,100.0,Effector delivery system,(ssaT) type III secretion system minor export apparatus protein SsaT,,,
GCA_010715595.1,GCA_010715595.1|DAATGU010000003.1|274885-275664|+|g1076,VFDB,gb|NP_460386,98.8,100.0,Effector delivery system,(ssaT) type III secretion system minor export apparatus protein SsaT,,,
GCA_010715595.1,GCA_010715595.1|DAATGU010000001.1|222307-223314|-|g209,VFDB,gb|NP_459542,98.8,100.0,Adherence,"(fimH) type I fimbriae minor fimbrial subunit FimH, adhesin",,,
GCA_000192125.1,GCA_000192125.1|CM001154.1|20351-22138|+|g4491,VFDB,gb|NP_490529,98.8,99.3,Effector delivery system,"(spvB) type III secretion system effector SpvB, ADP-ribosylation activity",,,
GCA_000192125.1,GCA_000192125.1|CM001154.1|22419-23144|+|g4492,VFDB,gb|NP_490528,98.8,100.0,Effector delivery system,"(spvC) type III secretion system effector SpvC, phosphothreonine lyase",,,
GCA_008005965.1,GCA_008005965.1|AAJKJE010000001.1|597922-598164|+|g595,VFDB,gb|NP_460361,98.8,100.0,Effector delivery system,(ssaE) chaperone for sseB,,,
GCA_011457165.1,GCA_011457165.1|AAQBKM010000003.1|193350-193598|-|g1249,VFDB,gb|NP_461802,98.8,100.0,Effector delivery system,(iacP) putative acyl carrier protein,,,
GCA_006862905.1,GCA_006862905.1|AAGLPJ010000006.1|160803-161045|+|g1734,VFDB,gb|NP_460361,98.8,100.0,Effector delivery system,(ssaE) chaperone for sseB,,,
GCA_010123345.1,GCA_010123345.1|DAAMFF010000006.1|48464-55771|-|g1409,VFDB,gb|NP_461449,98.8,100.0,Adherence,(ratB) putative outer membrane protein,,,
GCA_000258365.1,GCA_000258365.1|CP003416.1|2219720-2219962|+|g2064,VFDB,gb|NP_460361,98.8,100.0,Effector delivery system,(ssaE) chaperone for sseB,,,
GCA_000329025.1,GCA_000329025.1|ALFF01000026.1|5590-6369|-|g794,VFDB,gb|NP_460386,98.8,100.0,Effector delivery system,(ssaT) type III secretion system minor export apparatus protein SsaT,,,
GCA_005675415.1,GCA_005675415.1|AADNIJ010000002.1|55219-66693|+|g939,VFDB,gb|WP_001237694.1,98.8,100.0,Adherence,(bapA) biofilm-associated protein BapA,,,
GCA_011457165.1,GCA_011457165.1|AAQBKM010000015.1|102402-102887|-|g3864,VFDB,gb|NP_459275,98.8,100.0,Effector delivery system,"(tae4) type VI secretion system effector tae4, L,D-endopeptidase",,,
GCA_011457165.1,GCA_011457165.1|AAQBKM010000005.1|336086-338848|-|g2211,VFDB,gb|NP_460357,98.8,100.0,Effector delivery system,(ssrA) hybrid sensor histidine kinase/response regulator,,,
GCA_000258365.1,GCA_000258365.1|CP003416.1|1052365-1053267|-|g928,VFDB,gb|NP_459268,98.7,100.0,Effector delivery system,(STM0271) hypothetical protein,,,
GCA_010716035.1,GCA_010716035.1|DAATFR010000002.1|410567-411040|-|g786,VFDB,gb|NP_460364,98.7,100.0,Effector delivery system,(sscA) chaperone for sseC,,,
GCA_008032345.1,GCA_008032345.1|AAJLMD010000001.1|161336-161809|+|g161,VFDB,gb|NP_460364,98.7,100.0,Effector delivery system,(sscA) chaperone for sseC,,,
GCA_010715595.1,GCA_010715595.1|DAATGU010000003.1|259751-260224|+|g1054,VFDB,gb|NP_460364,98.7,100.0,Effector delivery system,(sscA) chaperone for sseC,,,
GCA_008005965.1,GCA_008005965.1|AAJKJE010000002.1|502304-502756|+|g1555,VFDB,gb|NP_461789,98.7,100.0,Effector delivery system,(orgC) type III secretion system effector OrgC,,,
GCA_000812595.1,GCA_000812595.1|JRXC01000026.1|33468-34427|-|g3092,VFDB,gb|NP_459947,98.7,100.0,Effector delivery system,(sopD2) type III secretion system effector SopD2,,,
GCA_000329025.1,GCA_000329025.1|ALFF01000063.1|42791-43243|-|g2144,VFDB,gb|NP_461789,98.7,100.0,Effector delivery system,(orgC) type III secretion system effector OrgC,,,
GCA_010714675.1,GCA_010714675.1|DAATGB010000018.1|15396-17744|-|g2652,VFDB,gb|NP_461011,98.7,100.0,Effector delivery system,"(sopA) type III secretion system effector SopA, HECT-like E3 ubiquitin ligase",,,
GCA_010714675.1,GCA_010714675.1|DAATGB010000017.1|96512-97414|+|g2621,VFDB,gb|NP_459268,98.7,100.0,Effector delivery system,(STM0271) hypothetical protein,,,
GCA_001448615.1,GCA_001448615.1|LHSQ01000002.1|245777-246469|-|g2183,VFDB,gb|NP_459540,98.7,100.0,Adherence,(fimC) chaperone protein FimC,,,
GCA_000812595.1,GCA_000812595.1|JRXC01000021.1|39744-40640|-|g2733,VFDB,gb|NP_461708,98.7,100.0,Antimicrobial activity/Competitive advantage,(mig-14) antimicrobial peptide resistance protein Mig-14,,,
GCA_001448615.1,GCA_001448615.1|LHSQ01000001.1|712288-712761|+|g701,VFDB,gb|NP_460364,98.7,100.0,Effector delivery system,(sscA) chaperone for sseC,,,
GCA_008005965.1,GCA_008005965.1|AAJKJE010000003.1|394596-411275|-|g2107,VFDB,gb|NP_463126,98.7,100.0,Adherence,(siiE) non-fimbrial adhesin SiiE,,,
GCA_005675415.1,GCA_005675415.1|AADNIJ010000003.1|379574-380293|+|g1730,VFDB,gb|NP_459304,98.7,100.0,Invasion,(pagN) outer membrane adhesin/invasin protein,,,
GCA_011454775.1,GCA_011454775.1|AAQBFY010000001.1|126362-128710|-|g108,VFDB,gb|NP_461011,98.7,100.0,Effector delivery system,"(sopA) type III secretion system effector SopA, HECT-like E3 ubiquitin ligase",,,
GCA_010714675.1,GCA_010714675.1|DAATGB010000016.1|29537-30226|+|g2422,VFDB,gb|NP_460370,98.7,100.0,Effector delivery system,(sseG) type III secretion system effector SseG,,,
GCA_010714675.1,GCA_010714675.1|DAATGB010000016.1|25304-25777|+|g2416,VFDB,gb|NP_460364,98.7,100.0,Effector delivery system,(sscA) chaperone for sseC,,,
GCA_006862905.1,GCA_006862905.1|AAGLPJ010000006.1|166461-167150|+|g1743,VFDB,gb|NP_460370,98.7,100.0,Effector delivery system,(sseG) type III secretion system effector SseG,,,
GCA_005675415.1,GCA_005675415.1|AADNIJ010000001.1|260501-260974|+|g262,VFDB,gb|NP_460364,98.7,100.0,Effector delivery system,(sscA) chaperone for sseC,,,
GCA_010715595.1,GCA_010715595.1|DAATGU010000011.1|42787-43239|-|g2518,VFDB,gb|NP_461789,98.7,100.0,Effector delivery system,(orgC) type III secretion system effector OrgC,,,
GCA_000812595.1,GCA_000812595.1|JRXC01000011.1|330492-337799|-|g940,VFDB,gb|NP_461449,98.7,100.0,Adherence,(ratB) putative outer membrane protein,,,
GCA_011457165.1,GCA_011457165.1|AAQBKM010000004.1|387565-388239|-|g1866,VFDB,gb|NP_460376,98.7,100.0,Effector delivery system,(ssaK) type III secretion system stator SsaK,,,
GCA_000258365.1,GCA_000258365.1|CP003416.1|3677448-3677900|-|g3439,VFDB,gb|NP_461789,98.7,100.0,Effector delivery system,(orgC) type III secretion system effector OrgC,,,
GCA_010714675.1,GCA_010714675.1|DAATGB010000015.1|42790-43242|-|g2315,VFDB,gb|NP_461789,98.7,100.0,Effector delivery system,(orgC) type III secretion system effector OrgC,,,
GCA_000192125.1,GCA_000192125.1|CM001153.1|2039848-2040303|-|g2001,VFDB,gb|NP_460114,98.7,100.0,Adherence,"(csgB) minor curlin subunit precursor, curli nucleator protein CsgB",,,
GCA_011454775.1,GCA_011454775.1|AAQBFY010000006.1|221298-237977|-|g3278,VFDB,gb|NP_463126,98.7,100.0,Adherence,(siiE) non-fimbrial adhesin SiiE,,,
GCA_000812595.1,GCA_000812595.1|JRXC01000010.1|232264-232737|+|g307,VFDB,gb|NP_460364,98.7,100.0,Effector delivery system,(sscA) chaperone for sseC,,,
GCA_008005965.1,GCA_008005965.1|AAJKJE010000001.1|194227-196575|-|g173,VFDB,gb|NP_461011,98.7,100.0,Effector delivery system,"(sopA) type III secretion system effector SopA, HECT-like E3 ubiquitin ligase",,,
GCA_010714675.1,GCA_010714675.1|DAATGB010000006.1|158608-159981|-|g1196,VFDB,gb|NP_460656,98.7,100.0,Effector delivery system,"(steC) type III secretion system effector SteC (Salmonella translocated effector C), kinase",,,
GCA_008032345.1,GCA_008032345.1|AAJLMD010000001.1|471266-472639|-|g470,VFDB,gb|NP_460656,98.7,100.0,Effector delivery system,"(steC) type III secretion system effector SteC (Salmonella translocated effector C), kinase",,,
GCA_011454775.1,GCA_011454775.1|AAQBFY010000001.1|1300967-1301926|-|g1287,VFDB,gb|NP_459947,98.7,100.0,Effector delivery system,(sopD2) type III secretion system effector SopD2,,,
GCA_006862905.1,GCA_006862905.1|AAGLPJ010000007.1|60238-61134|+|g1836,VFDB,gb|NP_461708,98.7,100.0,Antimicrobial activity/Competitive advantage,(mig-14) antimicrobial peptide resistance protein Mig-14,,,
GCA_010123345.1,GCA_010123345.1|DAAMFF010000027.1|17961-18857|+|g3560,VFDB,gb|NP_461708,98.7,100.0,Antimicrobial activity/Competitive advantage,(mig-14) antimicrobial peptide resistance protein Mig-14,,,
GCA_000192125.1,GCA_000192125.1|CM001153.1|2888803-2889255|-|g2783,VFDB,gb|NP_461789,98.7,100.0,Effector delivery system,(orgC) type III secretion system effector OrgC,,,
GCA_011454775.1,GCA_011454775.1|AAQBFY010000002.1|549932-550384|+|g1974,VFDB,gb|NP_461789,98.7,100.0,Effector delivery system,(orgC) type III secretion system effector OrgC,,,
GCA_008005965.1,GCA_008005965.1|AAJKJE010000007.1|82462-83421|-|g3231,VFDB,gb|NP_459947,98.7,100.0,Effector delivery system,(sopD2) type III secretion system effector SopD2,,,
GCA_000258365.1,GCA_000258365.1|CP003416.1|2527662-2529035|-|g2370,VFDB,gb|NP_460656,98.7,100.0,Effector delivery system,"(steC) type III secretion system effector SteC (Salmonella translocated effector C), kinase",,,
GCA_006862905.1,GCA_006862905.1|AAGLPJ010000006.1|169296-169970|+|g1749,VFDB,gb|NP_460376,98.7,100.0,Effector delivery system,(ssaK) type III secretion system stator SsaK,,,
GCA_000258365.1,GCA_000258365.1|CP003416.1|2221146-2221619|+|g2067,VFDB,gb|NP_460364,98.7,100.0,Effector delivery system,(sscA) chaperone for sseC,,,
GCA_000258365.1,GCA_000258365.1|CP003416.1|2225380-2226069|+|g2074,VFDB,gb|NP_460370,98.7,100.0,Effector delivery system,(sseG) type III secretion system effector SseG,,,
GCA_010123345.1,GCA_010123345.1|DAAMFF010000002.1|41900-42352|-|g400,VFDB,gb|NP_461789,98.7,100.0,Effector delivery system,(orgC) type III secretion system effector OrgC,,,
GCA_000330625.1,GCA_000330625.1|ANOT01000034.1|221365-221838|+|g1721,VFDB,gb|NP_460364,98.7,100.0,Effector delivery system,(sscA) chaperone for sseC,,,
GCA_000330625.1,GCA_000330625.1|ANOT01000060.1|27844-28563|-|g4329,VFDB,gb|NP_459304,98.7,100.0,Invasion,(pagN) outer membrane adhesin/invasin protein,,,
GCA_008032345.1,GCA_008032345.1|AAJLMD010000011.1|13833-14729|+|g4068,VFDB,gb|NP_461708,98.7,100.0,Antimicrobial activity/Competitive advantage,(mig-14) antimicrobial peptide resistance protein Mig-14,,,
GCA_008032345.1,GCA_008032345.1|AAJLMD010000011.1|97313-97765|-|g4153,VFDB,gb|NP_461789,98.7,100.0,Effector delivery system,(orgC) type III secretion system effector OrgC,,,
GCA_000329025.1,GCA_000329025.1|ALFF01000006.1|26754-27713|+|g148,VFDB,gb|NP_459947,98.7,100.0,Effector delivery system,(sopD2) type III secretion system effector SopD2,,,
GCA_000329025.1,GCA_000329025.1|ALFF01000012.1|33066-35414|+|g375,VFDB,gb|NP_461011,98.7,100.0,Effector delivery system,"(sopA) type III secretion system effector SopA, HECT-like E3 ubiquitin ligase",,,
GCA_005675415.1,GCA_005675415.1|AADNIJ010000002.1|195735-196178|-|g1064,VFDB,gb|NP_461814,98.6,100.0,Effector delivery system,(invI) type III secretion system stalk protein InvI,,,
GCA_010715595.1,GCA_010715595.1|DAATGU010000003.1|265609-266256|+|g1064,VFDB,gb|NP_460374,98.6,86.3,Effector delivery system,(ssaJ) type III secretion system inner MS ring protein SsaJ,,,
GCA_011457165.1,GCA_011457165.1|AAQBKM010000015.1|115192-116241|+|g3876,VFDB,gb|NP_459263,98.6,99.4,Effector delivery system,(STM0266) hypothetical protein,,,
GCA_010716035.1,GCA_010716035.1|DAATFR010000006.1|32257-34869|-|g1733,VFDB,gb|NP_459541,98.6,100.0,Adherence,(fimD) usher protein FimD,,,
GCA_000330625.1,GCA_000330625.1|ANOT01000034.1|223901-224317|+|g1724,VFDB,gb|NP_460367,98.6,100.0,Effector delivery system,(sseE) type III secretion system effector SseE,,,
GCA_011454775.1,GCA_011454775.1|AAQBFY010000002.1|518891-519334|-|g1942,VFDB,gb|NP_461821,98.6,100.0,Effector delivery system,(invH) type III secretion system pilotin invG,,,
GCA_000330625.1,GCA_000330625.1|ANOT01000058.1|43656-44099|+|g4165,VFDB,gb|NP_461814,98.6,100.0,Effector delivery system,(invI) type III secretion system stalk protein InvI,,,
GCA_010716035.1,GCA_010716035.1|DAATFR010000016.1|63166-74640|-|g3464,VFDB,gb|WP_001237694.1,98.6,100.0,Adherence,(bapA) biofilm-associated protein BapA,,,
GCA_000812595.1,GCA_000812595.1|JRXC01000012.1|31917-32360|-|g1316,VFDB,gb|NP_461821,98.6,100.0,Effector delivery system,(invH) type III secretion system pilotin invG,,,
GCA_008032345.1,GCA_008032345.1|AAJLMD010000011.1|93872-94738|-|g4150,VFDB,gb|NP_461786,98.6,95.4,Effector delivery system,"(avrA) type III secretion system effector AvrA, acetyltransferease",,,
GCA_011457165.1,GCA_011457165.1|AAQBKM010000001.1|475381-476460|+|g434,VFDB,gb|NP_463156.1,98.6,99.2,Regulation,(pmrB) sensory kinase PmrB,,,
GCA_011457165.1,GCA_011457165.1|AAQBKM010000003.1|212211-212960|-|g1267,VFDB,gb|NP_461820,98.6,86.7,Effector delivery system,(invF) type III secretion system regulatory protein InvF,,,
GCA_005675415.1,GCA_005675415.1|AADNIJ010000001.1|263037-263453|+|g265,VFDB,gb|NP_460367,98.6,100.0,Effector delivery system,(sseE) type III secretion system effector SseE,,,
GCA_006862905.1,GCA_006862905.1|AAGLPJ010000001.1|299243-299875|+|g279,VFDB,gb|NP_460542,98.6,100.0,Effector delivery system,(steA) type III secretion system effector SteA (Salmonella translocated effector A),,,
GCA_000329025.1,GCA_000329025.1|ALFF01000063.1|73841-74284|+|g2176,VFDB,gb|NP_461821,98.6,100.0,Effector delivery system,(invH) type III secretion system pilotin invG,,,
GCA_011457165.1,GCA_011457165.1|AAQBKM010000003.1|25820-37294|+|g1088,VFDB,gb|WP_001237694.1,98.5,100.0,Adherence,(bapA) biofilm-associated protein BapA,,,
GCA_000192125.1,GCA_000192125.1|CM001153.1|1780302-1781084|-|g1728,VFDB,gb|NP_460369,98.5,100.0,Effector delivery system,(sseF) type III secretion system effector SseF,,,
GCA_011457165.1,GCA_011457165.1|AAQBKM010000002.1|406438-407445|-|g890,VFDB,gb|NP_459542,98.5,100.0,Adherence,"(fimH) type I fimbriae minor fimbrial subunit FimH, adhesin",,,
GCA_000330625.1,GCA_000330625.1|ANOT01000046.1|56421-57428|+|g2776,VFDB,gb|NP_459542,98.5,100.0,Adherence,"(fimH) type I fimbriae minor fimbrial subunit FimH, adhesin",,,
GCA_001448615.1,GCA_001448615.1|LHSQ01000001.1|1003265-1004638|-|g992,VFDB,gb|NP_460656,98.5,100.0,Effector delivery system,"(steC) type III secretion system effector SteC (Salmonella translocated effector C), kinase",,,
GCA_011454775.1,GCA_011454775.1|AAQBFY010000001.1|529882-530664|+|g525,VFDB,gb|NP_460369,98.5,100.0,Effector delivery system,(sseF) type III secretion system effector SseF,,,
GCA_000812595.1,GCA_000812595.1|JRXC01000025.1|6698-7705|-|g2959,VFDB,gb|NP_459542,98.5,100.0,Adherence,"(fimH) type I fimbriae minor fimbrial subunit FimH, adhesin",,,
GCA_000192125.1,GCA_000192125.1|CM001153.1|2008846-2009628|-|g1965,VFDB,gb|WP_008500810.1,98.5,100.0,Motility,(flgG) flagellar basal-body rod protein FlgG,,,
GCA_010123345.1,GCA_010123345.1|DAAMFF010000001.1|372645-373469|+|g343,VFDB,gb|NP_459267,98.5,100.0,Effector delivery system,(STM0270) impE family protein,,,
GCA_010716035.1,GCA_010716035.1|DAATFR010000031.1|17576-18586|-|g4385,VFDB,gb|NP_463026,98.5,100.0,Effector delivery system,"(sseK1) type III secretion system effector SseK1, Arginine N-Glycosyltransferase",,,
GCA_005675415.1,GCA_005675415.1|AADNIJ010000003.1|121637-122644|-|g1494,VFDB,gb|NP_459542,98.5,100.0,Adherence,"(fimH) type I fimbriae minor fimbrial subunit FimH, adhesin",,,
GCA_008005965.1,GCA_008005965.1|AAJKJE010000008.1|197146-197742|+|g3580,VFDB,gb|NP_459547,98.5,100.0,Adherence,(fimW) helix-turn-helix transcriptional regulator,,,
GCA_008005965.1,GCA_008005965.1|AAJKJE010000008.1|200766-201773|-|g3584,VFDB,gb|NP_459542,98.5,100.0,Adherence,"(fimH) type I fimbriae minor fimbrial subunit FimH, adhesin",,,
GCA_010123015.1,GCA_010123015.1|DAAMFD010000007.1|51521-53128|-|g1675,VFDB,gb|NP_461799,98.5,98.5,Effector delivery system,"(sptP) type III secretion system effector SptP, tyrosine phosphatase and GTPase-activating protein",,,
GCA_011457165.1,GCA_011457165.1|AAQBKM010000003.1|204175-205185|-|g1260,VFDB,gb|NP_461813,98.5,100.0,Effector delivery system,(invJ) type III secretion system needle length regulator InvJ,,,
GCA_000329025.1,GCA_000329025.1|ALFF01000084.1|60136-61509|+|g3377,VFDB,gb|NP_460656,98.5,100.0,Effector delivery system,"(steC) type III secretion system effector SteC (Salmonella translocated effector C), kinase",,,
GCA_008005965.1,GCA_008005965.1|AAJKJE010000001.1|602738-603520|+|g603,VFDB,gb|NP_460369,98.5,100.0,Effector delivery system,(sseF) type III secretion system effector SseF,,,
GCA_000329025.1,GCA_000329025.1|ALFF01000026.1|17267-18049|-|g811,VFDB,gb|NP_460369,98.5,100.0,Effector delivery system,(sseF) type III secretion system effector SseF,,,
GCA_001448615.1,GCA_001448615.1|LHSQ01000001.1|480626-481408|+|g476,VFDB,gb|WP_008500810.1,98.5,100.0,Motility,(flgG) flagellar basal-body rod protein FlgG,,,
GCA_010715595.1,GCA_010715595.1|DAATGU010000003.1|263205-263987|+|g1059,VFDB,gb|NP_460369,98.5,100.0,Effector delivery system,(sseF) type III secretion system effector SseF,,,
GCA_000329025.1,GCA_000329025.1|ALFF01000042.1|117277-117873|+|g1368,VFDB,gb|NP_459547,98.5,100.0,Adherence,(fimW) helix-turn-helix transcriptional regulator,,,
GCA_008005965.1,GCA_008005965.1|AAJKJE010000001.1|607016-608008|+|g611,VFDB,gb|NP_460377,98.5,97.6,Effector delivery system,(ssaL) type III secretion system gatekeeper SsaL,,,
GCA_011454775.1,GCA_011454775.1|AAQBFY010000003.1|196579-197175|+|g2285,VFDB,gb|NP_459547,98.5,100.0,Adherence,(fimW) helix-turn-helix transcriptional regulator,,,
GCA_000812595.1,GCA_000812595.1|JRXC01000012.1|52667-53059|+|g1337,VFDB,gb|NP_461800,98.5,100.0,Effector delivery system,(sicP) chaparone for SptP,,,
GCA_006862905.1,GCA_006862905.1|AAGLPJ010000006.1|177362-178141|+|g1759,VFDB,gb|NP_460386,98.5,100.0,Effector delivery system,(ssaT) type III secretion system minor export apparatus protein SsaT,,,
GCA_011454775.1,GCA_011454775.1|AAQBFY010000001.1|844619-845992|-|g837,VFDB,gb|NP_460656,98.5,100.0,Effector delivery system,"(steC) type III secretion system effector SteC (Salmonella translocated effector C), kinase",,,
GCA_010123345.1,GCA_010123345.1|DAAMFF010000011.1|54827-57694|-|g2229,VFDB,gb|NP_462656,98.5,100.0,Adherence,(misL) putative autotransporter,,,
GCA_000192125.1,GCA_000192125.1|CM001153.1|4317604-4334283|+|g4135,VFDB,gb|NP_463126,98.5,100.0,Adherence,(siiE) non-fimbrial adhesin SiiE,,,
GCA_008032345.1,GCA_008032345.1|AAJLMD010000009.1|94688-111367|-|g3840,VFDB,gb|NP_463126,98.5,100.0,Adherence,(siiE) non-fimbrial adhesin SiiE,,,
GCA_011457165.1,GCA_011457165.1|AAQBKM010000003.1|192627-193019|-|g1247,VFDB,gb|NP_461800,98.5,100.0,Effector delivery system,(sicP) chaparone for SptP,,,
GCA_010716035.1,GCA_010716035.1|DAATFR010000017.1|64708-65718|-|g3558,VFDB,gb|NP_461813,98.5,100.0,Effector delivery system,(invJ) type III secretion system needle length regulator InvJ,,,
GCA_000474395.1,GCA_000474395.1|AUQU01000001.1|494609-496216|+|g469,VFDB,gb|NP_461799,98.5,98.5,Effector delivery system,"(sptP) type III secretion system effector SptP, tyrosine phosphatase and GTPase-activating protein",,,
GCA_006862905.1,GCA_006862905.1|AAGLPJ010000027.1|38241-38837|-|g3746,VFDB,gb|NP_459547,98.5,100.0,Adherence,(fimW) helix-turn-helix transcriptional regulator,,,
GCA_008032345.1,GCA_008032345.1|AAJLMD010000001.1|984469-985476|+|g980,VFDB,gb|NP_461081,98.5,96.3,Effector delivery system,(sseK2) type III secretion system effector SseK2,,,
GCA_001448615.1,GCA_001448615.1|LHSQ01000006.1|103444-104454|-|g4073,VFDB,gb|NP_461813,98.5,100.0,Effector delivery system,(invJ) type III secretion system needle length regulator InvJ,,,
GCA_011457165.1,GCA_011457165.1|AAQBKM010000020.1|18239-19249|-|g4214,VFDB,gb|NP_463026,98.5,100.0,Effector delivery system,"(sseK1) type III secretion system effector SseK1, Arginine N-Glycosyltransferase",,,
GCA_011457165.1,GCA_011457165.1|AAQBKM010000010.1|54876-57728|-|g3112,VFDB,gb|NP_462656,98.5,99.5,Adherence,(misL) putative autotransporter,,,
GCA_000812595.1,GCA_000812595.1|JRXC01000006.1|347443-349791|+|g4173,VFDB,gb|NP_461011,98.5,100.0,Effector delivery system,"(sopA) type III secretion system effector SopA, HECT-like E3 ubiquitin ligase",,,
GCA_000812595.1,GCA_000812595.1|JRXC01000018.1|109710-110669|-|g2216,VFDB,gb|WP_000140406,98.4,100.0,Nutritional/Metabolic factor,(ybtA) yersiniabactin transcriptional regulator YbtA,,,
GCA_010716035.1,GCA_010716035.1|DAATFR010000033.1|1435-1821|-|g4444,VFDB,gb|NP_459285,98.4,92.8,Effector delivery system,(STM0287) putative periplasmic protein,,,
GCA_005675415.1,GCA_005675415.1|AADNIJ010000001.1|255998-256381|+|g256,VFDB,gb|NP_460358,98.4,95.5,Effector delivery system,(spiC/ssaB) Salmonella pathogenicity island 2 protein C (SpiC); Type III secretion system apparatus protein B (SsaB),,,
GCA_011454775.1,GCA_011454775.1|AAQBFY010000001.1|521985-522368|+|g514,VFDB,gb|NP_460358,98.4,95.5,Effector delivery system,(spiC/ssaB) Salmonella pathogenicity island 2 protein C (SpiC); Type III secretion system apparatus protein B (SsaB),,,
GCA_000329025.1,GCA_000329025.1|ALFF01000026.1|25563-25946|-|g822,VFDB,gb|NP_460358,98.4,95.5,Effector delivery system,(spiC/ssaB) Salmonella pathogenicity island 2 protein C (SpiC); Type III secretion system apparatus protein B (SsaB),,,
GCA_008005965.1,GCA_008005965.1|AAJKJE010000002.1|429166-430119|-|g1480,VFDB,gb|NP_461866,98.4,100.0,Effector delivery system,(sopD) type III secretion system effector SopD,,,
GCA_000258365.1,GCA_000258365.1|CP003416.1|3751463-3752416|+|g3517,VFDB,gb|NP_461866,98.4,100.0,Effector delivery system,(sopD) type III secretion system effector SopD,,,
GCA_000329025.1,GCA_000329025.1|ALFF01000042.1|125905-126462|-|g1376,VFDB,gb|NP_459538,98.4,100.0,Adherence,(fimA) type-1 fimbrial protein subunit A,,,
GCA_008005965.1,GCA_008005965.1|AAJKJE010000008.1|205774-206331|-|g3588,VFDB,gb|NP_459538,98.4,100.0,Adherence,(fimA) type-1 fimbrial protein subunit A,,,
GCA_000812595.1,GCA_000812595.1|JRXC01000010.1|245096-245470|+|g325,VFDB,gb|NP_460382,98.4,100.0,Effector delivery system,(ssaP) type III secretion system needle length regulator SsaP,,,
GCA_010714675.1,GCA_010714675.1|DAATGB010000015.1|116816-117769|+|g2393,VFDB,gb|NP_461866,98.4,100.0,Effector delivery system,(sopD) type III secretion system effector SopD,,,
GCA_010714675.1,GCA_010714675.1|DAATGB010000002.1|12387-12944|-|g279,VFDB,gb|NP_459538,98.4,100.0,Adherence,(fimA) type-1 fimbrial protein subunit A,,,
GCA_000258365.1,GCA_000258365.1|CP003416.1|1386024-1386581|+|g1260,VFDB,gb|NP_459538,98.4,100.0,Adherence,(fimA) type-1 fimbrial protein subunit A,,,
GCA_000329025.1,GCA_000329025.1|ALFF01000104.1|8665-9222|-|g3922,VFDB,gb|NP_490501,98.4,100.0,Invasion,(rck) resistance to complement killing,,,
GCA_011454775.1,GCA_011454775.1|AAQBFY010000003.1|205207-205764|-|g2293,VFDB,gb|NP_459538,98.4,100.0,Adherence,(fimA) type-1 fimbrial protein subunit A,,,
GCA_011457165.1,GCA_011457165.1|AAQBKM010000004.1|381146-382114|-|g1859,VFDB,gb|NP_460383,98.4,100.0,Effector delivery system,(ssaQ) type III secretion system C ring protein SsaQ,,,
GCA_011454775.1,GCA_011454775.1|AAQBFY010000015.1|243-800|+|g4234,VFDB,gb|NP_490501,98.4,100.0,Invasion,(rck) resistance to complement killing,,,
GCA_010123345.1,GCA_010123345.1|DAAMFF010000045.1|20791-21174|+|g4326,VFDB,gb|NP_460358,98.4,95.5,Effector delivery system,(spiC/ssaB) Salmonella pathogenicity island 2 protein C (SpiC); Type III secretion system apparatus protein B (SsaB),,,
GCA_001448615.1,GCA_001448615.1|LHSQ01000006.1|154051-155004|+|g4126,VFDB,gb|NP_461866,98.4,100.0,Effector delivery system,(sopD) type III secretion system effector SopD,,,
GCA_010716035.1,GCA_010716035.1|DAATFR010000017.1|40419-41174|-|g3532,VFDB,gb|NP_461787,98.4,100.0,Effector delivery system,(sprB) transcriptional regulator,,,
GCA_011454775.1,GCA_011454775.1|AAQBFY010000002.1|476549-477502|-|g1899,VFDB,gb|NP_461866,98.4,100.0,Effector delivery system,(sopD) type III secretion system effector SopD,,,
GCA_005675415.1,GCA_005675415.1|AADNIJ010000001.1|273688-274656|+|g281,VFDB,gb|NP_460383,98.4,100.0,Effector delivery system,(ssaQ) type III secretion system C ring protein SsaQ,,,
GCA_010716035.1,GCA_010716035.1|DAATFR010000017.1|43888-44466|-|g3536,VFDB,gb|NP_461791,98.4,96.5,Effector delivery system,(orgA/sctK) type III secretion system accessory cytosolic protein OrgA,,,
GCA_000812595.1,GCA_000812595.1|JRXC01000025.1|11707-12264|-|g2963,VFDB,gb|NP_459538,98.4,100.0,Adherence,(fimA) type-1 fimbrial protein subunit A,,,
GCA_001448615.1,GCA_001448615.1|LHSQ01000001.1|1546747-1547706|-|g1537,VFDB,gb|NP_459947,98.4,100.0,Effector delivery system,(sopD2) type III secretion system effector SopD2,,,
GCA_011457165.1,GCA_011457165.1|AAQBKM010000015.1|107065-109728|-|g3870,VFDB,gb|NP_459269,98.4,99.1,Effector delivery system,(STM0272) ClpV1 family T6SS ATPase,,,
GCA_000329025.1,GCA_000329025.1|ALFF01000063.1|115673-116626|+|g2219,VFDB,gb|NP_461866,98.4,100.0,Effector delivery system,(sopD) type III secretion system effector SopD,,,
GCA_006862905.1,GCA_006862905.1|AAGLPJ010000007.1|144056-144634|-|g1921,VFDB,gb|NP_461791,98.4,96.5,Effector delivery system,(orgA/sctK) type III secretion system accessory cytosolic protein OrgA,,,
GCA_000330625.1,GCA_000330625.1|ANOT01000034.1|216862-217245|+|g1715,VFDB,gb|NP_460358,98.4,95.5,Effector delivery system,(spiC/ssaB) Salmonella pathogenicity island 2 protein C (SpiC); Type III secretion system apparatus protein B (SsaB),,,
GCA_000330625.1,GCA_000330625.1|ANOT01000034.1|234552-235520|+|g1740,VFDB,gb|NP_460383,98.4,100.0,Effector delivery system,(ssaQ) type III secretion system C ring protein SsaQ,,,
GCA_000192125.1,GCA_000192125.1|CM001153.1|609345-610067|-|g577,VFDB,gb|NP_459545,98.3,100.0,Adherence,(fimY) fimbriae Y protein,,,
GCA_000192125.1,GCA_000192125.1|CM001153.1|603178-603870|+|g572,VFDB,gb|NP_459540,98.3,100.0,Adherence,(fimC) chaperone protein FimC,,,
GCA_011457165.1,GCA_011457165.1|AAQBKM010000015.1|110086-110988|+|g3871,VFDB,gb|NP_459268,98.3,100.0,Effector delivery system,(STM0271) hypothetical protein,,,
GCA_000330625.1,GCA_000330625.1|ANOT01000046.1|53071-53763|+|g2774,VFDB,gb|NP_459540,98.3,100.0,Adherence,(fimC) chaperone protein FimC,,,
GCA_005675415.1,GCA_005675415.1|AADNIJ010000003.1|125302-125994|-|g1496,VFDB,gb|NP_459540,98.3,100.0,Adherence,(fimC) chaperone protein FimC,,,
GCA_010123345.1,GCA_010123345.1|DAAMFF010000007.1|82485-83360|-|g1625,VFDB,gb|NP_460061,98.3,100.0,Effector delivery system,(pipB) type III secretion system effector PipB,,,
GCA_008005965.1,GCA_008005965.1|AAJKJE010000009.1|232613-233149|-|g3852,VFDB,gb|NP_459278,98.3,100.0,Effector delivery system,(tssJ) type VI secretion system-associated lipoprotein,,,
GCA_001448615.1,GCA_001448615.1|LHSQ01000011.1|1765-2661|-|g1799,VFDB,gb|NP_461708,98.3,100.0,Antimicrobial activity/Competitive advantage,(mig-14) antimicrobial peptide resistance protein Mig-14,,,
GCA_010714675.1,GCA_010714675.1|DAATGB010000017.1|87370-87906|-|g2611,VFDB,gb|NP_459278,98.3,100.0,Effector delivery system,(tssJ) type VI secretion system-associated lipoprotein,,,
GCA_001448615.1,GCA_001448615.1|LHSQ01000002.1|536171-536707|-|g2455,VFDB,gb|NP_459278,98.3,100.0,Effector delivery system,(tssJ) type VI secretion system-associated lipoprotein,,,
GCA_000812595.1,GCA_000812595.1|JRXC01000025.1|10363-11055|-|g2961,VFDB,gb|NP_459540,98.3,100.0,Adherence,(fimC) chaperone protein FimC,,,
GCA_008032345.1,GCA_008032345.1|AAJLMD010000017.1|25415-25951|+|g4551,VFDB,gb|NP_459278,98.3,100.0,Effector delivery system,(tssJ) type VI secretion system-associated lipoprotein,,,
GCA_000329025.1,GCA_000329025.1|ALFF01000051.1|60543-61439|+|g1821,VFDB,gb|NP_461708,98.3,100.0,Antimicrobial activity/Competitive advantage,(mig-14) antimicrobial peptide resistance protein Mig-14,,,
GCA_000812595.1,GCA_000812595.1|JRXC01000006.1|160068-160790|-|g3974,VFDB,gb|NP_460811,98.3,100.0,Effector delivery system,"(sopE2) type III secretion system effector SopE2, guanine nucleotide exchange factor",,,
GCA_011457165.1,GCA_011457165.1|AAQBKM010000002.1|410103-410795|-|g892,VFDB,gb|NP_459540,98.3,100.0,Adherence,(fimC) chaperone protein FimC,,,
GCA_000329025.1,GCA_000329025.1|ALFF01000042.1|124562-125254|-|g1374,VFDB,gb|NP_459540,98.3,100.0,Adherence,(fimC) chaperone protein FimC,,,
GCA_008005965.1,GCA_008005965.1|AAJKJE010000002.1|585475-586371|-|g1640,VFDB,gb|NP_461708,98.3,100.0,Antimicrobial activity/Competitive advantage,(mig-14) antimicrobial peptide resistance protein Mig-14,,,
GCA_011457165.1,GCA_011457165.1|AAQBKM010000005.1|29399-30274|-|g1902,VFDB,gb|NP_460061,98.3,100.0,Effector delivery system,(pipB) type III secretion system effector PipB,,,
GCA_010716035.1,GCA_010716035.1|DAATFR010000006.1|34900-35592|-|g1734,VFDB,gb|NP_459540,98.3,100.0,Adherence,(fimC) chaperone protein FimC,,,
GCA_008032345.1,GCA_008032345.1|AAJLMD010000001.1|635347-636069|-|g626,VFDB,gb|NP_460811,98.3,100.0,Effector delivery system,"(sopE2) type III secretion system effector SopE2, guanine nucleotide exchange factor",,,
GCA_008005965.1,GCA_008005965.1|AAJKJE010000008.1|204431-205123|-|g3586,VFDB,gb|NP_459540,98.3,100.0,Adherence,(fimC) chaperone protein FimC,,,
GCA_010123345.1,GCA_010123345.1|DAAMFF010000012.1|100582-101304|-|g2394,VFDB,gb|NP_460811,98.3,100.0,Effector delivery system,"(sopE2) type III secretion system effector SopE2, guanine nucleotide exchange factor",,,
GCA_000258365.1,GCA_000258365.1|CP003416.1|1061873-1062409|+|g938,VFDB,gb|NP_459278,98.3,100.0,Effector delivery system,(tssJ) type VI secretion system-associated lipoprotein,,,
GCA_006862905.1,GCA_006862905.1|AAGLPJ010000027.1|35227-35745|+|g3743,VFDB,gb|NP_459543,98.3,100.0,Adherence,(fimF) type I fimbriae adaptor protein FimF,,,
GCA_000192125.1,GCA_000192125.1|CM001153.1|2805374-2806270|+|g2697,VFDB,gb|NP_461708,98.3,100.0,Antimicrobial activity/Competitive advantage,(mig-14) antimicrobial peptide resistance protein Mig-14,,,
GCA_011454775.1,GCA_011454775.1|AAQBFY010000002.1|633103-633999|-|g2059,VFDB,gb|NP_461708,98.3,100.0,Antimicrobial activity/Competitive advantage,(mig-14) antimicrobial peptide resistance protein Mig-14,,,
GCA_008005965.1,GCA_008005965.1|AAJKJE010000008.1|198234-198956|+|g3581,VFDB,gb|NP_459545,98.3,100.0,Adherence,(fimY) fimbriae Y protein,,,
GCA_010716035.1,GCA_010716035.1|DAATFR010000029.1|12550-13086|-|g4306,VFDB,gb|NP_459278,98.3,100.0,Effector delivery system,(tssJ) type VI secretion system-associated lipoprotein,,,
GCA_006862905.1,GCA_006862905.1|AAGLPJ010000014.1|53248-69927|-|g2845,VFDB,gb|NP_463126,98.3,100.0,Adherence,(siiE) non-fimbrial adhesin SiiE,,,
GCA_011454775.1,GCA_011454775.1|AAQBFY010000003.1|197667-198389|+|g2286,VFDB,gb|NP_459545,98.3,100.0,Adherence,(fimY) fimbriae Y protein,,,
GCA_000812595.1,GCA_000812595.1|JRXC01000012.1|53070-54677|+|g1338,VFDB,gb|NP_461799,98.3,98.5,Effector delivery system,"(sptP) type III secretion system effector SptP, tyrosine phosphatase and GTPase-activating protein",,,
GCA_006862905.1,GCA_006862905.1|AAGLPJ010000007.1|156390-157421|-|g1934,VFDB,gb|NP_461804,98.3,100.0,Effector delivery system,"(sipD) type III secretion system hydrophilic translocator, needle tip protein SipD",,,
GCA_011454775.1,GCA_011454775.1|AAQBFY010000003.1|203864-204556|-|g2291,VFDB,gb|NP_459540,98.3,100.0,Adherence,(fimC) chaperone protein FimC,,,
GCA_006862905.1,GCA_006862905.1|AAGLPJ010000027.1|30283-30816|+|g3739,VFDB,gb|NP_459539,98.3,100.0,Adherence,(fimI) fimbrial protein internal segment,,,
GCA_008005965.1,GCA_008005965.1|AAJKJE010000001.1|599760-601214|+|g599,VFDB,gb|NP_460365,98.3,100.0,Effector delivery system,"(sseC) type III secretion system hydrophilic translocator, pore protein SseC",,,
GCA_000329025.1,GCA_000329025.1|ALFF01000042.1|118365-119087|+|g1369,VFDB,gb|NP_459545,98.3,100.0,Adherence,(fimY) fimbriae Y protein,,,
GCA_011457165.1,GCA_011457165.1|AAQBKM010000003.1|182736-183407|-|g1237,VFDB,gb|NP_461790,98.2,98.7,Effector delivery system,(orgB/SctL) type III secretion system stator OrgB,,,
GCA_000258365.1,GCA_000258365.1|CP003416.1|2878016-2879719|+|g2728,VFDB,gb|NP_461011,98.2,72.5,Effector delivery system,"(sopA) type III secretion system effector SopA, HECT-like E3 ubiquitin ligase",,,
GCA_000330625.1,GCA_000330625.1|ANOT01000058.1|65885-66556|+|g4189,VFDB,gb|NP_461790,98.2,98.7,Effector delivery system,(orgB/SctL) type III secretion system stator OrgB,,,
GCA_006862905.1,GCA_006862905.1|AAGLPJ010000007.1|154314-156371|-|g1933,VFDB,gb|NP_461803,98.2,100.0,Effector delivery system,(sipA/sspA) type III secretion system effector SipA (Salmonella invasion protein A),,,
GCA_000192125.1,GCA_000192125.1|CM001153.1|606528-607535|+|g574,VFDB,gb|NP_459542,98.2,100.0,Adherence,"(fimH) type I fimbriae minor fimbrial subunit FimH, adhesin",,,
GCA_005675415.1,GCA_005675415.1|AADNIJ010000002.1|173278-173949|-|g1040,VFDB,gb|NP_461790,98.2,98.7,Effector delivery system,(orgB/SctL) type III secretion system stator OrgB,,,
GCA_001448615.1,GCA_001448615.1|LHSQ01000002.1|242112-243119|-|g2181,VFDB,gb|NP_459542,98.2,100.0,Adherence,"(fimH) type I fimbriae minor fimbrial subunit FimH, adhesin",,,
GCA_010123345.1,GCA_010123345.1|DAAMFF010000002.1|50632-52239|-|g410,VFDB,gb|NP_461799,98.2,98.5,Effector delivery system,"(sptP) type III secretion system effector SptP, tyrosine phosphatase and GTPase-activating protein",,,
GCA_000812595.1,GCA_000812595.1|JRXC01000019.1|104310-104645|+|g2332,VFDB,gb|NP_461083.1,98.2,100.0,Effector delivery system,(steD) type III secretion system effector SteD,,,
GCA_010716035.1,GCA_010716035.1|DAATFR010000002.1|403299-403973|-|g774,VFDB,gb|NP_460376,98.2,100.0,Effector delivery system,(ssaK) type III secretion system stator SsaK,,,
GCA_008032345.1,GCA_008032345.1|AAJLMD010000001.1|986050-986385|-|g982,VFDB,gb|NP_461083.1,98.2,100.0,Effector delivery system,(steD) type III secretion system effector SteD,,,
GCA_008032345.1,GCA_008032345.1|AAJLMD010000017.1|16737-19400|+|g4540,VFDB,gb|NP_459269,98.2,99.1,Effector delivery system,(STM0272) ClpV1 family T6SS ATPase,,,
GCA_000330625.1,GCA_000330625.1|ANOT01000034.1|228433-229107|+|g1733,VFDB,gb|NP_460376,98.2,100.0,Effector delivery system,(ssaK) type III secretion system stator SsaK,,,
GCA_000812595.1,GCA_000812595.1|JRXC01000018.1|111037-112839|+|g2217,VFDB,gb|WP_001327262,98.2,95.0,Nutritional/Metabolic factor,(ybtP) yersiniabactin ABC transporter ATP-binding/permease protein YbtP,,,
GCA_008005965.1,GCA_008005965.1|AAJKJE010000009.1|240934-241758|+|g3860,VFDB,gb|NP_459267,98.2,100.0,Effector delivery system,(STM0270) impE family protein,,,
GCA_005675415.1,GCA_005675415.1|AADNIJ010000001.1|267569-268243|+|g274,VFDB,gb|NP_460376,98.2,100.0,Effector delivery system,(ssaK) type III secretion system stator SsaK,,,
GCA_000812595.1,GCA_000812595.1|JRXC01000012.1|62280-62951|+|g1347,VFDB,gb|NP_461790,98.2,98.7,Effector delivery system,(orgB/SctL) type III secretion system stator OrgB,,,
GCA_010715595.1,GCA_010715595.1|DAATGU010000011.1|51519-53126|-|g2528,VFDB,gb|NP_461799,98.2,98.5,Effector delivery system,"(sptP) type III secretion system effector SptP, tyrosine phosphatase and GTPase-activating protein",,,
GCA_000329025.1,GCA_000329025.1|ALFF01000026.1|7348-8316|-|g797,VFDB,gb|NP_460383,98.1,100.0,Effector delivery system,(ssaQ) type III secretion system C ring protein SsaQ,,,
GCA_000258365.1,GCA_000258365.1|CP003416.1|383413-400098|+|g342,VFDB,gb|NP_463126,98.1,100.0,Adherence,(siiE) non-fimbrial adhesin SiiE,,,
GCA_000192125.1,GCA_000192125.1|CM001153.1|987045-988004|+|g928,VFDB,gb|NP_459947,98.1,100.0,Effector delivery system,(sopD2) type III secretion system effector SopD2,,,
GCA_011457165.1,GCA_011457165.1|AAQBKM010000005.1|343771-344244|+|g2218,VFDB,gb|NP_460364,98.1,100.0,Effector delivery system,(sscA) chaperone for sseC,,,
GCA_010716035.1,GCA_010716035.1|DAATFR010000002.1|395128-395907|-|g764,VFDB,gb|NP_460386,98.1,100.0,Effector delivery system,(ssaT) type III secretion system minor export apparatus protein SsaT,,,
GCA_000258365.1,GCA_000258365.1|CP003416.1|2224601-2225383|+|g2073,VFDB,gb|NP_460369,98.1,100.0,Effector delivery system,(sseF) type III secretion system effector SseF,,,
GCA_000812595.1,GCA_000812595.1|JRXC01000014.1|9102-10055|+|g1597,VFDB,gb|NP_461866,98.1,100.0,Effector delivery system,(sopD) type III secretion system effector SopD,,,
GCA_000812595.1,GCA_000812595.1|JRXC01000018.1|92730-93830|-|g2213,VFDB,gb|WP_000982866,98.1,100.0,Nutritional/Metabolic factor,(ybtU) yersiniabactin biosynthetic protein YbtU,,,
GCA_011457165.1,GCA_011457165.1|AAQBKM010000005.1|342854-343177|+|g2216,VFDB,gb|NP_460362,98.1,99.1,Effector delivery system,(sseA) chaperone for sseB and sseD,,,
GCA_010716035.1,GCA_010716035.1|DAATFR010000002.1|411634-411957|-|g788,VFDB,gb|NP_460362,98.1,99.1,Effector delivery system,(sseA) chaperone for sseB and sseD,,,
GCA_001448615.1,GCA_001448615.1|LHSQ01000001.1|715742-716524|+|g706,VFDB,gb|NP_460369,98.1,100.0,Effector delivery system,(sseF) type III secretion system effector SseF,,,
GCA_000192125.1,GCA_000192125.1|CM001153.1|1785132-1785455|-|g1735,VFDB,gb|NP_460362,98.1,99.1,Effector delivery system,(sseA) chaperone for sseB and sseD,,,
GCA_006862905.1,GCA_006862905.1|AAGLPJ010000003.1|291796-293988|-|g963,VFDB,gb|NP_461452,98.1,100.0,Adherence,(sinH) intimin-like protein,,,
GCA_000330625.1,GCA_000330625.1|ANOT01000034.1|236499-237278|+|g1743,VFDB,gb|NP_460386,98.1,100.0,Effector delivery system,(ssaT) type III secretion system minor export apparatus protein SsaT,,,
GCA_010714675.1,GCA_010714675.1|DAATGB010000016.1|28758-29540|+|g2421,VFDB,gb|NP_460369,98.1,100.0,Effector delivery system,(sseF) type III secretion system effector SseF,,,
GCA_005675415.1,GCA_005675415.1|AADNIJ010000001.1|275635-276414|+|g284,VFDB,gb|NP_460386,98.1,100.0,Effector delivery system,(ssaT) type III secretion system minor export apparatus protein SsaT,,,
GCA_006862905.1,GCA_006862905.1|AAGLPJ010000006.1|162228-162701|+|g1737,VFDB,gb|NP_460364,98.1,100.0,Effector delivery system,(sscA) chaperone for sseC,,,
GCA_000192125.1,GCA_000192125.1|CM001153.1|1768625-1769404|-|g1711,VFDB,gb|NP_460386,98.1,100.0,Effector delivery system,(ssaT) type III secretion system minor export apparatus protein SsaT,,,
GCA_011457165.1,GCA_011457165.1|AAQBKM010000003.1|256600-257553|+|g1316,VFDB,gb|NP_461866,98.1,100.0,Effector delivery system,(sopD) type III secretion system effector SopD,,,
GCA_000192125.1,GCA_000192125.1|CM001153.1|1770383-1771351|-|g1714,VFDB,gb|NP_460383,98.1,100.0,Effector delivery system,(ssaQ) type III secretion system C ring protein SsaQ,,,
GCA_011454775.1,GCA_011454775.1|AAQBFY010000001.1|539615-540583|+|g539,VFDB,gb|NP_460383,98.1,100.0,Effector delivery system,(ssaQ) type III secretion system C ring protein SsaQ,,,
GCA_008005965.1,GCA_008005965.1|AAJKJE010000001.1|898462-899388|-|g891,VFDB,gb|NP_460656,98.1,67.4,Effector delivery system,"(steC) type III secretion system effector SteC (Salmonella translocated effector C), kinase",,,
GCA_001448615.1,GCA_001448615.1|LHSQ01000002.1|238493-239089|+|g2177,VFDB,gb|NP_459547,98.0,100.0,Adherence,(fimW) helix-turn-helix transcriptional regulator,,,
GCA_011454775.1,GCA_011454775.1|AAQBFY010000002.1|540044-541651|+|g1964,VFDB,gb|NP_461799,98.0,98.5,Effector delivery system,"(sptP) type III secretion system effector SptP, tyrosine phosphatase and GTPase-activating protein",,,
GCA_000329025.1,GCA_000329025.1|ALFF01000063.1|51524-53131|-|g2154,VFDB,gb|NP_461799,98.0,98.5,Effector delivery system,"(sptP) type III secretion system effector SptP, tyrosine phosphatase and GTPase-activating protein",,,
GCA_010714675.1,GCA_010714675.1|DAATGB010000016.1|24717-25307|+|g2415,VFDB,gb|NP_460363,98.0,100.0,Effector delivery system,(sseB) type III secretion system effector SseB,,,
GCA_010716035.1,GCA_010716035.1|DAATFR010000001.1|49274-52126|-|g50,VFDB,gb|NP_462656,98.0,99.5,Adherence,(misL) putative autotransporter,,,
GCA_000192125.1,GCA_000192125.1|CM001153.1|2897535-2899142|-|g2793,VFDB,gb|NP_461799,98.0,98.5,Effector delivery system,"(sptP) type III secretion system effector SptP, tyrosine phosphatase and GTPase-activating protein",,,
GCA_010716035.1,GCA_010716035.1|DAATFR010000017.1|42792-43244|-|g3534,VFDB,gb|NP_461789,98.0,100.0,Effector delivery system,(orgC) type III secretion system effector OrgC,,,
GCA_001448615.1,GCA_001448615.1|LHSQ01000006.1|81537-81989|-|g4049,VFDB,gb|NP_461789,98.0,100.0,Effector delivery system,(orgC) type III secretion system effector OrgC,,,
GCA_000192125.1,GCA_000192125.1|CM001153.1|610559-611155|-|g578,VFDB,gb|NP_459547,98.0,100.0,Adherence,(fimW) helix-turn-helix transcriptional regulator,,,
GCA_000812595.1,GCA_000812595.1|JRXC01000007.1|100994-117679|+|g4300,VFDB,gb|NP_463126,98.0,100.0,Adherence,(siiE) non-fimbrial adhesin SiiE,,,
GCA_008032345.1,GCA_008032345.1|AAJLMD010000011.1|106045-107652|-|g4163,VFDB,gb|NP_461799,98.0,98.5,Effector delivery system,"(sptP) type III secretion system effector SptP, tyrosine phosphatase and GTPase-activating protein",,,
GCA_008032345.1,GCA_008032345.1|AAJLMD010000009.1|2990-3583|-|g3755,VFDB,gb|WP_026005971,98.0,100.0,Invasion,(pilS) pilus assembly protein PilX,,,
GCA_006862905.1,GCA_006862905.1|AAGLPJ010000007.1|174022-174465|+|g1951,VFDB,gb|NP_461821,98.0,100.0,Effector delivery system,(invH) type III secretion system pilotin invG,,,
GCA_008032345.1,GCA_008032345.1|AAJLMD010000011.1|128362-128805|+|g4185,VFDB,gb|NP_461821,98.0,100.0,Effector delivery system,(invH) type III secretion system pilotin invG,,,
GCA_010716035.1,GCA_010716035.1|DAATFR010000017.1|54141-56198|-|g3548,VFDB,gb|NP_461803,98.0,100.0,Effector delivery system,(sipA/sspA) type III secretion system effector SipA (Salmonella invasion protein A),,,
GCA_011457165.1,GCA_011457165.1|AAQBKM010000003.1|182268-182720|-|g1236,VFDB,gb|NP_461789,98.0,100.0,Effector delivery system,(orgC) type III secretion system effector OrgC,,,
GCA_001448615.1,GCA_001448615.1|LHSQ01000006.1|90269-91876|-|g4059,VFDB,gb|NP_461799,98.0,98.5,Effector delivery system,"(sptP) type III secretion system effector SptP, tyrosine phosphatase and GTPase-activating protein",,,
GCA_000812595.1,GCA_000812595.1|JRXC01000012.1|62967-63419|+|g1348,VFDB,gb|NP_461789,98.0,100.0,Effector delivery system,(orgC) type III secretion system effector OrgC,,,
GCA_010123345.1,GCA_010123345.1|DAAMFF010000019.1|372-962|+|g2968,VFDB,gb|NP_460363,98.0,100.0,Effector delivery system,(sseB) type III secretion system effector SseB,,,
GCA_008005965.1,GCA_008005965.1|AAJKJE010000002.1|492417-494024|+|g1545,VFDB,gb|NP_461799,98.0,98.5,Effector delivery system,"(sptP) type III secretion system effector SptP, tyrosine phosphatase and GTPase-activating protein",,,
GCA_000258365.1,GCA_000258365.1|CP003416.1|2220559-2221149|+|g2066,VFDB,gb|NP_460363,98.0,100.0,Effector delivery system,(sseB) type III secretion system effector SseB,,,
GCA_011457165.1,GCA_011457165.1|AAQBKM010000005.1|31181-32866|-|g1904,VFDB,gb|NP_460064,98.0,100.0,Effector delivery system,"(sopB/sigD) type III secretion system effector SopB, phosphoinositide phosphatase",,,
GCA_006862905.1,GCA_006862905.1|AAGLPJ010000022.1|49131-50138|+|g3494,VFDB,gb|NP_461081,97.9,96.3,Effector delivery system,(sseK2) type III secretion system effector SseK2,,,
GCA_006862905.1,GCA_006862905.1|AAGLPJ010000026.1|1815-3500|-|g3661,VFDB,gb|NP_460064,97.9,100.0,Effector delivery system,"(sopB/sigD) type III secretion system effector SopB, phosphoinositide phosphatase",,,
GCA_006862905.1,GCA_006862905.1|AAGLPJ010000026.1|45-920|-|g3659,VFDB,gb|NP_460061,97.9,100.0,Effector delivery system,(pipB) type III secretion system effector PipB,,,
GCA_008005965.1,GCA_008005965.1|AAJKJE010000006.1|1243-2121|+|g2859,VFDB,gb|NP_460026,97.9,90.7,Effector delivery system,"(sseI/srfH) type III secretion system effector SseI/SrfH (SsrB regulated factor H), deamidase",,,
GCA_000330625.1,GCA_000330625.1|ANOT01000046.1|59238-59960|-|g2779,VFDB,gb|NP_459545,97.9,100.0,Adherence,(fimY) fimbriae Y protein,,,
GCA_010716035.1,GCA_010716035.1|DAATFR010000006.1|28703-29425|+|g1729,VFDB,gb|NP_459545,97.9,100.0,Adherence,(fimY) fimbriae Y protein,,,
GCA_000812595.1,GCA_000812595.1|JRXC01000025.1|4166-4888|+|g2956,VFDB,gb|NP_459545,97.9,100.0,Adherence,(fimY) fimbriae Y protein,,,
GCA_011457165.1,GCA_011457165.1|AAQBKM010000001.1|509905-526590|-|g466,VFDB,gb|NP_463126,97.9,100.0,Adherence,(siiE) non-fimbrial adhesin SiiE,,,
GCA_000812595.1,GCA_000812595.1|JRXC01000018.1|114621-115901|+|g2219,VFDB,gb|WP_001286280,97.9,100.0,Nutritional/Metabolic factor,(ybtX) putative signal transducer,,,
GCA_001448615.1,GCA_001448615.1|LHSQ01000001.1|714234-714821|+|g703,VFDB,gb|NP_460366,97.9,100.0,Effector delivery system,"(sseD) type III secretion system hydrophilic translocator, pore protein SseD",,,
GCA_010714675.1,GCA_010714675.1|DAATGB010000016.1|27250-27837|+|g2418,VFDB,gb|NP_460366,97.9,100.0,Effector delivery system,"(sseD) type III secretion system hydrophilic translocator, pore protein SseD",,,
GCA_008032345.1,GCA_008032345.1|AAJLMD010000003.1|459423-460430|-|g2072,VFDB,gb|NP_459542,97.9,100.0,Adherence,"(fimH) type I fimbriae minor fimbrial subunit FimH, adhesin",,,
GCA_000812595.1,GCA_000812595.1|JRXC01000016.1|312672-314969|-|g1973,VFDB,gb|NP_459778,97.9,100.0,Effector delivery system,"(slrP) type III secretion system effector SlrP (Salmonella leucine-rich repeat protein),novel E3 ubiquitin ligase",,,
GCA_005675415.1,GCA_005675415.1|AADNIJ010000003.1|119105-119827|+|g1491,VFDB,gb|NP_459545,97.9,100.0,Adherence,(fimY) fimbriae Y protein,,,
GCA_010123345.1,GCA_010123345.1|DAAMFF010000019.1|2905-3492|+|g2971,VFDB,gb|NP_460366,97.9,100.0,Effector delivery system,"(sseD) type III secretion system hydrophilic translocator, pore protein SseD",,,
GCA_006862905.1,GCA_006862905.1|AAGLPJ010000013.1|120306-121259|-|g2791,VFDB,gb|NP_461866,97.8,100.0,Effector delivery system,(sopD) type III secretion system effector SopD,,,
GCA_010123345.1,GCA_010123345.1|DAAMFF010000001.1|362816-363352|-|g333,VFDB,gb|NP_459278,97.8,100.0,Effector delivery system,(tssJ) type VI secretion system-associated lipoprotein,,,
GCA_010716035.1,GCA_010716035.1|DAATFR010000006.1|36244-36801|-|g1736,VFDB,gb|NP_459538,97.8,100.0,Adherence,(fimA) type-1 fimbrial protein subunit A,,,
GCA_010716035.1,GCA_010716035.1|DAATFR010000017.1|43260-43931|-|g3535,VFDB,gb|NP_461790,97.8,98.7,Effector delivery system,(orgB/SctL) type III secretion system stator OrgB,,,
GCA_010716035.1,GCA_010716035.1|DAATFR010000002.1|406118-406807|-|g780,VFDB,gb|NP_460370,97.8,100.0,Effector delivery system,(sseG) type III secretion system effector SseG,,,
GCA_010715595.1,GCA_010715595.1|DAATGU010000003.1|263984-264673|+|g1060,VFDB,gb|NP_460370,97.8,100.0,Effector delivery system,(sseG) type III secretion system effector SseG,,,
GCA_008005965.1,GCA_008005965.1|AAJKJE010000001.1|612471-613439|+|g617,VFDB,gb|NP_460383,97.8,100.0,Effector delivery system,(ssaQ) type III secretion system C ring protein SsaQ,,,
GCA_006862905.1,GCA_006862905.1|AAGLPJ010000027.1|30860-31552|+|g3740,VFDB,gb|NP_459540,97.8,100.0,Adherence,(fimC) chaperone protein FimC,,,
GCA_006862905.1,GCA_006862905.1|AAGLPJ010000027.1|29651-30208|+|g3738,VFDB,gb|NP_459538,97.8,100.0,Adherence,(fimA) type-1 fimbrial protein subunit A,,,
GCA_001448615.1,GCA_001448615.1|LHSQ01000002.1|247120-247677|-|g2186,VFDB,gb|NP_459538,97.8,100.0,Adherence,(fimA) type-1 fimbrial protein subunit A,,,
GCA_010716035.1,GCA_010716035.1|DAATFR010000002.1|408088-408504|-|g783,VFDB,gb|NP_460367,97.8,100.0,Effector delivery system,(sseE) type III secretion system effector SseE,,,
GCA_005675415.1,GCA_005675415.1|AADNIJ010000001.1|264734-265423|+|g268,VFDB,gb|NP_460370,97.8,100.0,Effector delivery system,(sseG) type III secretion system effector SseG,,,
GCA_000812595.1,GCA_000812595.1|JRXC01000018.1|91930-92733|-|g2212,VFDB,gb|WP_015874966,97.8,100.0,Nutritional/Metabolic factor,(ybtT) type II thioesterase YbtT,,,
GCA_010123345.1,GCA_010123345.1|DAAMFF010000019.1|8027-8701|+|g2981,VFDB,gb|NP_460376,97.8,100.0,Effector delivery system,(ssaK) type III secretion system stator SsaK,,,
GCA_000330625.1,GCA_000330625.1|ANOT01000034.1|225598-226287|+|g1727,VFDB,gb|NP_460370,97.8,100.0,Effector delivery system,(sseG) type III secretion system effector SseG,,,
GCA_010123345.1,GCA_010123345.1|DAAMFF010000001.1|80898-81455|-|g77,VFDB,gb|NP_459538,97.8,100.0,Adherence,(fimA) type-1 fimbrial protein subunit A,,,
GCA_000812595.1,GCA_000812595.1|JRXC01000005.1|30047-30583|+|g3735,VFDB,gb|NP_459278,97.8,100.0,Effector delivery system,(tssJ) type VI secretion system-associated lipoprotein,,,
GCA_000192125.1,GCA_000192125.1|CM001153.1|2961320-2962273|+|g2858,VFDB,gb|NP_461866,97.8,100.0,Effector delivery system,(sopD) type III secretion system effector SopD,,,
GCA_010715595.1,GCA_010715595.1|DAATGU010000009.1|161511-162161|-|g2298,VFDB,gb|WP_002913007,97.7,100.0,Regulation,(rcsB) transcriptional regulator RcsB,,,
GCA_000329025.1,GCA_000329025.1|ALFF01000025.1|78243-78893|-|g772,VFDB,gb|WP_002913007,97.7,100.0,Regulation,(rcsB) transcriptional regulator RcsB,,,
GCA_000812595.1,GCA_000812595.1|JRXC01000011.1|16797-17447|+|g631,VFDB,gb|WP_002913007,97.7,100.0,Regulation,(rcsB) transcriptional regulator RcsB,,,
GCA_010716035.1,GCA_010716035.1|DAATFR010000006.1|30707-31225|-|g1731,VFDB,gb|NP_459543,97.7,100.0,Adherence,(fimF) type I fimbriae adaptor protein FimF,,,
GCA_010716035.1,GCA_010716035.1|DAATFR010000029.1|9124-9894|-|g4303,VFDB,gb|NP_459281,97.7,99.6,Effector delivery system,(STM0283) hypothetical protein,,,
GCA_008032345.1,GCA_008032345.1|AAJLMD010000001.1|176470-177249|+|g183,VFDB,gb|NP_460386,97.7,100.0,Effector delivery system,(ssaT) type III secretion system minor export apparatus protein SsaT,,,
GCA_011457165.1,GCA_011457165.1|AAQBKM010000009.1|186037-186687|-|g3040,VFDB,gb|WP_002913007,97.7,100.0,Regulation,(rcsB) transcriptional regulator RcsB,,,
GCA_000330625.1,GCA_000330625.1|ANOT01000058.1|53619-55676|+|g4176,VFDB,gb|NP_461803,97.7,100.0,Effector delivery system,(sipA/sspA) type III secretion system effector SipA (Salmonella invasion protein A),,,
GCA_000258365.1,GCA_000258365.1|CP003416.1|3105652-3106302|+|g2939,VFDB,gb|WP_002913007,97.7,100.0,Regulation,(rcsB) transcriptional regulator RcsB,,,
GCA_006862905.1,GCA_006862905.1|AAGLPJ010000006.1|165682-166464|+|g1742,VFDB,gb|NP_460369,97.7,100.0,Effector delivery system,(sseF) type III secretion system effector SseF,,,
GCA_010714675.1,GCA_010714675.1|DAATGB010000007.1|154848-155498|-|g1354,VFDB,gb|WP_002913007,97.7,100.0,Regulation,(rcsB) transcriptional regulator RcsB,,,
GCA_010716035.1,GCA_010716035.1|DAATFR010000022.1|56339-56989|-|g3948,VFDB,gb|WP_002913007,97.7,100.0,Regulation,(rcsB) transcriptional regulator RcsB,,,
GCA_000812595.1,GCA_000812595.1|JRXC01000010.1|235718-236500|+|g312,VFDB,gb|NP_460369,97.7,100.0,Effector delivery system,(sseF) type III secretion system effector SseF,,,
GCA_011457165.1,GCA_011457165.1|AAQBKM010000004.1|379388-380167|-|g1856,VFDB,gb|NP_460386,97.7,100.0,Effector delivery system,(ssaT) type III secretion system minor export apparatus protein SsaT,,,
GCA_000330625.1,GCA_000330625.1|ANOT01000026.1|64123-64773|-|g1193,VFDB,gb|WP_002913007,97.7,100.0,Regulation,(rcsB) transcriptional regulator RcsB,,,
GCA_000474395.1,GCA_000474395.1|AUQU01000056.1|259383-260033|-|g4220,VFDB,gb|WP_002913007,97.7,100.0,Regulation,(rcsB) transcriptional regulator RcsB,,,
GCA_010123015.1,GCA_010123015.1|DAAMFD010000011.1|161308-161958|-|g2563,VFDB,gb|WP_002913007,97.7,100.0,Regulation,(rcsB) transcriptional regulator RcsB,,,
GCA_006862905.1,GCA_006862905.1|AAGLPJ010000003.1|9994-10644|+|g723,VFDB,gb|WP_002913007,97.7,100.0,Regulation,(rcsB) transcriptional regulator RcsB,,,
GCA_008005965.1,GCA_008005965.1|AAJKJE010000005.1|16332-16982|+|g2543,VFDB,gb|WP_002913007,97.7,100.0,Regulation,(rcsB) transcriptional regulator RcsB,,,
GCA_005675415.1,GCA_005675415.1|AADNIJ010000004.1|16784-17434|+|g1779,VFDB,gb|WP_002913007,97.7,100.0,Regulation,(rcsB) transcriptional regulator RcsB,,,
GCA_008032345.1,GCA_008032345.1|AAJLMD010000006.1|364640-365290|-|g3315,VFDB,gb|WP_002913007,97.7,100.0,Regulation,(rcsB) transcriptional regulator RcsB,,,
GCA_005675415.1,GCA_005675415.1|AADNIJ010000003.1|393133-393519|-|g1746,VFDB,gb|NP_459285,97.7,92.8,Effector delivery system,(STM0287) putative periplasmic protein,,,
GCA_000812595.1,GCA_000812595.1|JRXC01000018.1|103412-109519|-|g2215,VFDB,gb|WP_002212775,97.7,100.0,Nutritional/Metabolic factor,(irp2) yersiniabactin biosynthetic protein Irp2,,,
GCA_010716035.1,GCA_010716035.1|DAATFR010000001.1|198195-198719|+|g189,VFDB,gb|NP_462541,97.7,97.8,Adherence,(lpfA) long polar fimbria protein LpfA,,,
GCA_000330625.1,GCA_000330625.1|ANOT01000060.1|14618-15004|+|g4313,VFDB,gb|NP_459285,97.7,92.8,Effector delivery system,(STM0287) putative periplasmic protein,,,
GCA_011454775.1,GCA_011454775.1|AAQBFY010000004.1|267104-267754|-|g2801,VFDB,gb|WP_002913007,97.7,100.0,Regulation,(rcsB) transcriptional regulator RcsB,,,
GCA_000192125.1,GCA_000192125.1|CM001153.1|1782608-1784062|-|g1732,VFDB,gb|NP_460365,97.7,100.0,Effector delivery system,"(sseC) type III secretion system hydrophilic translocator, pore protein SseC",,,
GCA_005675415.1,GCA_005675415.1|AADNIJ010000002.1|184158-186215|-|g1053,VFDB,gb|NP_461803,97.7,100.0,Effector delivery system,(sipA/sspA) type III secretion system effector SipA (Salmonella invasion protein A),,,
GCA_011457165.1,GCA_011457165.1|AAQBKM010000002.1|410839-411372|-|g893,VFDB,gb|NP_459539,97.7,100.0,Adherence,(fimI) fimbrial protein internal segment,,,
GCA_008032345.1,GCA_008032345.1|AAJLMD010000001.1|164790-165572|+|g166,VFDB,gb|NP_460369,97.7,100.0,Effector delivery system,(sseF) type III secretion system effector SseF,,,
GCA_010123345.1,GCA_010123345.1|DAAMFF010000018.1|76565-77215|-|g2951,VFDB,gb|WP_002913007,97.7,100.0,Regulation,(rcsB) transcriptional regulator RcsB,,,
GCA_010714675.1,GCA_010714675.1|DAATGB010000037.1|14951-15847|+|g4086,VFDB,gb|NP_461708,97.7,100.0,Antimicrobial activity/Competitive advantage,(mig-14) antimicrobial peptide resistance protein Mig-14,,,
GCA_001448615.1,GCA_001448615.1|LHSQ01000001.1|92843-93493|-|g82,VFDB,gb|WP_002913007,97.7,100.0,Regulation,(rcsB) transcriptional regulator RcsB,,,
GCA_001448615.1,GCA_001448615.1|LHSQ01000003.1|179070-186284|-|g2760,VFDB,gb|NP_461449,97.6,98.7,Adherence,(ratB) putative outer membrane protein,,,
GCA_008032345.1,GCA_008032345.1|AAJLMD010000007.1|38569-39444|-|g3368,VFDB,gb|NP_460061,97.6,100.0,Effector delivery system,(pipB) type III secretion system effector PipB,,,
GCA_011457165.1,GCA_011457165.1|AAQBKM010000004.1|391071-391703|-|g1873,VFDB,gb|NP_460369,97.6,80.8,Effector delivery system,(sseF) type III secretion system effector SseF,,,
GCA_006862905.1,GCA_006862905.1|AAGLPJ010000007.1|164880-165890|-|g1943,VFDB,gb|NP_461813,97.6,100.0,Effector delivery system,(invJ) type III secretion system needle length regulator InvJ,,,
GCA_006862905.1,GCA_006862905.1|AAGLPJ010000007.1|140587-141342|-|g1917,VFDB,gb|NP_461787,97.6,100.0,Effector delivery system,(sprB) transcriptional regulator,,,
GCA_006862905.1,GCA_006862905.1|AAGLPJ010000006.1|157725-158108|+|g1731,VFDB,gb|NP_460358,97.6,95.5,Effector delivery system,(spiC/ssaB) Salmonella pathogenicity island 2 protein C (SpiC); Type III secretion system apparatus protein B (SsaB),,,
GCA_001448615.1,GCA_001448615.1|LHSQ01000011.1|59255-70474|-|g1859,VFDB,gb|WP_001237694.1,97.6,97.8,Adherence,(bapA) biofilm-associated protein BapA,,,
GCA_000330625.1,GCA_000330625.1|ANOT01000050.1|28982-31330|+|g3066,VFDB,gb|NP_461011,97.6,100.0,Effector delivery system,"(sopA) type III secretion system effector SopA, HECT-like E3 ubiquitin ligase",,,
GCA_001448615.1,GCA_001448615.1|LHSQ01000001.1|1425918-1426793|+|g1419,VFDB,gb|NP_460061,97.6,100.0,Effector delivery system,(pipB) type III secretion system effector PipB,,,
GCA_005675415.1,GCA_005675415.1|AADNIJ010000006.1|108678-111026|+|g2553,VFDB,gb|NP_461011,97.6,100.0,Effector delivery system,"(sopA) type III secretion system effector SopA, HECT-like E3 ubiquitin ligase",,,
GCA_000192125.1,GCA_000192125.1|CM001153.1|2899876-2900124|-|g2796,VFDB,gb|NP_461802,97.6,100.0,Effector delivery system,(iacP) putative acyl carrier protein,,,
GCA_008005965.1,GCA_008005965.1|AAJKJE010000006.1|39419-41110|-|g2896,VFDB,gb|NP_460064,97.5,99.6,Effector delivery system,"(sopB/sigD) type III secretion system effector SopB, phosphoinositide phosphatase",,,
GCA_005675415.1,GCA_005675415.1|AADNIJ010000001.1|269283-269651|+|g276,VFDB,gb|NP_460378,97.5,100.0,Effector delivery system,(ssaM) type III secretion system protein SsaM,,,
GCA_006862905.1,GCA_006862905.1|AAGLPJ010000001.1|6005-6727|+|g6,VFDB,gb|NP_460811,97.5,100.0,Effector delivery system,"(sopE2) type III secretion system effector SopE2, guanine nucleotide exchange factor",,,
GCA_000812595.1,GCA_000812595.1|JRXC01000018.1|88197-90218|-|g2210,VFDB,gb|WP_015874968,97.5,100.0,Nutritional/Metabolic factor,(fyuA) yersiniabactin receptor FyuA,,,
GCA_006862905.1,GCA_006862905.1|AAGLPJ010000006.1|171010-171378|+|g1751,VFDB,gb|NP_460378,97.5,100.0,Effector delivery system,(ssaM) type III secretion system protein SsaM,,,
GCA_005675415.1,GCA_005675415.1|AADNIJ010000010.1|105417-107102|-|g3371,VFDB,gb|NP_460064,97.5,100.0,Effector delivery system,"(sopB/sigD) type III secretion system effector SopB, phosphoinositide phosphatase",,,
GCA_010716035.1,GCA_010716035.1|DAATFR010000002.1|401891-402259|-|g772,VFDB,gb|NP_460378,97.5,100.0,Effector delivery system,(ssaM) type III secretion system protein SsaM,,,
GCA_010123345.1,GCA_010123345.1|DAAMFF010000002.1|44636-44878|-|g405,VFDB,gb|NP_461794,97.5,100.0,Effector delivery system,(prgI) type III secretion system needle filament protein PrgI,,,
GCA_000330625.1,GCA_000330625.1|ANOT01000052.1|9372-11057|+|g3288,VFDB,gb|NP_460064,97.5,100.0,Effector delivery system,"(sopB/sigD) type III secretion system effector SopB, phosphoinositide phosphatase",,,
GCA_010123345.1,GCA_010123345.1|DAAMFF010000002.1|109334-110287|+|g471,VFDB,gb|NP_461866,97.5,100.0,Effector delivery system,(sopD) type III secretion system effector SopD,,,
GCA_000330625.1,GCA_000330625.1|ANOT01000034.1|230147-230515|+|g1735,VFDB,gb|NP_460378,97.5,100.0,Effector delivery system,(ssaM) type III secretion system protein SsaM,,,
GCA_010715595.1,GCA_010715595.1|DAATGU010000001.1|225972-226664|-|g211,VFDB,gb|NP_459540,97.4,100.0,Adherence,(fimC) chaperone protein FimC,,,
GCA_011457165.1,GCA_011457165.1|AAQBKM010000005.1|343184-343774|+|g2217,VFDB,gb|NP_460363,97.4,100.0,Effector delivery system,(sseB) type III secretion system effector SseB,,,
GCA_006862905.1,GCA_006862905.1|AAGLPJ010000018.1|22141-24489|-|g3152,VFDB,gb|NP_461011,97.4,100.0,Effector delivery system,"(sopA) type III secretion system effector SopA, HECT-like E3 ubiquitin ligase",,,
GCA_000812595.1,GCA_000812595.1|JRXC01000010.1|542982-544355|-|g611,VFDB,gb|NP_460656,97.4,100.0,Effector delivery system,"(steC) type III secretion system effector SteC (Salmonella translocated effector C), kinase",,,
GCA_010123345.1,GCA_010123345.1|DAAMFF010000001.1|79553-80245|-|g75,VFDB,gb|NP_459540,97.4,100.0,Adherence,(fimC) chaperone protein FimC,,,
GCA_000329025.1,GCA_000329025.1|ALFF01000068.1|31477-32352|+|g2621,VFDB,gb|NP_460061,97.3,100.0,Effector delivery system,(pipB) type III secretion system effector PipB,,,
GCA_000329025.1,GCA_000329025.1|ALFF01000094.1|37903-38238|+|g3676,VFDB,gb|NP_461083.1,97.3,100.0,Effector delivery system,(steD) type III secretion system effector SteD,,,
GCA_011457165.1,GCA_011457165.1|AAQBKM010000002.1|411447-412004|-|g894,VFDB,gb|NP_459538,97.3,100.0,Adherence,(fimA) type-1 fimbrial protein subunit A,,,
GCA_010714675.1,GCA_010714675.1|DAATGB010000016.1|25780-27234|+|g2417,VFDB,gb|NP_460365,97.3,100.0,Effector delivery system,"(sseC) type III secretion system hydrophilic translocator, pore protein SseC",,,
GCA_011457165.1,GCA_011457165.1|AAQBKM010000003.1|99480-100376|+|g1153,VFDB,gb|NP_461708,97.3,100.0,Antimicrobial activity/Competitive advantage,(mig-14) antimicrobial peptide resistance protein Mig-14,,,
GCA_001448615.1,GCA_001448615.1|LHSQ01000001.1|712764-714218|+|g702,VFDB,gb|NP_460365,97.3,100.0,Effector delivery system,"(sseC) type III secretion system hydrophilic translocator, pore protein SseC",,,
GCA_008005965.1,GCA_008005965.1|AAJKJE010000006.1|37632-38507|-|g2894,VFDB,gb|NP_460061,97.3,100.0,Effector delivery system,(pipB) type III secretion system effector PipB,,,
GCA_010715595.1,GCA_010715595.1|DAATGU010000001.1|227316-227873|-|g213,VFDB,gb|NP_459538,97.3,100.0,Adherence,(fimA) type-1 fimbrial protein subunit A,,,
GCA_008005965.1,GCA_008005965.1|AAJKJE010000001.1|104391-104726|+|g100,VFDB,gb|NP_461083.1,97.3,100.0,Effector delivery system,(steD) type III secretion system effector SteD,,,
GCA_000192125.1,GCA_000192125.1|CM001153.1|2227832-2228167|-|g2182,VFDB,gb|NP_461083.1,97.3,100.0,Effector delivery system,(steD) type III secretion system effector SteD,,,
GCA_000330625.1,GCA_000330625.1|ANOT01000034.1|224819-225601|+|g1726,VFDB,gb|NP_460369,97.3,100.0,Effector delivery system,(sseF) type III secretion system effector SseF,,,
GCA_006862905.1,GCA_006862905.1|AAGLPJ010000007.1|143428-144099|-|g1920,VFDB,gb|NP_461790,97.3,98.7,Effector delivery system,(orgB/SctL) type III secretion system stator OrgB,,,
GCA_001448615.1,GCA_001448615.1|LHSQ01000001.1|220103-220438|+|g204,VFDB,gb|NP_461083.1,97.3,100.0,Effector delivery system,(steD) type III secretion system effector SteD,,,
GCA_000330625.1,GCA_000330625.1|ANOT01000058.1|66572-67024|+|g4190,VFDB,gb|NP_461789,97.3,100.0,Effector delivery system,(orgC) type III secretion system effector OrgC,,,
GCA_000192125.1,GCA_000192125.1|CM001153.1|1063586-1064461|-|g990,VFDB,gb|NP_460061,97.3,100.0,Effector delivery system,(pipB) type III secretion system effector PipB,,,
GCA_000812595.1,GCA_000812595.1|JRXC01000018.1|93827-103324|-|g2214,VFDB,gb|WP_002212777,97.3,99.9,Nutritional/Metabolic factor,(irp1) yersiniabactin biosynthetic protein Irp1,,,
GCA_006862905.1,GCA_006862905.1|AAGLPJ010000007.1|142960-143412|-|g1919,VFDB,gb|NP_461789,97.3,100.0,Effector delivery system,(orgC) type III secretion system effector OrgC,,,
GCA_005675415.1,GCA_005675415.1|AADNIJ010000001.1|263955-264737|+|g267,VFDB,gb|NP_460369,97.3,100.0,Effector delivery system,(sseF) type III secretion system effector SseF,,,
GCA_008032345.1,GCA_008032345.1|AAJLMD010000003.1|464432-464989|-|g2076,VFDB,gb|NP_459538,97.3,100.0,Adherence,(fimA) type-1 fimbrial protein subunit A,,,
GCA_011454775.1,GCA_011454775.1|AAQBFY010000001.1|1215969-1216844|+|g1215,VFDB,gb|NP_460061,97.3,100.0,Effector delivery system,(pipB) type III secretion system effector PipB,,,
GCA_000258365.1,GCA_000258365.1|CP003416.1|2221622-2223076|+|g2068,VFDB,gb|NP_460365,97.3,100.0,Effector delivery system,"(sseC) type III secretion system hydrophilic translocator, pore protein SseC",,,
GCA_011454775.1,GCA_011454775.1|AAQBFY010000001.1|36525-36860|+|g35,VFDB,gb|NP_461083.1,97.3,100.0,Effector delivery system,(steD) type III secretion system effector SteD,,,
GCA_011457165.1,GCA_011457165.1|AAQBKM010000013.1|44409-44744|-|g3551,VFDB,gb|NP_461083.1,97.3,100.0,Effector delivery system,(steD) type III secretion system effector SteD,,,
GCA_005675415.1,GCA_005675415.1|AADNIJ010000002.1|172810-173262|-|g1039,VFDB,gb|NP_461789,97.3,100.0,Effector delivery system,(orgC) type III secretion system effector OrgC,,,
GCA_005675415.1,GCA_005675415.1|AADNIJ010000016.1|31847-48532|+|g3870,VFDB,gb|NP_463126,97.2,100.0,Adherence,(siiE) non-fimbrial adhesin SiiE,,,
GCA_011457165.1,GCA_011457165.1|AAQBKM010000015.1|100803-101339|-|g3861,VFDB,gb|NP_459278,97.2,100.0,Effector delivery system,(tssJ) type VI secretion system-associated lipoprotein,,,
GCA_011457165.1,GCA_011457165.1|AAQBKM010000003.1|193617-195674|-|g1250,VFDB,gb|NP_461803,97.2,100.0,Effector delivery system,(sipA/sspA) type III secretion system effector SipA (Salmonella invasion protein A),,,
GCA_011457165.1,GCA_011457165.1|AAQBKM010000004.1|388802-389551|-|g1868,VFDB,gb|NP_460374,97.2,100.0,Effector delivery system,(ssaJ) type III secretion system inner MS ring protein SsaJ,,,
GCA_000192125.1,GCA_000192125.1|CM001153.1|2354930-2355580|+|g2308,VFDB,gb|WP_002913007,97.2,100.0,Regulation,(rcsB) transcriptional regulator RcsB,,,
GCA_000330625.1,GCA_000330625.1|ANOT01000020.1|12837-29522|-|g472,VFDB,gb|NP_463126,97.2,100.0,Adherence,(siiE) non-fimbrial adhesin SiiE,,,
GCA_000812595.1,GCA_000812595.1|JRXC01000018.1|112826-114628|+|g2218,VFDB,gb|WP_002212761,97.2,100.0,Nutritional/Metabolic factor,(ybtQ) yersiniabactin ABC transporter ATP-binding/permease protein YbtQ,,,
GCA_000258365.1,GCA_000258365.1|CP003416.1|2223258-2223680|+|g2070,VFDB,gb|NP_460366,97.1,71.8,Effector delivery system,"(sseD) type III secretion system hydrophilic translocator, pore protein SseD",,,
GCA_010716035.1,GCA_010716035.1|DAATFR010000026.1|27082-27600|-|g4187,VFDB,gb|WP_001142968,97.1,100.0,Effector delivery system,"(hcp2/tssD2) Type VI secretion system protein, Hcp family",,,
GCA_005675415.1,GCA_005675415.1|AADNIJ010000005.1|204761-205285|+|g2301,VFDB,gb|NP_462541,97.1,97.8,Adherence,(lpfA) long polar fimbria protein LpfA,,,
GCA_001448615.1,GCA_001448615.1|LHSQ01000001.1|1354591-1355109|-|g1350,VFDB,gb|WP_001142968,97.1,100.0,Effector delivery system,"(hcp2/tssD2) Type VI secretion system protein, Hcp family",,,
GCA_010715595.1,GCA_010715595.1|DAATGU010000001.1|219775-220497|+|g206,VFDB,gb|NP_459545,97.1,100.0,Adherence,(fimY) fimbriae Y protein,,,
GCA_000812595.1,GCA_000812595.1|JRXC01000018.1|90349-91926|-|g2211,VFDB,gb|WP_001088826,97.1,100.0,Nutritional/Metabolic factor,(ybtE) yersiniabactin siderophore biosynthetic protein,,,
GCA_011457165.1,GCA_011457165.1|AAQBKM010000005.1|191919-192332|+|g2064,VFDB,gb|WP_000281950,97.1,100.0,Exotoxin,(pltB) typhoid-like toxin S-CDT binding subunit PltB,,,
GCA_008005965.1,GCA_008005965.1|AAJKJE010000006.1|108703-109221|+|g2962,VFDB,gb|WP_001142968,97.1,100.0,Effector delivery system,"(hcp2/tssD2) Type VI secretion system protein, Hcp family",,,
GCA_011457165.1,GCA_011457165.1|AAQBKM010000007.1|81654-82376|-|g2506,VFDB,gb|NP_460811,97.1,100.0,Effector delivery system,"(sopE2) type III secretion system effector SopE2, guanine nucleotide exchange factor",,,
GCA_006862905.1,GCA_006862905.1|AAGLPJ010000027.1|37027-37749|-|g3745,VFDB,gb|NP_459545,97.1,100.0,Adherence,(fimY) fimbriae Y protein,,,
GCA_005675415.1,GCA_005675415.1|AADNIJ010000002.1|181550-183157|-|g1049,VFDB,gb|NP_461799,97.1,98.5,Effector delivery system,"(sptP) type III secretion system effector SptP, tyrosine phosphatase and GTPase-activating protein",,,
GCA_000330625.1,GCA_000330625.1|ANOT01000058.1|56677-58284|+|g4180,VFDB,gb|NP_461799,97.1,98.5,Effector delivery system,"(sptP) type III secretion system effector SptP, tyrosine phosphatase and GTPase-activating protein",,,
GCA_000330625.1,GCA_000330625.1|ANOT01000054.1|23689-24207|+|g3675,VFDB,gb|WP_001142968,97.1,100.0,Effector delivery system,"(hcp2/tssD2) Type VI secretion system protein, Hcp family",,,
GCA_011457165.1,GCA_011457165.1|AAQBKM010000006.1|144809-147001|-|g2339,VFDB,gb|NP_461452,97.1,100.0,Adherence,(sinH) intimin-like protein,,,
GCA_010716035.1,GCA_010716035.1|DAATFR010000013.1|93031-94716|-|g3155,VFDB,gb|NP_460064,97.1,100.0,Effector delivery system,"(sopB/sigD) type III secretion system effector SopB, phosphoinositide phosphatase",,,
GCA_005675415.1,GCA_005675415.1|AADNIJ010000001.1|876158-876676|-|g865,VFDB,gb|WP_001142968,97.1,100.0,Effector delivery system,"(hcp2/tssD2) Type VI secretion system protein, Hcp family",,,
GCA_000330625.1,GCA_000330625.1|ANOT01000053.1|172412-172936|-|g3597,VFDB,gb|NP_462541,97.1,97.8,Adherence,(lpfA) long polar fimbria protein LpfA,,,
GCA_000192125.1,GCA_000192125.1|CM001153.1|1134852-1135370|+|g1061,VFDB,gb|WP_001142968,97.1,100.0,Effector delivery system,"(hcp2/tssD2) Type VI secretion system protein, Hcp family",,,
GCA_001448615.1,GCA_001448615.1|LHSQ01000001.1|120228-122534|+|g111,VFDB,gb|NP_461184,97.0,97.5,Effector delivery system,"(sspH2) type III secretion system effector SspH2 (Salmonella secreted protein H2), novel E3 ubiquitin ligase",,,
GCA_000474395.1,GCA_000474395.1|AUQU01000023.1|23527-23898|+|g2712,VFDB,gb|NP_459276,96.9,96.9,Effector delivery system,(STM0278) putative periplasmic protein,,,
GCA_010716035.1,GCA_010716035.1|DAATFR010000013.1|90820-91695|-|g3153,VFDB,gb|NP_460061,96.9,100.0,Effector delivery system,(pipB) type III secretion system effector PipB,,,
GCA_000812595.1,GCA_000812595.1|JRXC01000005.1|28981-29352|+|g3733,VFDB,gb|NP_459276,96.9,96.9,Effector delivery system,(STM0278) putative periplasmic protein,,,
GCA_010123015.1,GCA_010123015.1|DAAMFD010000015.1|92723-93094|-|g3104,VFDB,gb|NP_459276,96.9,96.9,Effector delivery system,(STM0278) putative periplasmic protein,,,
GCA_011457165.1,GCA_011457165.1|AAQBKM010000004.1|390385-391074|-|g1872,VFDB,gb|NP_460370,96.9,100.0,Effector delivery system,(sseG) type III secretion system effector SseG,,,
GCA_010123345.1,GCA_010123345.1|DAAMFF010000001.1|364047-364418|-|g335,VFDB,gb|NP_459276,96.9,96.9,Effector delivery system,(STM0278) putative periplasmic protein,,,
GCA_008032345.1,GCA_008032345.1|AAJLMD010000017.1|24349-24720|+|g4549,VFDB,gb|NP_459276,96.9,96.9,Effector delivery system,(STM0278) putative periplasmic protein,,,
GCA_000258365.1,GCA_000258365.1|CP003416.1|1060806-1061177|+|g936,VFDB,gb|NP_459276,96.9,96.9,Effector delivery system,(STM0278) putative periplasmic protein,,,
GCA_006862905.1,GCA_006862905.1|AAGLPJ010000028.1|17536-17907|-|g3765,VFDB,gb|NP_459276,96.9,96.9,Effector delivery system,(STM0278) putative periplasmic protein,,,
GCA_010714675.1,GCA_010714675.1|DAATGB010000017.1|88602-88973|-|g2613,VFDB,gb|NP_459276,96.9,96.9,Effector delivery system,(STM0278) putative periplasmic protein,,,
GCA_000330625.1,GCA_000330625.1|ANOT01000034.1|234197-234571|+|g1739,VFDB,gb|NP_460382,96.8,100.0,Effector delivery system,(ssaP) type III secretion system needle length regulator SsaP,,,
GCA_005675415.1,GCA_005675415.1|AADNIJ010000001.1|273333-273707|+|g280,VFDB,gb|NP_460382,96.8,100.0,Effector delivery system,(ssaP) type III secretion system needle length regulator SsaP,,,
GCA_006862905.1,GCA_006862905.1|AAGLPJ010000007.1|151706-153313|-|g1929,VFDB,gb|NP_461799,96.7,98.5,Effector delivery system,"(sptP) type III secretion system effector SptP, tyrosine phosphatase and GTPase-activating protein",,,
GCA_011457165.1,GCA_011457165.1|AAQBKM010000004.1|386157-386525|-|g1864,VFDB,gb|NP_460378,96.7,100.0,Effector delivery system,(ssaM) type III secretion system protein SsaM,,,
GCA_005675415.1,GCA_005675415.1|AADNIJ010000001.1|742006-742728|-|g725,VFDB,gb|NP_460811,96.7,100.0,Effector delivery system,"(sopE2) type III secretion system effector SopE2, guanine nucleotide exchange factor",,,
GCA_000330625.1,GCA_000330625.1|ANOT01000037.1|73551-74273|-|g2188,VFDB,gb|NP_460811,96.7,100.0,Effector delivery system,"(sopE2) type III secretion system effector SopE2, guanine nucleotide exchange factor",,,
GCA_008032345.1,GCA_008032345.1|AAJLMD010000009.1|7000-8286|-|g3759,VFDB,gb|WP_000763621,96.7,100.0,Invasion,(pilO) type 4b pilus protein PilO2,,,
GCA_006862905.1,GCA_006862905.1|AAGLPJ010000011.1|103273-105570|-|g2527,VFDB,gb|NP_459778,96.7,100.0,Effector delivery system,"(slrP) type III secretion system effector SlrP (Salmonella leucine-rich repeat protein),novel E3 ubiquitin ligase",,,
GCA_008032345.1,GCA_008032345.1|AAJLMD010000001.1|885552-887900|+|g899,VFDB,gb|NP_461011,96.7,100.0,Effector delivery system,"(sopA) type III secretion system effector SopA, HECT-like E3 ubiquitin ligase",,,
GCA_011457165.1,GCA_011457165.1|AAQBKM010000002.1|403906-404628|+|g887,VFDB,gb|NP_459545,96.7,100.0,Adherence,(fimY) fimbriae Y protein,,,
GCA_010715595.1,GCA_010715595.1|DAATGU010000027.1|12152-13204|-|g4020,VFDB,gb|NP_461706,96.6,100.0,Effector delivery system,(pipB2) type III secretion system effector PipB3,,,
GCA_005675415.1,GCA_005675415.1|AADNIJ010000010.1|103201-104076|-|g3369,VFDB,gb|NP_460061,96.6,100.0,Effector delivery system,(pipB) type III secretion system effector PipB,,,
GCA_000330625.1,GCA_000330625.1|ANOT01000052.1|12398-13273|+|g3290,VFDB,gb|NP_460061,96.6,100.0,Effector delivery system,(pipB) type III secretion system effector PipB,,,
GCA_008005965.1,GCA_008005965.1|AAJKJE010000009.1|229187-229960|-|g3849,VFDB,gb|NP_459281,96.5,100.0,Effector delivery system,(STM0283) hypothetical protein,,,
GCA_010716035.1,GCA_010716035.1|DAATFR010000002.1|406804-407586|-|g781,VFDB,gb|NP_460369,96.5,100.0,Effector delivery system,(sseF) type III secretion system effector SseF,,,
GCA_010123345.1,GCA_010123345.1|DAAMFF010000019.1|5192-5881|+|g2975,VFDB,gb|NP_460370,96.5,100.0,Effector delivery system,(sseG) type III secretion system effector SseG,,,
GCA_011454775.1,GCA_011454775.1|AAQBFY010000001.1|1139923-1140336|+|g1132,VFDB,gb|WP_008500318.1,96.4,100.0,Motility,(fliN) flagellar motor switch protein FliN,,,
GCA_010716035.1,GCA_010716035.1|DAATFR010000008.1|208287-208700|+|g2376,VFDB,gb|WP_008500318.1,96.4,100.0,Motility,(fliN) flagellar motor switch protein FliN,,,
GCA_000330625.1,GCA_000330625.1|ANOT01000037.1|181423-181836|+|g2301,VFDB,gb|WP_008500318.1,96.4,100.0,Motility,(fliN) flagellar motor switch protein FliN,,,
GCA_000330625.1,GCA_000330625.1|ANOT01000037.1|180422-181426|+|g2300,VFDB,gb|WP_013097736.1,96.4,100.0,Motility,(fliM) flagellar motor switch protein FliM,,,
GCA_005675415.1,GCA_005675415.1|AADNIJ010000001.1|849878-850291|+|g838,VFDB,gb|WP_008500318.1,96.4,100.0,Motility,(fliN) flagellar motor switch protein FliN,,,
GCA_000329025.1,GCA_000329025.1|ALFF01000001.1|28252-29256|-|g38,VFDB,gb|WP_013097736.1,96.4,100.0,Motility,(fliM) flagellar motor switch protein FliM,,,
GCA_010123345.1,GCA_010123345.1|DAAMFF010000003.1|304266-305270|-|g961,VFDB,gb|WP_013097736.1,96.4,100.0,Motility,(fliM) flagellar motor switch protein FliM,,,
GCA_010123345.1,GCA_010123345.1|DAAMFF010000003.1|303856-304269|-|g960,VFDB,gb|WP_008500318.1,96.4,100.0,Motility,(fliN) flagellar motor switch protein FliN,,,
GCA_010123345.1,GCA_010123345.1|DAAMFF010000003.1|114010-114345|+|g788,VFDB,gb|NP_461083.1,96.4,100.0,Effector delivery system,(steD) type III secretion system effector SteD,,,
GCA_011457165.1,GCA_011457165.1|AAQBKM010000007.1|194539-195543|+|g2624,VFDB,gb|WP_013097736.1,96.4,100.0,Motility,(fliM) flagellar motor switch protein FliM,,,
GCA_000258365.1,GCA_000258365.1|CP003416.1|2799336-2800340|+|g2645,VFDB,gb|WP_013097736.1,96.4,100.0,Motility,(fliM) flagellar motor switch protein FliM,,,
GCA_000258365.1,GCA_000258365.1|CP003416.1|2800337-2800750|+|g2646,VFDB,gb|WP_008500318.1,96.4,100.0,Motility,(fliN) flagellar motor switch protein FliN,,,
GCA_000258365.1,GCA_000258365.1|CP003416.1|3373074-3379226|-|g3188,VFDB,gb|NP_461448,96.4,99.5,Adherence,(shdA) AIDA autotransporter-like protein,,,
GCA_006862905.1,GCA_006862905.1|AAGLPJ010000019.1|62765-63178|+|g3286,VFDB,gb|WP_008500318.1,96.4,100.0,Motility,(fliN) flagellar motor switch protein FliN,,,
GCA_010715595.1,GCA_010715595.1|DAATGU010000005.1|222730-223143|-|g1582,VFDB,gb|WP_008500318.1,96.4,100.0,Motility,(fliN) flagellar motor switch protein FliN,,,
GCA_006862905.1,GCA_006862905.1|AAGLPJ010000019.1|61764-62768|+|g3285,VFDB,gb|WP_013097736.1,96.4,100.0,Motility,(fliM) flagellar motor switch protein FliM,,,
GCA_008005965.1,GCA_008005965.1|AAJKJE010000006.1|141405-141818|-|g2993,VFDB,gb|WP_008500318.1,96.4,100.0,Motility,(fliN) flagellar motor switch protein FliN,,,
GCA_010714675.1,GCA_010714675.1|DAATGB010000010.1|114213-120365|+|g1750,VFDB,gb|NP_461448,96.4,99.5,Adherence,(shdA) AIDA autotransporter-like protein,,,
GCA_008005965.1,GCA_008005965.1|AAJKJE010000006.1|141815-142819|-|g2994,VFDB,gb|WP_013097736.1,96.4,100.0,Motility,(fliM) flagellar motor switch protein FliM,,,
GCA_001448615.1,GCA_001448615.1|LHSQ01000001.1|1326159-1327163|+|g1318,VFDB,gb|WP_013097736.1,96.4,100.0,Motility,(fliM) flagellar motor switch protein FliM,,,
GCA_000329025.1,GCA_000329025.1|ALFF01000001.1|27842-28255|-|g37,VFDB,gb|WP_008500318.1,96.4,100.0,Motility,(fliN) flagellar motor switch protein FliN,,,
GCA_010715595.1,GCA_010715595.1|DAATGU010000005.1|223140-224144|-|g1583,VFDB,gb|WP_013097736.1,96.4,100.0,Motility,(fliM) flagellar motor switch protein FliM,,,
GCA_010714675.1,GCA_010714675.1|DAATGB010000018.1|94369-94782|-|g2733,VFDB,gb|WP_008500318.1,96.4,100.0,Motility,(fliN) flagellar motor switch protein FliN,,,
GCA_010714675.1,GCA_010714675.1|DAATGB010000018.1|94779-95783|-|g2734,VFDB,gb|WP_013097736.1,96.4,100.0,Motility,(fliM) flagellar motor switch protein FliM,,,
GCA_000474395.1,GCA_000474395.1|AUQU01000015.1|43541-44545|-|g2330,VFDB,gb|WP_013097736.1,96.4,100.0,Motility,(fliM) flagellar motor switch protein FliM,,,
GCA_001448615.1,GCA_001448615.1|LHSQ01000001.1|1327160-1327573|+|g1319,VFDB,gb|WP_008500318.1,96.4,100.0,Motility,(fliN) flagellar motor switch protein FliN,,,
GCA_008032345.1,GCA_008032345.1|AAJLMD010000001.1|804077-804490|+|g812,VFDB,gb|WP_008500318.1,96.4,100.0,Motility,(fliN) flagellar motor switch protein FliN,,,
GCA_008032345.1,GCA_008032345.1|AAJLMD010000001.1|803076-804080|+|g811,VFDB,gb|WP_013097736.1,96.4,100.0,Motility,(fliM) flagellar motor switch protein FliM,,,
GCA_010714675.1,GCA_010714675.1|DAATGB010000013.1|73763-74098|-|g2107,VFDB,gb|NP_461083.1,96.4,100.0,Effector delivery system,(steD) type III secretion system effector SteD,,,
GCA_011454775.1,GCA_011454775.1|AAQBFY010000001.1|1138922-1139926|+|g1131,VFDB,gb|WP_013097736.1,96.4,100.0,Motility,(fliM) flagellar motor switch protein FliM,,,
GCA_011457165.1,GCA_011457165.1|AAQBKM010000007.1|195540-195953|+|g2625,VFDB,gb|WP_008500318.1,96.4,100.0,Motility,(fliN) flagellar motor switch protein FliN,,,
GCA_000812595.1,GCA_000812595.1|JRXC01000006.1|271088-271501|+|g4090,VFDB,gb|WP_008500318.1,96.4,100.0,Motility,(fliN) flagellar motor switch protein FliN,,,
GCA_010123015.1,GCA_010123015.1|DAAMFD010000004.1|283039-284043|-|g1201,VFDB,gb|WP_013097736.1,96.4,100.0,Motility,(fliM) flagellar motor switch protein FliM,,,
GCA_000258365.1,GCA_000258365.1|CP003416.1|2968906-2969241|-|g2805,VFDB,gb|NP_461083.1,96.4,100.0,Effector delivery system,(steD) type III secretion system effector SteD,,,
GCA_000812595.1,GCA_000812595.1|JRXC01000006.1|270087-271091|+|g4089,VFDB,gb|WP_013097736.1,96.4,100.0,Motility,(fliM) flagellar motor switch protein FliM,,,
GCA_000192125.1,GCA_000192125.1|CM001153.1|1167498-1167911|-|g1095,VFDB,gb|WP_008500318.1,96.4,100.0,Motility,(fliN) flagellar motor switch protein FliN,,,
GCA_000192125.1,GCA_000192125.1|CM001153.1|1167908-1168912|-|g1096,VFDB,gb|WP_013097736.1,96.4,100.0,Motility,(fliM) flagellar motor switch protein FliM,,,
GCA_010123015.1,GCA_010123015.1|DAAMFD010000004.1|282629-283042|-|g1200,VFDB,gb|WP_008500318.1,96.4,100.0,Motility,(fliN) flagellar motor switch protein FliN,,,
GCA_000474395.1,GCA_000474395.1|AUQU01000015.1|43131-43544|-|g2329,VFDB,gb|WP_008500318.1,96.4,100.0,Motility,(fliN) flagellar motor switch protein FliN,,,
GCA_006862905.1,GCA_006862905.1|AAGLPJ010000006.1|2823-3236|+|g1580,VFDB,gb|WP_000281950,96.4,100.0,Exotoxin,(pltB) typhoid-like toxin S-CDT binding subunit PltB,,,
GCA_005675415.1,GCA_005675415.1|AADNIJ010000001.1|848877-849881|+|g837,VFDB,gb|WP_013097736.1,96.4,100.0,Motility,(fliM) flagellar motor switch protein FliM,,,
GCA_000258365.1,GCA_000258365.1|CP003416.1|1914106-1915743|-|g1765,VFDB,gb|NP_460064,96.4,97.1,Effector delivery system,"(sopB/sigD) type III secretion system effector SopB, phosphoinositide phosphatase",,,
GCA_010716035.1,GCA_010716035.1|DAATFR010000008.1|207286-208290|+|g2375,VFDB,gb|WP_013097736.1,96.4,100.0,Motility,(fliM) flagellar motor switch protein FliM,,,
GCA_010715595.1,GCA_010715595.1|DAATGU010000012.1|114421-120384|+|g2729,VFDB,gb|NP_461448,96.3,97.4,Adherence,(shdA) AIDA autotransporter-like protein,,,
GCA_000329025.1,GCA_000329025.1|ALFF01000049.1|3845-6298|-|g1706,VFDB,gb|NP_490509,96.3,98.2,Adherence,(pefC) plasmid-encoded fimbriae usher protein PefC,,,
GCA_011454775.1,GCA_011454775.1|AAQBFY010000015.1|52036-54489|+|g4299,VFDB,gb|NP_490509,96.3,98.2,Adherence,(pefC) plasmid-encoded fimbriae usher protein PefC,,,
GCA_010716035.1,GCA_010716035.1|DAATFR010000017.1|51533-53140|-|g3544,VFDB,gb|NP_461799,96.3,98.5,Effector delivery system,"(sptP) type III secretion system effector SptP, tyrosine phosphatase and GTPase-activating protein",,,
GCA_010716035.1,GCA_010716035.1|DAATFR010000029.1|3820-4587|-|g4300,VFDB,gb|NP_459284,96.2,97.3,Effector delivery system,(STM0286) hypothetical protein,,,
GCA_010716035.1,GCA_010716035.1|DAATFR010000017.1|45538-45780|-|g3539,VFDB,gb|NP_461794,96.2,100.0,Effector delivery system,(prgI) type III secretion system needle filament protein PrgI,,,
GCA_005675415.1,GCA_005675415.1|AADNIJ010000001.1|470933-471883|+|g469,VFDB,gb|NP_460561,96.2,100.0,Effector delivery system,(sifB) type III secretion system effector SifB (Salmonella induced filament protein B),,,
GCA_010716035.1,GCA_010716035.1|DAATFR010000008.1|100630-101352|-|g2264,VFDB,gb|NP_460811,96.2,100.0,Effector delivery system,"(sopE2) type III secretion system effector SopE2, guanine nucleotide exchange factor",,,
GCA_006862905.1,GCA_006862905.1|AAGLPJ010000007.1|145706-145948|-|g1924,VFDB,gb|NP_461794,96.2,100.0,Effector delivery system,(prgI) type III secretion system needle filament protein PrgI,,,
GCA_010123345.1,GCA_010123345.1|DAAMFF010000019.1|4413-5195|+|g2974,VFDB,gb|NP_460369,96.2,100.0,Effector delivery system,(sseF) type III secretion system effector SseF,,,
GCA_010715595.1,GCA_010715595.1|DAATGU010000022.1|37481-39748|-|g3743,VFDB,gb|NP_459778,96.2,98.7,Effector delivery system,"(slrP) type III secretion system effector SlrP (Salmonella leucine-rich repeat protein),novel E3 ubiquitin ligase",,,
GCA_001448615.1,GCA_001448615.1|LHSQ01000002.1|532745-533518|-|g2452,VFDB,gb|NP_459281,96.1,100.0,Effector delivery system,(STM0283) hypothetical protein,,,
GCA_010123345.1,GCA_010123345.1|DAAMFF010000026.1|22021-24288|-|g3517,VFDB,gb|NP_459778,96.1,98.7,Effector delivery system,"(slrP) type III secretion system effector SlrP (Salmonella leucine-rich repeat protein),novel E3 ubiquitin ligase",,,
GCA_008032345.1,GCA_008032345.1|AAJLMD010000003.1|207923-210190|-|g1845,VFDB,gb|NP_459778,96.1,98.7,Effector delivery system,"(slrP) type III secretion system effector SlrP (Salmonella leucine-rich repeat protein),novel E3 ubiquitin ligase",,,
GCA_010123345.1,GCA_010123345.1|DAAMFF010000006.1|41651-47803|-|g1408,VFDB,gb|NP_461448,96.0,99.5,Adherence,(shdA) AIDA autotransporter-like protein,,,
GCA_010716035.1,GCA_010716035.1|DAATFR010000016.1|39517-40413|-|g3449,VFDB,gb|NP_461708,96.0,100.0,Antimicrobial activity/Competitive advantage,(mig-14) antimicrobial peptide resistance protein Mig-14,,,
GCA_010716035.1,GCA_010716035.1|DAATFR010000011.1|89350-91698|+|g2858,VFDB,gb|NP_461011,96.0,100.0,Effector delivery system,"(sopA) type III secretion system effector SopA, HECT-like E3 ubiquitin ligase",,,
GCA_006862905.1,GCA_006862905.1|AAGLPJ010000006.1|161641-162231|+|g1736,VFDB,gb|NP_460363,95.9,100.0,Effector delivery system,(sseB) type III secretion system effector SseB,,,
GCA_001448615.1,GCA_001448615.1|LHSQ01000001.1|1688477-1690744|-|g1671,VFDB,gb|NP_459778,95.9,98.7,Effector delivery system,"(slrP) type III secretion system effector SlrP (Salmonella leucine-rich repeat protein),novel E3 ubiquitin ligase",,,
GCA_000330625.1,GCA_000330625.1|ANOT01000035.1|168357-169307|+|g1929,VFDB,gb|NP_460561,95.9,100.0,Effector delivery system,(sifB) type III secretion system effector SifB (Salmonella induced filament protein B),,,
GCA_011457165.1,GCA_011457165.1|AAQBKM010000005.1|344247-345701|+|g2219,VFDB,gb|NP_460365,95.9,100.0,Effector delivery system,"(sseC) type III secretion system hydrophilic translocator, pore protein SseC",,,
GCA_010123345.1,GCA_010123345.1|DAAMFF010000019.1|1435-2889|+|g2970,VFDB,gb|NP_460365,95.9,100.0,Effector delivery system,"(sseC) type III secretion system hydrophilic translocator, pore protein SseC",,,
GCA_010714675.1,GCA_010714675.1|DAATGB010000009.1|110890-113154|-|g1616,VFDB,gb|NP_459778,95.9,98.6,Effector delivery system,"(slrP) type III secretion system effector SlrP (Salmonella leucine-rich repeat protein),novel E3 ubiquitin ligase",,,
GCA_000812595.1,GCA_000812595.1|JRXC01000006.1|215590-217668|-|g4033,VFDB,gb|WP_020687642.1,95.8,100.0,Motility,(flhA) flagellar biosynthesis protein FlhA,,,
GCA_010714675.1,GCA_010714675.1|DAATGB010000017.1|78640-79407|-|g2605,VFDB,gb|NP_459284,95.8,97.3,Effector delivery system,(STM0286) hypothetical protein,,,
GCA_001448615.1,GCA_001448615.1|LHSQ01000006.1|78127-78963|-|g4046,VFDB,gb|NP_461786,95.8,92.1,Effector delivery system,"(avrA) type III secretion system effector AvrA, acetyltransferease",,,
GCA_005675415.1,GCA_005675415.1|AADNIJ010000001.1|504764-505990|+|g502,VFDB,gb|NP_460590,95.8,100.0,Effector delivery system,"(sseJ) type III secretion system effector SseJ, glycerophospholipid:cholesterol acyltransferase",,,
GCA_000330625.1,GCA_000330625.1|ANOT01000035.1|202188-203414|+|g1962,VFDB,gb|NP_460590,95.8,100.0,Effector delivery system,"(sseJ) type III secretion system effector SseJ, glycerophospholipid:cholesterol acyltransferase",,,
GCA_010716035.1,GCA_010716035.1|DAATFR010000008.1|152796-154874|-|g2318,VFDB,gb|WP_020687642.1,95.8,100.0,Motility,(flhA) flagellar biosynthesis protein FlhA,,,
GCA_000258365.1,GCA_000258365.1|CP003416.1|1070372-1071139|+|g944,VFDB,gb|NP_459284,95.8,97.3,Effector delivery system,(STM0286) hypothetical protein,,,
GCA_001448615.1,GCA_001448615.1|LHSQ01000001.1|1271528-1273606|-|g1263,VFDB,gb|WP_020687642.1,95.8,100.0,Motility,(flhA) flagellar biosynthesis protein FlhA,,,
GCA_006862905.1,GCA_006862905.1|AAGLPJ010000019.1|11737-12786|-|g3233,VFDB,gb|WP_003859716.1,95.7,100.0,Motility,(cheB) protein-glutamate methylesterase/protein-glutamine glutaminase,,,
GCA_011457165.1,GCA_011457165.1|AAQBKM010000007.1|139897-141975|-|g2568,VFDB,gb|WP_020687642.1,95.7,100.0,Motility,(flhA) flagellar biosynthesis protein FlhA,,,
GCA_010715595.1,GCA_010715595.1|DAATGU010000007.1|154728-156806|-|g1953,VFDB,gb|WP_020687642.1,95.7,100.0,Motility,(flhA) flagellar biosynthesis protein FlhA,,,
GCA_000329025.1,GCA_000329025.1|ALFF01000044.1|36833-37882|-|g1615,VFDB,gb|WP_003859716.1,95.7,100.0,Motility,(cheB) protein-glutamate methylesterase/protein-glutamine glutaminase,,,
GCA_008005965.1,GCA_008005965.1|AAJKJE010000006.1|191923-192972|+|g3045,VFDB,gb|WP_003859716.1,95.7,100.0,Motility,(cheB) protein-glutamate methylesterase/protein-glutamine glutaminase,,,
GCA_000258365.1,GCA_000258365.1|CP003416.1|2749207-2750256|-|g2590,VFDB,gb|WP_003859716.1,95.7,100.0,Motility,(cheB) protein-glutamate methylesterase/protein-glutamine glutaminase,,,
GCA_010123345.1,GCA_010123345.1|DAAMFF010000020.1|48938-51016|-|g3115,VFDB,gb|WP_020687642.1,95.7,100.0,Motility,(flhA) flagellar biosynthesis protein FlhA,,,
GCA_000258365.1,GCA_000258365.1|CP003416.1|2744729-2746807|-|g2585,VFDB,gb|WP_020687642.1,95.7,100.0,Motility,(flhA) flagellar biosynthesis protein FlhA,,,
GCA_000812595.1,GCA_000812595.1|JRXC01000006.1|220068-221117|-|g4037,VFDB,gb|WP_003859716.1,95.7,100.0,Motility,(cheB) protein-glutamate methylesterase/protein-glutamine glutaminase,,,
GCA_005675415.1,GCA_005675415.1|AADNIJ010000001.1|794228-796306|-|g781,VFDB,gb|WP_020687642.1,95.7,100.0,Motility,(flhA) flagellar biosynthesis protein FlhA,,,
GCA_011454775.1,GCA_011454775.1|AAQBFY010000001.1|1088768-1089817|-|g1081,VFDB,gb|WP_003859716.1,95.7,100.0,Motility,(cheB) protein-glutamate methylesterase/protein-glutamine glutaminase,,,
GCA_010714675.1,GCA_010714675.1|DAATGB010000005.1|153911-155989|-|g1024,VFDB,gb|WP_020687642.1,95.7,100.0,Motility,(flhA) flagellar biosynthesis protein FlhA,,,
GCA_008032345.1,GCA_008032345.1|AAJLMD010000001.1|752913-753962|-|g759,VFDB,gb|WP_003859716.1,95.7,100.0,Motility,(cheB) protein-glutamate methylesterase/protein-glutamine glutaminase,,,
GCA_010714675.1,GCA_010714675.1|DAATGB010000005.1|158389-159438|-|g1029,VFDB,gb|WP_003859716.1,95.7,100.0,Motility,(cheB) protein-glutamate methylesterase/protein-glutamine glutaminase,,,
GCA_008032345.1,GCA_008032345.1|AAJLMD010000001.1|748435-750513|-|g755,VFDB,gb|WP_020687642.1,95.7,100.0,Motility,(flhA) flagellar biosynthesis protein FlhA,,,
GCA_006862905.1,GCA_006862905.1|AAGLPJ010000019.1|7259-9337|-|g3228,VFDB,gb|WP_020687642.1,95.7,100.0,Motility,(flhA) flagellar biosynthesis protein FlhA,,,
GCA_000474395.1,GCA_000474395.1|AUQU01000004.1|93033-95111|-|g1000,VFDB,gb|WP_020687642.1,95.7,100.0,Motility,(flhA) flagellar biosynthesis protein FlhA,,,
GCA_010123015.1,GCA_010123015.1|DAAMFD010000010.1|154713-156791|-|g2382,VFDB,gb|WP_020687642.1,95.7,100.0,Motility,(flhA) flagellar biosynthesis protein FlhA,,,
GCA_000330625.1,GCA_000330625.1|ANOT01000037.1|125773-127851|-|g2244,VFDB,gb|WP_020687642.1,95.7,100.0,Motility,(flhA) flagellar biosynthesis protein FlhA,,,
GCA_000192125.1,GCA_000192125.1|CM001153.1|1218006-1219055|+|g1147,VFDB,gb|WP_003859716.1,95.7,100.0,Motility,(cheB) protein-glutamate methylesterase/protein-glutamine glutaminase,,,
GCA_006862905.1,GCA_006862905.1|AAGLPJ010000019.1|19171-20058|-|g3239,VFDB,gb|WP_008500417.1,95.6,100.0,Motility,(motA) flagellar motor stator protein MotA,,,
GCA_008005965.1,GCA_008005965.1|AAJKJE010000001.1|800737-801687|+|g795,VFDB,gb|NP_460561,95.6,100.0,Effector delivery system,(sifB) type III secretion system effector SifB (Salmonella induced filament protein B),,,
GCA_000330625.1,GCA_000330625.1|ANOT01000037.1|137692-138579|-|g2254,VFDB,gb|WP_008500417.1,95.6,100.0,Motility,(motA) flagellar motor stator protein MotA,,,
GCA_008032345.1,GCA_008032345.1|AAJLMD010000001.1|760347-761234|-|g765,VFDB,gb|WP_008500417.1,95.6,100.0,Motility,(motA) flagellar motor stator protein MotA,,,
GCA_011454775.1,GCA_011454775.1|AAQBFY010000001.1|1096202-1097089|-|g1087,VFDB,gb|WP_008500417.1,95.6,100.0,Motility,(motA) flagellar motor stator protein MotA,,,
GCA_000192125.1,GCA_000192125.1|CM001153.1|1210736-1211623|+|g1140,VFDB,gb|WP_008500417.1,95.6,100.0,Motility,(motA) flagellar motor stator protein MotA,,,
GCA_000329025.1,GCA_000329025.1|ALFF01000001.1|71089-71976|+|g82,VFDB,gb|WP_008500417.1,95.6,100.0,Motility,(motA) flagellar motor stator protein MotA,,,
GCA_000812595.1,GCA_000812595.1|JRXC01000006.1|227509-228396|-|g4043,VFDB,gb|WP_008500417.1,95.6,100.0,Motility,(motA) flagellar motor stator protein MotA,,,
GCA_000258365.1,GCA_000258365.1|CP003416.1|2756648-2757535|-|g2596,VFDB,gb|WP_008500417.1,95.6,100.0,Motility,(motA) flagellar motor stator protein MotA,,,
GCA_000474395.1,GCA_000474395.1|AUQU01000004.1|104945-105832|-|g1010,VFDB,gb|WP_008500417.1,95.6,100.0,Motility,(motA) flagellar motor stator protein MotA,,,
GCA_010123015.1,GCA_010123015.1|DAAMFD010000010.1|166625-167512|-|g2392,VFDB,gb|WP_008500417.1,95.6,100.0,Motility,(motA) flagellar motor stator protein MotA,,,
GCA_010714675.1,GCA_010714675.1|DAATGB010000005.1|165830-166717|-|g1035,VFDB,gb|WP_008500417.1,95.6,100.0,Motility,(motA) flagellar motor stator protein MotA,,,
GCA_010715595.1,GCA_010715595.1|DAATGU010000007.1|166640-167527|-|g1964,VFDB,gb|WP_008500417.1,95.6,100.0,Motility,(motA) flagellar motor stator protein MotA,,,
GCA_008005965.1,GCA_008005965.1|AAJKJE010000006.1|184651-185538|+|g3039,VFDB,gb|WP_008500417.1,95.6,100.0,Motility,(motA) flagellar motor stator protein MotA,,,
GCA_010716035.1,GCA_010716035.1|DAATFR010000008.1|164708-165595|-|g2329,VFDB,gb|WP_008500417.1,95.6,100.0,Motility,(motA) flagellar motor stator protein MotA,,,
GCA_005675415.1,GCA_005675415.1|AADNIJ010000001.1|806147-807034|-|g791,VFDB,gb|WP_008500417.1,95.6,100.0,Motility,(motA) flagellar motor stator protein MotA,,,
GCA_001448615.1,GCA_001448615.1|LHSQ01000001.1|1283447-1284334|-|g1273,VFDB,gb|WP_008500417.1,95.6,100.0,Motility,(motA) flagellar motor stator protein MotA,,,
GCA_010123345.1,GCA_010123345.1|DAAMFF010000020.1|60850-61737|-|g3126,VFDB,gb|WP_008500417.1,95.6,100.0,Motility,(motA) flagellar motor stator protein MotA,,,
GCA_008005965.1,GCA_008005965.1|AAJKJE010000006.1|195372-197450|+|g3050,VFDB,gb|WP_020687642.1,95.5,100.0,Motility,(flhA) flagellar biosynthesis protein FlhA,,,
GCA_000812595.1,GCA_000812595.1|JRXC01000006.1|365235-366641|-|g4188,VFDB,gb|WP_014907233,95.5,100.0,Immune modulation,(gndA) NADP-dependent phosphogluconate dehydrogenase,,,
GCA_000329025.1,GCA_000329025.1|ALFF01000044.1|32355-34433|-|g1610,VFDB,gb|WP_020687642.1,95.5,100.0,Motility,(flhA) flagellar biosynthesis protein FlhA,,,
GCA_006862905.1,GCA_006862905.1|AAGLPJ010000018.1|5269-6675|+|g3137,VFDB,gb|WP_014907233,95.5,100.0,Immune modulation,(gndA) NADP-dependent phosphogluconate dehydrogenase,,,
GCA_011454775.1,GCA_011454775.1|AAQBFY010000001.1|1084290-1086368|-|g1076,VFDB,gb|WP_020687642.1,95.5,100.0,Motility,(flhA) flagellar biosynthesis protein FlhA,,,
GCA_001448615.1,GCA_001448615.1|LHSQ01000001.1|293072-294478|+|g265,VFDB,gb|WP_014907233,95.5,100.0,Immune modulation,(gndA) NADP-dependent phosphogluconate dehydrogenase,,,
GCA_011454775.1,GCA_011454775.1|AAQBFY010000001.1|109492-110898|+|g93,VFDB,gb|WP_014907233,95.5,100.0,Immune modulation,(gndA) NADP-dependent phosphogluconate dehydrogenase,,,
GCA_000329025.1,GCA_000329025.1|ALFF01000012.1|50877-52283|-|g390,VFDB,gb|WP_014907233,95.5,100.0,Immune modulation,(gndA) NADP-dependent phosphogluconate dehydrogenase,,,
GCA_011457165.1,GCA_011457165.1|AAQBKM010000015.1|92090-92884|-|g3854,VFDB,gb|NP_459284,95.5,99.2,Effector delivery system,(STM0286) hypothetical protein,,,
GCA_008005965.1,GCA_008005965.1|AAJKJE010000001.1|177357-178763|+|g158,VFDB,gb|WP_014907233,95.5,100.0,Immune modulation,(gndA) NADP-dependent phosphogluconate dehydrogenase,,,
GCA_000192125.1,GCA_000192125.1|CM001153.1|2153793-2155199|-|g2121,VFDB,gb|WP_014907233,95.5,100.0,Immune modulation,(gndA) NADP-dependent phosphogluconate dehydrogenase,,,
GCA_010716035.1,GCA_010716035.1|DAATFR010000011.1|107141-108547|-|g2874,VFDB,gb|WP_014907233,95.5,100.0,Immune modulation,(gndA) NADP-dependent phosphogluconate dehydrogenase,,,
GCA_000330625.1,GCA_000330625.1|ANOT01000037.1|130251-131300|-|g2248,VFDB,gb|WP_003859716.1,95.4,100.0,Motility,(cheB) protein-glutamate methylesterase/protein-glutamine glutaminase,,,
GCA_010123345.1,GCA_010123345.1|DAAMFF010000020.1|53416-54465|-|g3120,VFDB,gb|WP_003859716.1,95.4,100.0,Motility,(cheB) protein-glutamate methylesterase/protein-glutamine glutaminase,,,
GCA_011457165.1,GCA_011457165.1|AAQBKM010000003.1|191009-192616|-|g1246,VFDB,gb|NP_461799,95.4,98.5,Effector delivery system,"(sptP) type III secretion system effector SptP, tyrosine phosphatase and GTPase-activating protein",,,
GCA_011457165.1,GCA_011457165.1|AAQBKM010000007.1|144375-145424|-|g2573,VFDB,gb|WP_003859716.1,95.4,100.0,Motility,(cheB) protein-glutamate methylesterase/protein-glutamine glutaminase,,,
GCA_005675415.1,GCA_005675415.1|AADNIJ010000001.1|798706-799755|-|g785,VFDB,gb|WP_003859716.1,95.4,100.0,Motility,(cheB) protein-glutamate methylesterase/protein-glutamine glutaminase,,,
GCA_010123015.1,GCA_010123015.1|DAAMFD010000010.1|159191-160240|-|g2386,VFDB,gb|WP_003859716.1,95.4,100.0,Motility,(cheB) protein-glutamate methylesterase/protein-glutamine glutaminase,,,
GCA_010716035.1,GCA_010716035.1|DAATFR010000002.1|408507-409094|-|g784,VFDB,gb|NP_460366,95.4,100.0,Effector delivery system,"(sseD) type III secretion system hydrophilic translocator, pore protein SseD",,,
GCA_010716035.1,GCA_010716035.1|DAATFR010000008.1|157274-158323|-|g2323,VFDB,gb|WP_003859716.1,95.4,100.0,Motility,(cheB) protein-glutamate methylesterase/protein-glutamine glutaminase,,,
GCA_010715595.1,GCA_010715595.1|DAATGU010000007.1|159206-160255|-|g1958,VFDB,gb|WP_003859716.1,95.4,100.0,Motility,(cheB) protein-glutamate methylesterase/protein-glutamine glutaminase,,,
GCA_000474395.1,GCA_000474395.1|AUQU01000004.1|97511-98560|-|g1004,VFDB,gb|WP_003859716.1,95.4,100.0,Motility,(cheB) protein-glutamate methylesterase/protein-glutamine glutaminase,,,
GCA_006862905.1,GCA_006862905.1|AAGLPJ010000006.1|164174-164761|+|g1739,VFDB,gb|NP_460366,95.4,100.0,Effector delivery system,"(sseD) type III secretion system hydrophilic translocator, pore protein SseD",,,
GCA_010715595.1,GCA_010715595.1|DAATGU010000005.1|126945-128351|+|g1485,VFDB,gb|WP_014907233,95.3,100.0,Immune modulation,(gndA) NADP-dependent phosphogluconate dehydrogenase,,,
GCA_011457165.1,GCA_011457165.1|AAQBKM010000022.1|1979-3385|+|g4272,VFDB,gb|WP_014907233,95.3,100.0,Immune modulation,(gndA) NADP-dependent phosphogluconate dehydrogenase,,,
GCA_010714675.1,GCA_010714675.1|DAATGB010000013.1|38-1444|-|g2049,VFDB,gb|WP_014907233,95.3,100.0,Immune modulation,(gndA) NADP-dependent phosphogluconate dehydrogenase,,,
GCA_010123015.1,GCA_010123015.1|DAAMFD010000004.1|186811-188217|+|g1104,VFDB,gb|WP_014907233,95.3,100.0,Immune modulation,(gndA) NADP-dependent phosphogluconate dehydrogenase,,,
GCA_000330625.1,GCA_000330625.1|ANOT01000050.1|46794-48200|-|g3081,VFDB,gb|WP_014907233,95.3,100.0,Immune modulation,(gndA) NADP-dependent phosphogluconate dehydrogenase,,,
GCA_005675415.1,GCA_005675415.1|AADNIJ010000006.1|126490-127896|-|g2568,VFDB,gb|WP_014907233,95.3,100.0,Immune modulation,(gndA) NADP-dependent phosphogluconate dehydrogenase,,,
GCA_011457165.1,GCA_011457165.1|AAQBKM010000004.1|155284-156510|-|g1644,VFDB,gb|NP_460590,95.3,100.0,Effector delivery system,"(sseJ) type III secretion system effector SseJ, glycerophospholipid:cholesterol acyltransferase",,,
GCA_000258365.1,GCA_000258365.1|CP003416.1|2895162-2896568|-|g2743,VFDB,gb|WP_014907233,95.3,100.0,Immune modulation,(gndA) NADP-dependent phosphogluconate dehydrogenase,,,
GCA_010123345.1,GCA_010123345.1|DAAMFF010000003.1|186662-188068|+|g846,VFDB,gb|WP_014907233,95.3,100.0,Immune modulation,(gndA) NADP-dependent phosphogluconate dehydrogenase,,,
GCA_011457165.1,GCA_011457165.1|AAQBKM010000015.1|102034-102405|-|g3863,VFDB,gb|NP_459276,95.3,96.9,Effector delivery system,(STM0278) putative periplasmic protein,,,
GCA_000329025.1,GCA_000329025.1|ALFF01000016.1|20213-21163|-|g541,VFDB,gb|NP_460561,95.3,100.0,Effector delivery system,(sifB) type III secretion system effector SifB (Salmonella induced filament protein B),,,
GCA_008032345.1,GCA_008032345.1|AAJLMD010000001.1|903365-904771|-|g914,VFDB,gb|WP_014907233,95.3,100.0,Immune modulation,(gndA) NADP-dependent phosphogluconate dehydrogenase,,,
GCA_000474395.1,GCA_000474395.1|AUQU01000067.1|89983-91389|-|g4337,VFDB,gb|WP_014907233,95.3,100.0,Immune modulation,(gndA) NADP-dependent phosphogluconate dehydrogenase,,,
GCA_010715595.1,GCA_010715595.1|DAATGU010000005.1|228476-229471|-|g1589,VFDB,gb|WP_008500327.1,95.2,99.7,Motility,(fliG) flagellar motor switch protein FliG,,,
GCA_011457165.1,GCA_011457165.1|AAQBKM010000007.1|148339-148842|-|g2576,VFDB,gb|WP_013096054.1,95.2,100.0,Motility,(cheW) chemotaxis protein CheW,,,
GCA_000192125.1,GCA_000192125.1|CM001153.1|1173238-1174233|-|g1102,VFDB,gb|WP_008500327.1,95.2,99.7,Motility,(fliG) flagellar motor switch protein FliG,,,
GCA_006862905.1,GCA_006862905.1|AAGLPJ010000019.1|15701-16204|-|g3236,VFDB,gb|WP_013096054.1,95.2,100.0,Motility,(cheW) chemotaxis protein CheW,,,
GCA_011457165.1,GCA_011457165.1|AAQBKM010000007.1|189212-190207|+|g2618,VFDB,gb|WP_008500327.1,95.2,99.7,Motility,(fliG) flagellar motor switch protein FliG,,,
GCA_011454775.1,GCA_011454775.1|AAQBFY010000001.1|1133601-1134596|+|g1125,VFDB,gb|WP_008500327.1,95.2,99.7,Motility,(fliG) flagellar motor switch protein FliG,,,
GCA_005675415.1,GCA_005675415.1|AADNIJ010000001.1|843550-844545|+|g831,VFDB,gb|WP_008500327.1,95.2,99.7,Motility,(fliG) flagellar motor switch protein FliG,,,
GCA_000330625.1,GCA_000330625.1|ANOT01000037.1|134222-134725|-|g2251,VFDB,gb|WP_013096054.1,95.2,100.0,Motility,(cheW) chemotaxis protein CheW,,,
GCA_008005965.1,GCA_008005965.1|AAJKJE010000006.1|188505-189008|+|g3042,VFDB,gb|WP_013096054.1,95.2,100.0,Motility,(cheW) chemotaxis protein CheW,,,
GCA_000330625.1,GCA_000330625.1|ANOT01000037.1|175095-176090|+|g2294,VFDB,gb|WP_008500327.1,95.2,99.7,Motility,(fliG) flagellar motor switch protein FliG,,,
GCA_000258365.1,GCA_000258365.1|CP003416.1|2753178-2753681|-|g2593,VFDB,gb|WP_013096054.1,95.2,100.0,Motility,(cheW) chemotaxis protein CheW,,,
GCA_001448615.1,GCA_001448615.1|LHSQ01000001.1|1320838-1321833|+|g1312,VFDB,gb|WP_008500327.1,95.2,99.7,Motility,(fliG) flagellar motor switch protein FliG,,,
GCA_010123015.1,GCA_010123015.1|DAAMFD010000010.1|163155-163658|-|g2389,VFDB,gb|WP_013096054.1,95.2,100.0,Motility,(cheW) chemotaxis protein CheW,,,
GCA_010714675.1,GCA_010714675.1|DAATGB010000005.1|162360-162863|-|g1032,VFDB,gb|WP_013096054.1,95.2,100.0,Motility,(cheW) chemotaxis protein CheW,,,
GCA_000258365.1,GCA_000258365.1|CP003416.1|2794015-2795010|+|g2639,VFDB,gb|WP_008500327.1,95.2,99.7,Motility,(fliG) flagellar motor switch protein FliG,,,
GCA_006862905.1,GCA_006862905.1|AAGLPJ010000019.1|56437-57432|+|g3279,VFDB,gb|WP_008500327.1,95.2,99.7,Motility,(fliG) flagellar motor switch protein FliG,,,
GCA_000474395.1,GCA_000474395.1|AUQU01000015.1|48871-49866|-|g2336,VFDB,gb|WP_008500327.1,95.2,99.7,Motility,(fliG) flagellar motor switch protein FliG,,,
GCA_010123015.1,GCA_010123015.1|DAAMFD010000004.1|288369-289364|-|g1207,VFDB,gb|WP_008500327.1,95.2,99.7,Motility,(fliG) flagellar motor switch protein FliG,,,
GCA_000474395.1,GCA_000474395.1|AUQU01000004.1|101475-101978|-|g1007,VFDB,gb|WP_013096054.1,95.2,100.0,Motility,(cheW) chemotaxis protein CheW,,,
GCA_010716035.1,GCA_010716035.1|DAATFR010000008.1|201959-202954|+|g2369,VFDB,gb|WP_008500327.1,95.2,99.7,Motility,(fliG) flagellar motor switch protein FliG,,,
GCA_008005965.1,GCA_008005965.1|AAJKJE010000006.1|147145-148140|-|g3000,VFDB,gb|WP_008500327.1,95.2,99.7,Motility,(fliG) flagellar motor switch protein FliG,,,
GCA_010716035.1,GCA_010716035.1|DAATFR010000008.1|161238-161741|-|g2326,VFDB,gb|WP_013096054.1,95.2,100.0,Motility,(cheW) chemotaxis protein CheW,,,
GCA_000329025.1,GCA_000329025.1|ALFF01000044.1|40797-41300|-|g1618,VFDB,gb|WP_013096054.1,95.2,100.0,Motility,(cheW) chemotaxis protein CheW,,,
GCA_005675415.1,GCA_005675415.1|AADNIJ010000001.1|802677-803180|-|g788,VFDB,gb|WP_013096054.1,95.2,100.0,Motility,(cheW) chemotaxis protein CheW,,,
GCA_000329025.1,GCA_000329025.1|ALFF01000001.1|33582-34577|-|g44,VFDB,gb|WP_008500327.1,95.2,99.7,Motility,(fliG) flagellar motor switch protein FliG,,,
GCA_010123345.1,GCA_010123345.1|DAAMFF010000003.1|309602-310597|-|g967,VFDB,gb|WP_008500327.1,95.2,99.7,Motility,(fliG) flagellar motor switch protein FliG,,,
GCA_010123345.1,GCA_010123345.1|DAAMFF010000020.1|57380-57883|-|g3123,VFDB,gb|WP_013096054.1,95.2,100.0,Motility,(cheW) chemotaxis protein CheW,,,
GCA_000812595.1,GCA_000812595.1|JRXC01000006.1|264760-265755|+|g4083,VFDB,gb|WP_008500327.1,95.2,99.7,Motility,(fliG) flagellar motor switch protein FliG,,,
GCA_000812595.1,GCA_000812595.1|JRXC01000006.1|224039-224542|-|g4040,VFDB,gb|WP_013096054.1,95.2,100.0,Motility,(cheW) chemotaxis protein CheW,,,
GCA_001448615.1,GCA_001448615.1|LHSQ01000001.1|1279977-1280480|-|g1270,VFDB,gb|WP_013096054.1,95.2,100.0,Motility,(cheW) chemotaxis protein CheW,,,
GCA_008032345.1,GCA_008032345.1|AAJLMD010000001.1|797749-798744|+|g805,VFDB,gb|WP_008500327.1,95.2,99.7,Motility,(fliG) flagellar motor switch protein FliG,,,
GCA_011454775.1,GCA_011454775.1|AAQBFY010000001.1|1092732-1093235|-|g1084,VFDB,gb|WP_013096054.1,95.2,100.0,Motility,(cheW) chemotaxis protein CheW,,,
GCA_008032345.1,GCA_008032345.1|AAJLMD010000001.1|756877-757380|-|g762,VFDB,gb|WP_013096054.1,95.2,100.0,Motility,(cheW) chemotaxis protein CheW,,,
GCA_010714675.1,GCA_010714675.1|DAATGB010000018.1|100109-101104|-|g2740,VFDB,gb|WP_008500327.1,95.2,99.7,Motility,(fliG) flagellar motor switch protein FliG,,,
GCA_000192125.1,GCA_000192125.1|CM001153.1|844500-846254|+|g793,VFDB,gb|NP_459778,95.1,76.3,Effector delivery system,"(slrP) type III secretion system effector SlrP (Salmonella leucine-rich repeat protein),novel E3 ubiquitin ligase",,,
GCA_001448615.1,GCA_001448615.1|LHSQ01000001.1|1276006-1277055|-|g1267,VFDB,gb|WP_003859716.1,95.1,100.0,Motility,(cheB) protein-glutamate methylesterase/protein-glutamine glutaminase,,,
GCA_000192125.1,GCA_000192125.1|CM001153.1|1591491-1592111|-|g1531,VFDB,gb|NP_460561,95.1,65.2,Effector delivery system,(sifB) type III secretion system effector SifB (Salmonella induced filament protein B),,,
GCA_011457165.1,GCA_011457165.1|AAQBKM010000019.1|45426-47774|+|g4194,VFDB,gb|NP_461011,95.1,100.0,Effector delivery system,"(sopA) type III secretion system effector SopA, HECT-like E3 ubiquitin ligase",,,
GCA_011454775.1,GCA_011454775.1|AAQBFY010000001.1|729544-730455|+|g716,VFDB,gb|NP_460561,95.0,95.9,Effector delivery system,(sifB) type III secretion system effector SifB (Salmonella induced filament protein B),,,
GCA_000812595.1,GCA_000812595.1|JRXC01000005.1|38100-38867|+|g3742,VFDB,gb|NP_459284,95.0,97.3,Effector delivery system,(STM0286) hypothetical protein,,,
GCA_008005965.1,GCA_008005965.1|AAJKJE010000009.1|233216-233701|-|g3853,VFDB,gb|NP_459274,95.0,100.0,Effector delivery system,(STM0276) Hcp1 family type VI secretion system effector,,,
GCA_005675415.1,GCA_005675415.1|AADNIJ010000019.1|17768-20065|-|g4038,VFDB,gb|NP_459778,94.9,100.0,Effector delivery system,"(slrP) type III secretion system effector SlrP (Salmonella leucine-rich repeat protein),novel E3 ubiquitin ligase",,,
GCA_010716035.1,GCA_010716035.1|DAATFR010000002.1|139710-140936|-|g514,VFDB,gb|NP_460590,94.9,100.0,Effector delivery system,"(sseJ) type III secretion system effector SseJ, glycerophospholipid:cholesterol acyltransferase",,,
GCA_011457165.1,GCA_011457165.1|AAQBKM010000007.1|151809-152696|-|g2579,VFDB,gb|WP_008500417.1,94.9,100.0,Motility,(motA) flagellar motor stator protein MotA,,,
GCA_000330625.1,GCA_000330625.1|ANOT01000008.1|10323-12620|-|g104,VFDB,gb|NP_459778,94.9,100.0,Effector delivery system,"(slrP) type III secretion system effector SlrP (Salmonella leucine-rich repeat protein),novel E3 ubiquitin ligase",,,
GCA_010716035.1,GCA_010716035.1|DAATFR010000002.1|411037-411627|-|g787,VFDB,gb|NP_460363,94.9,100.0,Effector delivery system,(sseB) type III secretion system effector SseB,,,
GCA_008005965.1,GCA_008005965.1|AAJKJE010000001.1|778065-778697|-|g777,VFDB,gb|NP_460542,94.8,100.0,Effector delivery system,(steA) type III secretion system effector SteA (Salmonella translocated effector A),,,
GCA_006862905.1,GCA_006862905.1|AAGLPJ010000019.1|20183-20761|-|g3240,VFDB,gb|WP_013096051.1,94.8,100.0,Motility,(flhC) flagellar transcriptional regulator FlhC,,,
GCA_011457165.1,GCA_011457165.1|AAQBKM010000007.1|152821-153399|-|g2580,VFDB,gb|WP_013096051.1,94.8,100.0,Motility,(flhC) flagellar transcriptional regulator FlhC,,,
GCA_000330625.1,GCA_000330625.1|ANOT01000037.1|138704-139282|-|g2255,VFDB,gb|WP_013096051.1,94.8,100.0,Motility,(flhC) flagellar transcriptional regulator FlhC,,,
GCA_000329025.1,GCA_000329025.1|ALFF01000016.1|43187-43819|+|g559,VFDB,gb|NP_460542,94.8,100.0,Effector delivery system,(steA) type III secretion system effector SteA (Salmonella translocated effector A),,,
GCA_000329025.1,GCA_000329025.1|ALFF01000001.1|70386-70964|+|g81,VFDB,gb|WP_013096051.1,94.8,100.0,Motility,(flhC) flagellar transcriptional regulator FlhC,,,
GCA_005675415.1,GCA_005675415.1|AADNIJ010000001.1|807159-807737|-|g792,VFDB,gb|WP_013096051.1,94.8,100.0,Motility,(flhC) flagellar transcriptional regulator FlhC,,,
GCA_010715595.1,GCA_010715595.1|DAATGU010000007.1|167652-168230|-|g1965,VFDB,gb|WP_013096051.1,94.8,100.0,Motility,(flhC) flagellar transcriptional regulator FlhC,,,
GCA_010716035.1,GCA_010716035.1|DAATFR010000008.1|165720-166298|-|g2330,VFDB,gb|WP_013096051.1,94.8,100.0,Motility,(flhC) flagellar transcriptional regulator FlhC,,,
GCA_008005965.1,GCA_008005965.1|AAJKJE010000006.1|183948-184526|+|g3038,VFDB,gb|WP_013096051.1,94.8,100.0,Motility,(flhC) flagellar transcriptional regulator FlhC,,,
GCA_000474395.1,GCA_000474395.1|AUQU01000004.1|105957-106535|-|g1011,VFDB,gb|WP_013096051.1,94.8,100.0,Motility,(flhC) flagellar transcriptional regulator FlhC,,,
GCA_010714675.1,GCA_010714675.1|DAATGB010000005.1|166842-167420|-|g1036,VFDB,gb|WP_013096051.1,94.8,100.0,Motility,(flhC) flagellar transcriptional regulator FlhC,,,
GCA_010123345.1,GCA_010123345.1|DAAMFF010000020.1|61862-62440|-|g3127,VFDB,gb|WP_013096051.1,94.8,100.0,Motility,(flhC) flagellar transcriptional regulator FlhC,,,
GCA_010123015.1,GCA_010123015.1|DAAMFD010000010.1|167637-168215|-|g2393,VFDB,gb|WP_013096051.1,94.8,100.0,Motility,(flhC) flagellar transcriptional regulator FlhC,,,
GCA_001448615.1,GCA_001448615.1|LHSQ01000001.1|1284459-1285037|-|g1274,VFDB,gb|WP_013096051.1,94.8,100.0,Motility,(flhC) flagellar transcriptional regulator FlhC,,,
GCA_000812595.1,GCA_000812595.1|JRXC01000006.1|228521-229099|-|g4044,VFDB,gb|WP_013096051.1,94.8,100.0,Motility,(flhC) flagellar transcriptional regulator FlhC,,,
GCA_008032345.1,GCA_008032345.1|AAJLMD010000002.1|625186-625653|-|g1656,VFDB,gb|WP_000455463,94.8,100.0,Invasion,(pilK) hypothetical protein,,,
GCA_008032345.1,GCA_008032345.1|AAJLMD010000001.1|761360-761938|-|g766,VFDB,gb|WP_013096051.1,94.8,100.0,Motility,(flhC) flagellar transcriptional regulator FlhC,,,
GCA_011454775.1,GCA_011454775.1|AAQBFY010000001.1|1097214-1097792|-|g1088,VFDB,gb|WP_013096051.1,94.8,100.0,Motility,(flhC) flagellar transcriptional regulator FlhC,,,
GCA_011454775.1,GCA_011454775.1|AAQBFY010000001.1|706848-707480|-|g698,VFDB,gb|NP_460542,94.8,100.0,Effector delivery system,(steA) type III secretion system effector SteA (Salmonella translocated effector A),,,
GCA_000258365.1,GCA_000258365.1|CP003416.1|2757660-2758238|-|g2597,VFDB,gb|WP_013096051.1,94.8,100.0,Motility,(flhC) flagellar transcriptional regulator FlhC,,,
GCA_000812595.1,GCA_000812595.1|JRXC01000006.1|219661-220050|-|g4036,VFDB,gb|WP_008500431.1,94.6,100.0,Motility,(cheY) chemotaxis response regulator CheY,,,
GCA_011457165.1,GCA_011457165.1|AAQBKM010000007.1|143968-144357|-|g2572,VFDB,gb|WP_008500431.1,94.6,100.0,Motility,(cheY) chemotaxis response regulator CheY,,,
GCA_000330625.1,GCA_000330625.1|ANOT01000037.1|129844-130233|-|g2247,VFDB,gb|WP_008500431.1,94.6,100.0,Motility,(cheY) chemotaxis response regulator CheY,,,
GCA_010715595.1,GCA_010715595.1|DAATGU010000007.1|158799-159188|-|g1957,VFDB,gb|WP_008500431.1,94.6,100.0,Motility,(cheY) chemotaxis response regulator CheY,,,
GCA_008005965.1,GCA_008005965.1|AAJKJE010000006.1|192990-193379|+|g3046,VFDB,gb|WP_008500431.1,94.6,100.0,Motility,(cheY) chemotaxis response regulator CheY,,,
GCA_010715595.1,GCA_010715595.1|DAATGU010000007.1|163170-163673|-|g1961,VFDB,gb|WP_013096054.1,94.6,100.0,Motility,(cheW) chemotaxis protein CheW,,,
GCA_000474395.1,GCA_000474395.1|AUQU01000004.1|97104-97493|-|g1003,VFDB,gb|WP_008500431.1,94.6,100.0,Motility,(cheY) chemotaxis response regulator CheY,,,
GCA_000192125.1,GCA_000192125.1|CM001153.1|1219073-1219462|+|g1148,VFDB,gb|WP_008500431.1,94.6,100.0,Motility,(cheY) chemotaxis response regulator CheY,,,
GCA_010123015.1,GCA_010123015.1|DAAMFD010000010.1|158784-159173|-|g2385,VFDB,gb|WP_008500431.1,94.6,100.0,Motility,(cheY) chemotaxis response regulator CheY,,,
GCA_008032345.1,GCA_008032345.1|AAJLMD010000001.1|752506-752895|-|g758,VFDB,gb|WP_008500431.1,94.6,100.0,Motility,(cheY) chemotaxis response regulator CheY,,,
GCA_001448615.1,GCA_001448615.1|LHSQ01000001.1|1275599-1275988|-|g1266,VFDB,gb|WP_008500431.1,94.6,100.0,Motility,(cheY) chemotaxis response regulator CheY,,,
GCA_010714675.1,GCA_010714675.1|DAATGB010000005.1|157982-158371|-|g1028,VFDB,gb|WP_008500431.1,94.6,100.0,Motility,(cheY) chemotaxis response regulator CheY,,,
GCA_010716035.1,GCA_010716035.1|DAATFR010000008.1|156867-157256|-|g2322,VFDB,gb|WP_008500431.1,94.6,100.0,Motility,(cheY) chemotaxis response regulator CheY,,,
GCA_010123345.1,GCA_010123345.1|DAAMFF010000020.1|53009-53398|-|g3119,VFDB,gb|WP_008500431.1,94.6,100.0,Motility,(cheY) chemotaxis response regulator CheY,,,
GCA_000258365.1,GCA_000258365.1|CP003416.1|2748800-2749189|-|g2589,VFDB,gb|WP_008500431.1,94.6,100.0,Motility,(cheY) chemotaxis response regulator CheY,,,
GCA_000192125.1,GCA_000192125.1|CM001153.1|1214590-1215093|+|g1143,VFDB,gb|WP_013096054.1,94.6,100.0,Motility,(cheW) chemotaxis protein CheW,,,
GCA_005675415.1,GCA_005675415.1|AADNIJ010000001.1|798299-798688|-|g784,VFDB,gb|WP_008500431.1,94.6,100.0,Motility,(cheY) chemotaxis response regulator CheY,,,
GCA_011454775.1,GCA_011454775.1|AAQBFY010000001.1|1088361-1088750|-|g1080,VFDB,gb|WP_008500431.1,94.6,100.0,Motility,(cheY) chemotaxis response regulator CheY,,,
GCA_006862905.1,GCA_006862905.1|AAGLPJ010000019.1|11330-11719|-|g3232,VFDB,gb|WP_008500431.1,94.6,100.0,Motility,(cheY) chemotaxis response regulator CheY,,,
GCA_000329025.1,GCA_000329025.1|ALFF01000044.1|36426-36815|-|g1614,VFDB,gb|WP_008500431.1,94.6,100.0,Motility,(cheY) chemotaxis response regulator CheY,,,
GCA_000812595.1,GCA_000812595.1|JRXC01000011.1|323681-329833|-|g939,VFDB,gb|NP_461448,94.5,99.5,Adherence,(shdA) AIDA autotransporter-like protein,,,
GCA_001448615.1,GCA_001448615.1|LHSQ01000002.1|536774-537259|-|g2456,VFDB,gb|NP_459274,94.4,100.0,Effector delivery system,(STM0276) Hcp1 family type VI secretion system effector,,,
GCA_008032345.1,GCA_008032345.1|AAJLMD010000009.1|6432-7019|-|g3758,VFDB,gb|WP_000928959,94.4,100.0,Invasion,(pilP) type IV pilus biogenesis protein PilP,,,
GCA_000812595.1,GCA_000812595.1|JRXC01000006.1|266455-267825|+|g4085,VFDB,gb|WP_013097732.1,94.3,100.0,Motility,(fliI) flagellar protein export ATPase FliI,,,
GCA_010715595.1,GCA_010715595.1|DAATGU010000005.1|226406-227776|-|g1587,VFDB,gb|WP_013097732.1,94.3,100.0,Motility,(fliI) flagellar protein export ATPase FliI,,,
GCA_000192125.1,GCA_000192125.1|CM001153.1|1171168-1172538|-|g1100,VFDB,gb|WP_013097732.1,94.3,100.0,Motility,(fliI) flagellar protein export ATPase FliI,,,
GCA_011454775.1,GCA_011454775.1|AAQBFY010000001.1|1135296-1136666|+|g1127,VFDB,gb|WP_013097732.1,94.3,100.0,Motility,(fliI) flagellar protein export ATPase FliI,,,
GCA_008032345.1,GCA_008032345.1|AAJLMD010000001.1|799444-800814|+|g807,VFDB,gb|WP_013097732.1,94.3,100.0,Motility,(fliI) flagellar protein export ATPase FliI,,,
GCA_005675415.1,GCA_005675415.1|AADNIJ010000001.1|845245-846615|+|g833,VFDB,gb|WP_013097732.1,94.3,100.0,Motility,(fliI) flagellar protein export ATPase FliI,,,
GCA_000192125.1,GCA_000192125.1|CM001153.1|1614264-1614896|+|g1554,VFDB,gb|NP_460542,94.3,100.0,Effector delivery system,(steA) type III secretion system effector SteA (Salmonella translocated effector A),,,
GCA_000192125.1,GCA_000192125.1|CM001153.1|1210033-1210611|+|g1139,VFDB,gb|WP_013096051.1,94.3,100.0,Motility,(flhC) flagellar transcriptional regulator FlhC,,,
GCA_000330625.1,GCA_000330625.1|ANOT01000037.1|176790-178160|+|g2296,VFDB,gb|WP_013097732.1,94.3,100.0,Motility,(fliI) flagellar protein export ATPase FliI,,,
GCA_010123015.1,GCA_010123015.1|DAAMFD010000004.1|286299-287669|-|g1205,VFDB,gb|WP_013097732.1,94.3,100.0,Motility,(fliI) flagellar protein export ATPase FliI,,,
GCA_001448615.1,GCA_001448615.1|LHSQ01000001.1|882685-883317|-|g876,VFDB,gb|NP_460542,94.3,100.0,Effector delivery system,(steA) type III secretion system effector SteA (Salmonella translocated effector A),,,
GCA_001448615.1,GCA_001448615.1|LHSQ01000001.1|1322533-1323903|+|g1314,VFDB,gb|WP_013097732.1,94.3,100.0,Motility,(fliI) flagellar protein export ATPase FliI,,,
GCA_000474395.1,GCA_000474395.1|AUQU01000015.1|46801-48171|-|g2334,VFDB,gb|WP_013097732.1,94.3,100.0,Motility,(fliI) flagellar protein export ATPase FliI,,,
GCA_010714675.1,GCA_010714675.1|DAATGB010000018.1|98039-99409|-|g2738,VFDB,gb|WP_013097732.1,94.3,100.0,Motility,(fliI) flagellar protein export ATPase FliI,,,
GCA_000258365.1,GCA_000258365.1|CP003416.1|2795710-2797080|+|g2641,VFDB,gb|WP_013097732.1,94.3,100.0,Motility,(fliI) flagellar protein export ATPase FliI,,,
GCA_006862905.1,GCA_006862905.1|AAGLPJ010000019.1|58132-59502|+|g3281,VFDB,gb|WP_013097732.1,94.3,100.0,Motility,(fliI) flagellar protein export ATPase FliI,,,
GCA_008032345.1,GCA_008032345.1|AAJLMD010000001.1|350608-351240|-|g355,VFDB,gb|NP_460542,94.3,100.0,Effector delivery system,(steA) type III secretion system effector SteA (Salmonella translocated effector A),,,
GCA_006862905.1,GCA_006862905.1|AAGLPJ010000016.1|77929-78939|-|g3034,VFDB,gb|NP_460194,94.3,100.0,Effector delivery system,(sifA) type III secretion system effector SifA (Salmonella induced filament protein A),,,
GCA_010123345.1,GCA_010123345.1|DAAMFF010000003.1|307532-308902|-|g965,VFDB,gb|WP_013097732.1,94.3,100.0,Motility,(fliI) flagellar protein export ATPase FliI,,,
GCA_010716035.1,GCA_010716035.1|DAATFR010000008.1|203654-205024|+|g2371,VFDB,gb|WP_013097732.1,94.3,100.0,Motility,(fliI) flagellar protein export ATPase FliI,,,
GCA_008005965.1,GCA_008005965.1|AAJKJE010000006.1|145075-146445|-|g2998,VFDB,gb|WP_013097732.1,94.3,100.0,Motility,(fliI) flagellar protein export ATPase FliI,,,
GCA_000329025.1,GCA_000329025.1|ALFF01000001.1|31512-32882|-|g42,VFDB,gb|WP_013097732.1,94.3,100.0,Motility,(fliI) flagellar protein export ATPase FliI,,,
GCA_011457165.1,GCA_011457165.1|AAQBKM010000007.1|190907-192277|+|g2620,VFDB,gb|WP_013097732.1,94.3,100.0,Motility,(fliI) flagellar protein export ATPase FliI,,,
GCA_005675415.1,GCA_005675415.1|AADNIJ010000001.1|260977-262431|+|g263,VFDB,gb|NP_460365,94.2,100.0,Effector delivery system,"(sseC) type III secretion system hydrophilic translocator, pore protein SseC",,,
GCA_000330625.1,GCA_000330625.1|ANOT01000034.1|221841-223295|+|g1722,VFDB,gb|NP_460365,94.2,100.0,Effector delivery system,"(sseC) type III secretion system hydrophilic translocator, pore protein SseC",,,
GCA_006862905.1,GCA_006862905.1|AAGLPJ010000001.1|276240-277151|-|g261,VFDB,gb|NP_460561,94.1,95.9,Effector delivery system,(sifB) type III secretion system effector SifB (Salmonella induced filament protein B),,,
GCA_010123015.1,GCA_010123015.1|DAAMFD010000019.1|33987-34391|+|g3449,VFDB,gb|WP_013097138.1,94.0,100.0,Motility,(flgC) flagellar basal body rod protein FlgC,,,
GCA_000258365.1,GCA_000258365.1|CP003416.1|1994118-1994522|+|g1847,VFDB,gb|WP_013097138.1,94.0,100.0,Motility,(flgC) flagellar basal body rod protein FlgC,,,
GCA_000192125.1,GCA_000192125.1|CM001153.1|2012366-2012770|-|g1969,VFDB,gb|WP_013097138.1,94.0,100.0,Motility,(flgC) flagellar basal body rod protein FlgC,,,
GCA_010716035.1,GCA_010716035.1|DAATFR010000010.1|33831-34235|+|g2610,VFDB,gb|WP_013097138.1,94.0,100.0,Motility,(flgC) flagellar basal body rod protein FlgC,,,
GCA_008005965.1,GCA_008005965.1|AAJKJE010000001.1|363978-364382|+|g370,VFDB,gb|WP_013097138.1,94.0,100.0,Motility,(flgC) flagellar basal body rod protein FlgC,,,
GCA_011454775.1,GCA_011454775.1|AAQBFY010000001.1|293664-294068|+|g295,VFDB,gb|WP_013097138.1,94.0,100.0,Motility,(flgC) flagellar basal body rod protein FlgC,,,
GCA_006862905.1,GCA_006862905.1|AAGLPJ010000016.1|28070-28474|+|g2987,VFDB,gb|WP_013097138.1,94.0,100.0,Motility,(flgC) flagellar basal body rod protein FlgC,,,
GCA_010123345.1,GCA_010123345.1|DAAMFF010000007.1|164140-164544|+|g1709,VFDB,gb|WP_013097138.1,94.0,100.0,Motility,(flgC) flagellar basal body rod protein FlgC,,,
GCA_000330625.1,GCA_000330625.1|ANOT01000033.1|34795-35199|+|g1500,VFDB,gb|WP_013097138.1,94.0,100.0,Motility,(flgC) flagellar basal body rod protein FlgC,,,
GCA_000329025.1,GCA_000329025.1|ALFF01000114.1|42177-42581|-|g4369,VFDB,gb|WP_013097138.1,94.0,100.0,Motility,(flgC) flagellar basal body rod protein FlgC,,,
GCA_008032345.1,GCA_008032345.1|AAJLMD010000006.1|99634-105723|+|g3078,VFDB,gb|NP_461448,94.0,99.5,Adherence,(shdA) AIDA autotransporter-like protein,,,
GCA_008032345.1,GCA_008032345.1|AAJLMD010000007.1|120417-120821|+|g3452,VFDB,gb|WP_013097138.1,94.0,100.0,Motility,(flgC) flagellar basal body rod protein FlgC,,,
GCA_000474395.1,GCA_000474395.1|AUQU01000012.1|224662-225066|+|g1869,VFDB,gb|WP_013097138.1,94.0,100.0,Motility,(flgC) flagellar basal body rod protein FlgC,,,
GCA_011457165.1,GCA_011457165.1|AAQBKM010000005.1|111317-111721|+|g1986,VFDB,gb|WP_013097138.1,94.0,100.0,Motility,(flgC) flagellar basal body rod protein FlgC,,,
GCA_001448615.1,GCA_001448615.1|LHSQ01000001.1|477484-477888|+|g472,VFDB,gb|WP_013097138.1,94.0,100.0,Motility,(flgC) flagellar basal body rod protein FlgC,,,
GCA_010715595.1,GCA_010715595.1|DAATGU010000003.1|33892-34296|+|g834,VFDB,gb|WP_013097138.1,94.0,100.0,Motility,(flgC) flagellar basal body rod protein FlgC,,,
GCA_005675415.1,GCA_005675415.1|AADNIJ010000001.1|33959-34363|+|g42,VFDB,gb|WP_013097138.1,94.0,100.0,Motility,(flgC) flagellar basal body rod protein FlgC,,,
GCA_010714675.1,GCA_010714675.1|DAATGB010000030.1|33870-34274|+|g3669,VFDB,gb|WP_013097138.1,94.0,100.0,Motility,(flgC) flagellar basal body rod protein FlgC,,,
GCA_000812595.1,GCA_000812595.1|JRXC01000010.1|10292-10696|+|g89,VFDB,gb|WP_013097138.1,94.0,100.0,Motility,(flgC) flagellar basal body rod protein FlgC,,,
GCA_005675415.1,GCA_005675415.1|AADNIJ010000001.1|265997-266260|+|g271,VFDB,gb|NP_460373,93.9,94.3,Effector delivery system,(ssaI) type III secretion system inner rod protein SsaI,,,
GCA_000330625.1,GCA_000330625.1|ANOT01000034.1|226861-227124|+|g1730,VFDB,gb|NP_460373,93.9,94.3,Effector delivery system,(ssaI) type III secretion system inner rod protein SsaI,,,
GCA_005675415.1,GCA_005675415.1|AADNIJ010000001.1|259914-260504|+|g261,VFDB,gb|NP_460363,93.9,100.0,Effector delivery system,(sseB) type III secretion system effector SseB,,,
GCA_010716035.1,GCA_010716035.1|DAATFR010000002.1|405282-405545|-|g777,VFDB,gb|NP_460373,93.9,94.3,Effector delivery system,(ssaI) type III secretion system inner rod protein SsaI,,,
GCA_000330625.1,GCA_000330625.1|ANOT01000034.1|220778-221368|+|g1720,VFDB,gb|NP_460363,93.9,100.0,Effector delivery system,(sseB) type III secretion system effector SseB,,,
GCA_011457165.1,GCA_011457165.1|AAQBKM010000004.1|389548-389811|-|g1869,VFDB,gb|NP_460373,93.9,94.3,Effector delivery system,(ssaI) type III secretion system inner rod protein SsaI,,,
GCA_005675415.1,GCA_005675415.1|AADNIJ010000002.1|175556-175798|-|g1044,VFDB,gb|NP_461794,93.8,100.0,Effector delivery system,(prgI) type III secretion system needle filament protein PrgI,,,
GCA_011457165.1,GCA_011457165.1|AAQBKM010000005.1|345717-346304|+|g2220,VFDB,gb|NP_460366,93.8,100.0,Effector delivery system,"(sseD) type III secretion system hydrophilic translocator, pore protein SseD",,,
GCA_005675415.1,GCA_005675415.1|AADNIJ010000001.1|262447-263034|+|g264,VFDB,gb|NP_460366,93.8,100.0,Effector delivery system,"(sseD) type III secretion system hydrophilic translocator, pore protein SseD",,,
GCA_000330625.1,GCA_000330625.1|ANOT01000034.1|223311-223898|+|g1723,VFDB,gb|NP_460366,93.8,100.0,Effector delivery system,"(sseD) type III secretion system hydrophilic translocator, pore protein SseD",,,
GCA_000330625.1,GCA_000330625.1|ANOT01000058.1|64036-64278|+|g4185,VFDB,gb|NP_461794,93.8,100.0,Effector delivery system,(prgI) type III secretion system needle filament protein PrgI,,,
GCA_010716035.1,GCA_010716035.1|DAATFR010000002.1|52907-54280|+|g434,VFDB,gb|NP_460656,93.7,100.0,Effector delivery system,"(steC) type III secretion system effector SteC (Salmonella translocated effector C), kinase",,,
GCA_000812595.1,GCA_000812595.1|JRXC01000018.1|115929-117260|+|g2220,VFDB,gb|WP_000703040,93.7,98.0,Nutritional/Metabolic factor,(ybtS) salicylate synthase Irp9,,,
GCA_010716035.1,GCA_010716035.1|DAATFR010000002.1|197452-198402|-|g577,VFDB,gb|NP_460561,93.7,100.0,Effector delivery system,(sifB) type III secretion system effector SifB (Salmonella induced filament protein B),,,
GCA_011457165.1,GCA_011457165.1|AAQBKM010000002.1|430785-432146|-|g914,VFDB,gb|WP_012737535,93.4,100.0,Nutritional/Metabolic factor,(allB) allantoinase,,,
GCA_008005965.1,GCA_008005965.1|AAJKJE010000008.1|225047-226408|-|g3609,VFDB,gb|WP_012737535,93.4,100.0,Nutritional/Metabolic factor,(allB) allantoinase,,,
GCA_010715595.1,GCA_010715595.1|DAATGU010000001.1|246652-248013|-|g233,VFDB,gb|WP_012737535,93.4,100.0,Nutritional/Metabolic factor,(allB) allantoinase,,,
GCA_011454775.1,GCA_011454775.1|AAQBFY010000003.1|224544-225905|-|g2313,VFDB,gb|WP_012737535,93.4,100.0,Nutritional/Metabolic factor,(allB) allantoinase,,,
GCA_010716035.1,GCA_010716035.1|DAATFR010000006.1|55583-56944|-|g1756,VFDB,gb|WP_012737535,93.4,100.0,Nutritional/Metabolic factor,(allB) allantoinase,,,
GCA_008032345.1,GCA_008032345.1|AAJLMD010000003.1|483769-485130|-|g2096,VFDB,gb|WP_012737535,93.4,100.0,Nutritional/Metabolic factor,(allB) allantoinase,,,
GCA_000474395.1,GCA_000474395.1|AUQU01000023.1|330018-331379|+|g3021,VFDB,gb|WP_012737535,93.4,100.0,Nutritional/Metabolic factor,(allB) allantoinase,,,
GCA_005675415.1,GCA_005675415.1|AADNIJ010000003.1|145984-147345|-|g1518,VFDB,gb|WP_012737535,93.4,100.0,Nutritional/Metabolic factor,(allB) allantoinase,,,
GCA_000329025.1,GCA_000329025.1|ALFF01000042.1|145242-146603|-|g1396,VFDB,gb|WP_012737535,93.4,100.0,Nutritional/Metabolic factor,(allB) allantoinase,,,
GCA_010714675.1,GCA_010714675.1|DAATGB010000002.1|31725-33086|-|g299,VFDB,gb|WP_012737535,93.4,100.0,Nutritional/Metabolic factor,(allB) allantoinase,,,
GCA_010123015.1,GCA_010123015.1|DAAMFD010000001.1|153014-154375|-|g147,VFDB,gb|WP_012737535,93.4,100.0,Nutritional/Metabolic factor,(allB) allantoinase,,,
GCA_000812595.1,GCA_000812595.1|JRXC01000025.1|31044-32405|-|g2983,VFDB,gb|WP_012737535,93.4,100.0,Nutritional/Metabolic factor,(allB) allantoinase,,,
GCA_000258365.1,GCA_000258365.1|CP003416.1|1365881-1367242|+|g1240,VFDB,gb|WP_012737535,93.4,100.0,Nutritional/Metabolic factor,(allB) allantoinase,,,
GCA_005675415.1,GCA_005675415.1|AADNIJ010000001.1|577649-579022|-|g570,VFDB,gb|NP_460656,93.2,100.0,Effector delivery system,"(steC) type III secretion system effector SteC (Salmonella translocated effector C), kinase",,,
GCA_010123345.1,GCA_010123345.1|DAAMFF010000001.1|100236-101597|-|g97,VFDB,gb|WP_012737535,93.2,100.0,Nutritional/Metabolic factor,(allB) allantoinase,,,
GCA_000330625.1,GCA_000330625.1|ANOT01000035.1|275073-276446|-|g2031,VFDB,gb|NP_460656,93.2,100.0,Effector delivery system,"(steC) type III secretion system effector SteC (Salmonella translocated effector C), kinase",,,
GCA_010123015.1,GCA_010123015.1|DAAMFD010000011.1|136204-137226|-|g2546,VFDB,gb|NP_461229,93.2,93.2,Effector delivery system,"(sseL) type III secretion system effector SseL, deubiquitinase",,,
GCA_006862905.1,GCA_006862905.1|AAGLPJ010000015.1|26577-27536|+|g2896,VFDB,gb|NP_459947,93.1,100.0,Effector delivery system,(sopD2) type III secretion system effector SopD2,,,
GCA_010714675.1,GCA_010714675.1|DAATGB010000005.1|159435-160301|-|g1030,VFDB,gb|WP_008500429.1,93.1,100.0,Motility,(cheR) protein-glutamate O-methyltransferase CheR,,,
GCA_011457165.1,GCA_011457165.1|AAQBKM010000005.1|14149-15201|-|g1885,VFDB,gb|AAF37887,93.1,98.9,Invasion,(ompA) outer membrane protein A,,,
GCA_000258365.1,GCA_000258365.1|CP003416.1|2750253-2751119|-|g2591,VFDB,gb|WP_008500429.1,93.1,100.0,Motility,(cheR) protein-glutamate O-methyltransferase CheR,,,
GCA_011457165.1,GCA_011457165.1|AAQBKM010000007.1|145421-146287|-|g2574,VFDB,gb|WP_008500429.1,93.1,100.0,Motility,(cheR) protein-glutamate O-methyltransferase CheR,,,
GCA_001448615.1,GCA_001448615.1|LHSQ01000001.1|1277052-1277918|-|g1268,VFDB,gb|WP_008500429.1,93.1,100.0,Motility,(cheR) protein-glutamate O-methyltransferase CheR,,,
GCA_011457165.1,GCA_011457165.1|AAQBKM010000004.1|184673-185623|-|g1672,VFDB,gb|NP_460561,93.0,100.0,Effector delivery system,(sifB) type III secretion system effector SifB (Salmonella induced filament protein B),,,
GCA_010716035.1,GCA_010716035.1|DAATFR010000002.1|409110-410564|-|g785,VFDB,gb|NP_460365,93.0,100.0,Effector delivery system,"(sseC) type III secretion system hydrophilic translocator, pore protein SseC",,,
GCA_011457165.1,GCA_011457165.1|AAQBKM010000004.1|86133-86558|+|g1579,VFDB,gb|WP_000727926.1,92.9,100.0,Exotoxin,(pltC) an orphan pertussis-like toxin delivery subunit,,,
GCA_000474395.1,GCA_000474395.1|AUQU01000056.1|234279-235301|-|g4203,VFDB,gb|NP_461229,92.9,93.2,Effector delivery system,"(sseL) type III secretion system effector SseL, deubiquitinase",,,
GCA_010715595.1,GCA_010715595.1|DAATGU010000009.1|136407-137429|-|g2281,VFDB,gb|NP_461229,92.9,93.2,Effector delivery system,"(sseL) type III secretion system effector SseL, deubiquitinase",,,
GCA_010123345.1,GCA_010123345.1|DAAMFF010000007.1|67002-68054|-|g1608,VFDB,gb|AAF37887,92.9,98.9,Invasion,(ompA) outer membrane protein A,,,
GCA_006862905.1,GCA_006862905.1|AAGLPJ010000015.1|83865-84917|-|g2938,VFDB,gb|AAF37887,92.9,98.9,Invasion,(ompA) outer membrane protein A,,,
GCA_001448615.1,GCA_001448615.1|LHSQ01000002.1|266458-267813|-|g2206,VFDB,gb|WP_012737535,92.9,99.6,Nutritional/Metabolic factor,(allB) allantoinase,,,
GCA_000812595.1,GCA_000812595.1|JRXC01000023.1|28149-29201|-|g2816,VFDB,gb|AAF37887,92.9,98.9,Invasion,(ompA) outer membrane protein A,,,
GCA_000192125.1,GCA_000192125.1|CM001153.1|581883-583244|+|g549,VFDB,gb|WP_012737535,92.9,100.0,Nutritional/Metabolic factor,(allB) allantoinase,,,
GCA_008032345.1,GCA_008032345.1|AAJLMD010000007.1|23066-24118|-|g3351,VFDB,gb|AAF37887,92.9,98.9,Invasion,(ompA) outer membrane protein A,,,
GCA_008032345.1,GCA_008032345.1|AAJLMD010000001.1|753959-754825|-|g760,VFDB,gb|WP_008500429.1,92.7,100.0,Motility,(cheR) protein-glutamate O-methyltransferase CheR,,,
GCA_000812595.1,GCA_000812595.1|JRXC01000006.1|221114-221980|-|g4038,VFDB,gb|WP_008500429.1,92.7,100.0,Motility,(cheR) protein-glutamate O-methyltransferase CheR,,,
GCA_011454775.1,GCA_011454775.1|AAQBFY010000001.1|1089814-1090680|-|g1082,VFDB,gb|WP_008500429.1,92.7,100.0,Motility,(cheR) protein-glutamate O-methyltransferase CheR,,,
GCA_010123345.1,GCA_010123345.1|DAAMFF010000020.1|54462-55328|-|g3121,VFDB,gb|WP_008500429.1,92.7,100.0,Motility,(cheR) protein-glutamate O-methyltransferase CheR,,,
GCA_010123015.1,GCA_010123015.1|DAAMFD010000010.1|160237-161103|-|g2387,VFDB,gb|WP_008500429.1,92.7,100.0,Motility,(cheR) protein-glutamate O-methyltransferase CheR,,,
GCA_000329025.1,GCA_000329025.1|ALFF01000044.1|37879-38745|-|g1616,VFDB,gb|WP_008500429.1,92.7,100.0,Motility,(cheR) protein-glutamate O-methyltransferase CheR,,,
GCA_000474395.1,GCA_000474395.1|AUQU01000004.1|98557-99423|-|g1005,VFDB,gb|WP_008500429.1,92.7,100.0,Motility,(cheR) protein-glutamate O-methyltransferase CheR,,,
GCA_010716035.1,GCA_010716035.1|DAATFR010000008.1|158320-159186|-|g2324,VFDB,gb|WP_008500429.1,92.7,100.0,Motility,(cheR) protein-glutamate O-methyltransferase CheR,,,
GCA_006862905.1,GCA_006862905.1|AAGLPJ010000019.1|12783-13649|-|g3234,VFDB,gb|WP_008500429.1,92.7,100.0,Motility,(cheR) protein-glutamate O-methyltransferase CheR,,,
GCA_008005965.1,GCA_008005965.1|AAJKJE010000006.1|191060-191926|+|g3044,VFDB,gb|WP_008500429.1,92.7,100.0,Motility,(cheR) protein-glutamate O-methyltransferase CheR,,,
GCA_010715595.1,GCA_010715595.1|DAATGU010000007.1|160252-161118|-|g1959,VFDB,gb|WP_008500429.1,92.7,100.0,Motility,(cheR) protein-glutamate O-methyltransferase CheR,,,
GCA_000192125.1,GCA_000192125.1|CM001153.1|1048105-1049157|-|g973,VFDB,gb|AAF37887,92.6,98.9,Invasion,(ompA) outer membrane protein A,,,
GCA_011454775.1,GCA_011454775.1|AAQBFY010000001.1|1231273-1232325|+|g1232,VFDB,gb|AAF37887,92.6,98.9,Invasion,(ompA) outer membrane protein A,,,
GCA_010715595.1,GCA_010715595.1|DAATGU010000014.1|111284-112336|-|g3010,VFDB,gb|AAF37887,92.6,98.9,Invasion,(ompA) outer membrane protein A,,,
GCA_000474395.1,GCA_000474395.1|AUQU01000012.1|127325-128377|-|g1768,VFDB,gb|AAF37887,92.6,98.9,Invasion,(ompA) outer membrane protein A,,,
GCA_001448615.1,GCA_001448615.1|LHSQ01000001.1|1441244-1442296|+|g1436,VFDB,gb|AAF37887,92.6,98.9,Invasion,(ompA) outer membrane protein A,,,
GCA_000329025.1,GCA_000329025.1|ALFF01000068.1|46781-47833|+|g2638,VFDB,gb|AAF37887,92.6,98.9,Invasion,(ompA) outer membrane protein A,,,
GCA_000258365.1,GCA_000258365.1|CP003416.1|1896789-1897841|-|g1746,VFDB,gb|AAF37887,92.6,98.9,Invasion,(ompA) outer membrane protein A,,,
GCA_010123015.1,GCA_010123015.1|DAAMFD010000022.1|23647-24699|-|g3734,VFDB,gb|AAF37887,92.6,98.9,Invasion,(ompA) outer membrane protein A,,,
GCA_010714675.1,GCA_010714675.1|DAATGB010000011.1|111644-112696|-|g1892,VFDB,gb|AAF37887,92.6,98.9,Invasion,(ompA) outer membrane protein A,,,
GCA_008005965.1,GCA_008005965.1|AAJKJE010000006.1|22150-23202|-|g2877,VFDB,gb|AAF37887,92.6,98.9,Invasion,(ompA) outer membrane protein A,,,
GCA_008032345.1,GCA_008032345.1|AAJLMD010000001.1|751851-752498|-|g757,VFDB,gb|WP_013096065.1,92.5,99.5,Motility,(cheZ) protein phosphatase CheZ,,,
GCA_001448615.1,GCA_001448615.1|LHSQ01000001.1|1274944-1275591|-|g1265,VFDB,gb|WP_013096065.1,92.5,99.5,Motility,(cheZ) protein phosphatase CheZ,,,
GCA_011454775.1,GCA_011454775.1|AAQBFY010000001.1|1087706-1088353|-|g1079,VFDB,gb|WP_013096065.1,92.5,99.5,Motility,(cheZ) protein phosphatase CheZ,,,
GCA_008005965.1,GCA_008005965.1|AAJKJE010000006.1|193387-194034|+|g3047,VFDB,gb|WP_013096065.1,92.5,99.5,Motility,(cheZ) protein phosphatase CheZ,,,
GCA_000258365.1,GCA_000258365.1|CP003416.1|2748145-2748792|-|g2588,VFDB,gb|WP_013096065.1,92.5,99.5,Motility,(cheZ) protein phosphatase CheZ,,,
GCA_000192125.1,GCA_000192125.1|CM001153.1|1219470-1220117|+|g1149,VFDB,gb|WP_013096065.1,92.5,99.5,Motility,(cheZ) protein phosphatase CheZ,,,
GCA_010714675.1,GCA_010714675.1|DAATGB010000005.1|157327-157974|-|g1027,VFDB,gb|WP_013096065.1,92.5,99.5,Motility,(cheZ) protein phosphatase CheZ,,,
GCA_000329025.1,GCA_000329025.1|ALFF01000044.1|35771-36418|-|g1613,VFDB,gb|WP_013096065.1,92.5,99.5,Motility,(cheZ) protein phosphatase CheZ,,,
GCA_010715595.1,GCA_010715595.1|DAATGU010000007.1|158144-158791|-|g1956,VFDB,gb|WP_013096065.1,92.5,99.5,Motility,(cheZ) protein phosphatase CheZ,,,
GCA_010716035.1,GCA_010716035.1|DAATFR010000024.1|22866-25130|-|g4057,VFDB,gb|NP_459778,92.4,98.6,Effector delivery system,"(slrP) type III secretion system effector SlrP (Salmonella leucine-rich repeat protein),novel E3 ubiquitin ligase",,,
GCA_000330625.1,GCA_000330625.1|ANOT01000037.1|131297-132163|-|g2249,VFDB,gb|WP_008500429.1,92.4,100.0,Motility,(cheR) protein-glutamate O-methyltransferase CheR,,,
GCA_000474395.1,GCA_000474395.1|AUQU01000023.1|37875-41954|+|g2726,VFDB,gb|NP_459289.1,92.4,99.6,Effector delivery system,"(tre<up>Tu</up>) Rhs polymorphic toxin, ADP-ribosyltransferase, type VI ribosyltransferase effector targeting EF-Tu",,,
GCA_006862905.1,GCA_006862905.1|AAGLPJ010000006.1|162704-164158|+|g1738,VFDB,gb|NP_460365,92.4,100.0,Effector delivery system,"(sseC) type III secretion system hydrophilic translocator, pore protein SseC",,,
GCA_005675415.1,GCA_005675415.1|AADNIJ010000001.1|799752-800618|-|g786,VFDB,gb|WP_008500429.1,92.4,100.0,Motility,(cheR) protein-glutamate O-methyltransferase CheR,,,
GCA_010716035.1,GCA_010716035.1|DAATFR010000013.1|75332-76390|-|g3135,VFDB,gb|AAF37887,92.3,98.3,Invasion,(ompA) outer membrane protein A,,,
GCA_000330625.1,GCA_000330625.1|ANOT01000052.1|27705-28763|+|g3307,VFDB,gb|AAF37887,92.3,98.3,Invasion,(ompA) outer membrane protein A,,,
GCA_005675415.1,GCA_005675415.1|AADNIJ010000010.1|87711-88769|-|g3352,VFDB,gb|AAF37887,92.3,98.3,Invasion,(ompA) outer membrane protein A,,,
GCA_001448615.1,GCA_001448615.1|LHSQ01000002.1|545818-547740|+|g2465,VFDB,gb|NP_459265,92.3,98.0,Effector delivery system,(STM0268) type VI secretion protein,,,
GCA_000192125.1,GCA_000192125.1|CM001153.1|2006984-2007715|-|g1962,VFDB,gb|WP_013097134.1,92.2,66.6,Motility,(flgI) flagellar basal body P-ring protein FlgI,,,
GCA_005675415.1,GCA_005675415.1|AADNIJ010000001.1|797644-798291|-|g783,VFDB,gb|WP_013096065.1,92.1,99.5,Motility,(cheZ) protein phosphatase CheZ,,,
GCA_000330625.1,GCA_000330625.1|ANOT01000037.1|129189-129836|-|g2246,VFDB,gb|WP_013096065.1,92.1,99.5,Motility,(cheZ) protein phosphatase CheZ,,,
GCA_006862905.1,GCA_006862905.1|AAGLPJ010000019.1|10675-11322|-|g3231,VFDB,gb|WP_013096065.1,92.1,99.5,Motility,(cheZ) protein phosphatase CheZ,,,
GCA_010123015.1,GCA_010123015.1|DAAMFD010000010.1|158129-158776|-|g2384,VFDB,gb|WP_013096065.1,92.1,99.5,Motility,(cheZ) protein phosphatase CheZ,,,
GCA_010715595.1,GCA_010715595.1|DAATGU010000001.1|493083-497162|-|g461,VFDB,gb|NP_459289.1,92.1,99.6,Effector delivery system,"(tre<up>Tu</up>) Rhs polymorphic toxin, ADP-ribosyltransferase, type VI ribosyltransferase effector targeting EF-Tu",,,
GCA_010716035.1,GCA_010716035.1|DAATFR010000008.1|156212-156859|-|g2321,VFDB,gb|WP_013096065.1,92.1,99.5,Motility,(cheZ) protein phosphatase CheZ,,,
GCA_000474395.1,GCA_000474395.1|AUQU01000004.1|96449-97096|-|g1002,VFDB,gb|WP_013096065.1,92.1,99.5,Motility,(cheZ) protein phosphatase CheZ,,,
GCA_010123345.1,GCA_010123345.1|DAAMFF010000020.1|52354-53001|-|g3118,VFDB,gb|WP_013096065.1,92.1,99.5,Motility,(cheZ) protein phosphatase CheZ,,,
GCA_000812595.1,GCA_000812595.1|JRXC01000006.1|219006-219653|-|g4035,VFDB,gb|WP_013096065.1,92.1,99.5,Motility,(cheZ) protein phosphatase CheZ,,,
GCA_011457165.1,GCA_011457165.1|AAQBKM010000007.1|143313-143960|-|g2571,VFDB,gb|WP_013096065.1,92.1,99.5,Motility,(cheZ) protein phosphatase CheZ,,,
GCA_000812595.1,GCA_000812595.1|JRXC01000010.1|60147-61157|-|g137,VFDB,gb|NP_460194,92.0,100.0,Effector delivery system,(sifA) type III secretion system effector SifA (Salmonella induced filament protein A),,,
GCA_000192125.1,GCA_000192125.1|CM001153.1|1217143-1218009|+|g1146,VFDB,gb|WP_008500429.1,92.0,100.0,Motility,(cheR) protein-glutamate O-methyltransferase CheR,,,
GCA_000812595.1,GCA_000812595.1|JRXC01000006.1|376032-376925|-|g4196,VFDB,gb|WP_001741945,91.9,99.7,Immune modulation,(galF) GalU regulator GalF,,,
GCA_001448615.1,GCA_001448615.1|LHSQ01000001.1|272780-273673|+|g247,VFDB,gb|WP_001741945,91.9,99.7,Immune modulation,(galF) GalU regulator GalF,,,
GCA_010123015.1,GCA_010123015.1|DAAMFD010000004.1|167728-168621|+|g1087,VFDB,gb|WP_001741945,91.9,99.7,Immune modulation,(galF) GalU regulator GalF,,,
GCA_000192125.1,GCA_000192125.1|CM001153.1|2174602-2175495|-|g2139,VFDB,gb|WP_001741945,91.9,99.7,Immune modulation,(galF) GalU regulator GalF,,,
GCA_011457165.1,GCA_011457165.1|AAQBKM010000002.1|180184-182451|-|g682,VFDB,gb|NP_459778,91.9,98.7,Effector delivery system,"(slrP) type III secretion system effector SlrP (Salmonella leucine-rich repeat protein),novel E3 ubiquitin ligase",,,
GCA_011454775.1,GCA_011454775.1|AAQBFY010000001.1|89202-90095|+|g75,VFDB,gb|WP_001741945,91.9,99.7,Immune modulation,(galF) GalU regulator GalF,,,
GCA_008005965.1,GCA_008005965.1|AAJKJE010000001.1|157065-157958|+|g140,VFDB,gb|WP_001741945,91.9,99.7,Immune modulation,(galF) GalU regulator GalF,,,
GCA_008032345.1,GCA_008032345.1|AAJLMD010000001.1|925699-926592|-|g934,VFDB,gb|WP_001741945,91.9,99.7,Immune modulation,(galF) GalU regulator GalF,,,
GCA_000329025.1,GCA_000329025.1|ALFF01000012.1|71680-72573|-|g408,VFDB,gb|WP_001741945,91.9,99.7,Immune modulation,(galF) GalU regulator GalF,,,
GCA_006862905.1,GCA_006862905.1|AAGLPJ010000037.1|12892-13785|-|g4072,VFDB,gb|WP_001741945,91.9,99.7,Immune modulation,(galF) GalU regulator GalF,,,
GCA_010716035.1,GCA_010716035.1|DAATFR010000011.1|126737-127630|-|g2891,VFDB,gb|WP_001741945,91.9,99.7,Immune modulation,(galF) GalU regulator GalF,,,
GCA_000474395.1,GCA_000474395.1|AUQU01000067.1|109579-110472|-|g4354,VFDB,gb|WP_001741945,91.9,99.7,Immune modulation,(galF) GalU regulator GalF,,,
GCA_010123345.1,GCA_010123345.1|DAAMFF010000003.1|167578-168471|+|g829,VFDB,gb|WP_001741945,91.9,99.7,Immune modulation,(galF) GalU regulator GalF,,,
GCA_000330625.1,GCA_000330625.1|ANOT01000050.1|66390-67412|-|g3098,VFDB,gb|WP_001741945,91.9,87.1,Immune modulation,(galF) GalU regulator GalF,,,
GCA_005675415.1,GCA_005675415.1|AADNIJ010000006.1|146086-147108|-|g2585,VFDB,gb|WP_001741945,91.9,87.1,Immune modulation,(galF) GalU regulator GalF,,,
GCA_011457165.1,GCA_011457165.1|AAQBKM010000023.1|7200-8093|+|g4291,VFDB,gb|WP_001741945,91.9,99.7,Immune modulation,(galF) GalU regulator GalF,,,
GCA_000258365.1,GCA_000258365.1|CP003416.1|2914773-2915666|-|g2762,VFDB,gb|WP_001741945,91.9,99.7,Immune modulation,(galF) GalU regulator GalF,,,
GCA_010714675.1,GCA_010714675.1|DAATGB010000013.1|19634-20527|-|g2066,VFDB,gb|WP_001741945,91.9,99.7,Immune modulation,(galF) GalU regulator GalF,,,
GCA_010715595.1,GCA_010715595.1|DAATGU010000005.1|221616-222353|-|g1580,VFDB,gb|WP_013097738.1,91.8,100.0,Motility,(fliP) flagellar type III secretion system pore protein FliP,,,
GCA_001448615.1,GCA_001448615.1|LHSQ01000001.1|1327950-1328687|+|g1321,VFDB,gb|WP_013097738.1,91.8,100.0,Motility,(fliP) flagellar type III secretion system pore protein FliP,,,
GCA_006862905.1,GCA_006862905.1|AAGLPJ010000028.1|12879-13652|-|g3760,VFDB,gb|NP_459281,91.8,100.0,Effector delivery system,(STM0283) hypothetical protein,,,
GCA_000329025.1,GCA_000329025.1|ALFF01000001.1|26728-27465|-|g35,VFDB,gb|WP_013097738.1,91.8,100.0,Motility,(fliP) flagellar type III secretion system pore protein FliP,,,
GCA_011454775.1,GCA_011454775.1|AAQBFY010000001.1|1140713-1141450|+|g1134,VFDB,gb|WP_013097738.1,91.8,100.0,Motility,(fliP) flagellar type III secretion system pore protein FliP,,,
GCA_005675415.1,GCA_005675415.1|AADNIJ010000001.1|850668-851405|+|g840,VFDB,gb|WP_013097738.1,91.8,100.0,Motility,(fliP) flagellar type III secretion system pore protein FliP,,,
GCA_008032345.1,GCA_008032345.1|AAJLMD010000001.1|804867-805604|+|g814,VFDB,gb|WP_013097738.1,91.8,100.0,Motility,(fliP) flagellar type III secretion system pore protein FliP,,,
GCA_008005965.1,GCA_008005965.1|AAJKJE010000006.1|140291-141028|-|g2991,VFDB,gb|WP_013097738.1,91.8,100.0,Motility,(fliP) flagellar type III secretion system pore protein FliP,,,
GCA_006862905.1,GCA_006862905.1|AAGLPJ010000019.1|63555-64292|+|g3288,VFDB,gb|WP_013097738.1,91.8,100.0,Motility,(fliP) flagellar type III secretion system pore protein FliP,,,
GCA_000330625.1,GCA_000330625.1|ANOT01000037.1|182213-182950|+|g2303,VFDB,gb|WP_013097738.1,91.8,100.0,Motility,(fliP) flagellar type III secretion system pore protein FliP,,,
GCA_010716035.1,GCA_010716035.1|DAATFR010000008.1|209077-209814|+|g2378,VFDB,gb|WP_013097738.1,91.8,100.0,Motility,(fliP) flagellar type III secretion system pore protein FliP,,,
GCA_000330625.1,GCA_000330625.1|ANOT01000034.1|45985-46995|-|g1549,VFDB,gb|NP_460194,91.7,100.0,Effector delivery system,(sifA) type III secretion system effector SifA (Salmonella induced filament protein A),,,
GCA_005675415.1,GCA_005675415.1|AADNIJ010000001.1|85120-86130|-|g90,VFDB,gb|NP_460194,91.7,100.0,Effector delivery system,(sifA) type III secretion system effector SifA (Salmonella induced filament protein A),,,
GCA_008032345.1,GCA_008032345.1|AAJLMD010000017.1|38735-42814|+|g4562,VFDB,gb|NP_459289.1,91.7,99.6,Effector delivery system,"(tre<up>Tu</up>) Rhs polymorphic toxin, ADP-ribosyltransferase, type VI ribosyltransferase effector targeting EF-Tu",,,
GCA_010715595.1,GCA_010715595.1|DAATGU010000005.1|107862-108755|+|g1468,VFDB,gb|WP_001741945,91.6,99.7,Immune modulation,(galF) GalU regulator GalF,,,
GCA_010714675.1,GCA_010714675.1|DAATGB010000018.1|93255-93992|-|g2731,VFDB,gb|WP_013097738.1,91.4,100.0,Motility,(fliP) flagellar type III secretion system pore protein FliP,,,
GCA_000474395.1,GCA_000474395.1|AUQU01000015.1|42017-42754|-|g2327,VFDB,gb|WP_013097738.1,91.4,100.0,Motility,(fliP) flagellar type III secretion system pore protein FliP,,,
GCA_011457165.1,GCA_011457165.1|AAQBKM010000007.1|196330-197067|+|g2627,VFDB,gb|WP_013097738.1,91.4,100.0,Motility,(fliP) flagellar type III secretion system pore protein FliP,,,
GCA_000812595.1,GCA_000812595.1|JRXC01000006.1|271878-272615|+|g4092,VFDB,gb|WP_013097738.1,91.4,100.0,Motility,(fliP) flagellar type III secretion system pore protein FliP,,,
GCA_010123015.1,GCA_010123015.1|DAAMFD010000004.1|281515-282252|-|g1198,VFDB,gb|WP_013097738.1,91.4,100.0,Motility,(fliP) flagellar type III secretion system pore protein FliP,,,
GCA_011457165.1,GCA_011457165.1|AAQBKM010000005.1|167516-168526|-|g2039,VFDB,gb|NP_460194,91.4,100.0,Effector delivery system,(sifA) type III secretion system effector SifA (Salmonella induced filament protein A),,,
GCA_000192125.1,GCA_000192125.1|CM001153.1|1166384-1167121|-|g1093,VFDB,gb|WP_013097738.1,91.4,100.0,Motility,(fliP) flagellar type III secretion system pore protein FliP,,,
GCA_000258365.1,GCA_000258365.1|CP003416.1|2801127-2801864|+|g2648,VFDB,gb|WP_013097738.1,91.4,100.0,Motility,(fliP) flagellar type III secretion system pore protein FliP,,,
GCA_011457165.1,GCA_011457165.1|AAQBKM010000015.1|87959-90163|-|g3849,VFDB,gb|NP_459287,91.4,99.3,Effector delivery system,(vgrG) type VI secretion protein VgrG,,,
GCA_010123345.1,GCA_010123345.1|DAAMFF010000003.1|302742-303479|-|g958,VFDB,gb|WP_013097738.1,91.4,100.0,Motility,(fliP) flagellar type III secretion system pore protein FliP,,,
GCA_010716035.1,GCA_010716035.1|DAATFR010000005.1|290420-300490|-|g1692,VFDB,gb|NP_463126,91.3,60.4,Adherence,(siiE) non-fimbrial adhesin SiiE,,,
GCA_010714675.1,GCA_010714675.1|DAATGB010000004.1|97354-112836|-|g791,VFDB,gb|NP_463126,91.3,92.8,Adherence,(siiE) non-fimbrial adhesin SiiE,,,
GCA_010714675.1,GCA_010714675.1|DAATGB010000030.1|38559-39656|+|g3675,VFDB,gb|WP_013097134.1,91.2,100.0,Motility,(flgI) flagellar basal body P-ring protein FlgI,,,
GCA_006862905.1,GCA_006862905.1|AAGLPJ010000016.1|32759-33856|+|g2993,VFDB,gb|WP_013097134.1,91.2,100.0,Motility,(flgI) flagellar basal body P-ring protein FlgI,,,
GCA_008005965.1,GCA_008005965.1|AAJKJE010000001.1|368667-369764|+|g376,VFDB,gb|WP_013097134.1,91.2,100.0,Motility,(flgI) flagellar basal body P-ring protein FlgI,,,
GCA_005675415.1,GCA_005675415.1|AADNIJ010000001.1|38648-39745|+|g48,VFDB,gb|WP_013097134.1,91.2,100.0,Motility,(flgI) flagellar basal body P-ring protein FlgI,,,
GCA_001448615.1,GCA_001448615.1|LHSQ01000001.1|482173-483270|+|g478,VFDB,gb|WP_013097134.1,91.2,100.0,Motility,(flgI) flagellar basal body P-ring protein FlgI,,,
GCA_010715595.1,GCA_010715595.1|DAATGU010000003.1|38581-39678|+|g840,VFDB,gb|WP_013097134.1,91.2,100.0,Motility,(flgI) flagellar basal body P-ring protein FlgI,,,
GCA_000329025.1,GCA_000329025.1|ALFF01000114.1|36795-37892|-|g4363,VFDB,gb|WP_013097134.1,91.2,100.0,Motility,(flgI) flagellar basal body P-ring protein FlgI,,,
GCA_008032345.1,GCA_008032345.1|AAJLMD010000007.1|125105-126202|+|g3458,VFDB,gb|WP_013097134.1,91.2,100.0,Motility,(flgI) flagellar basal body P-ring protein FlgI,,,
GCA_011454775.1,GCA_011454775.1|AAQBFY010000001.1|298353-299450|+|g301,VFDB,gb|WP_013097134.1,91.2,100.0,Motility,(flgI) flagellar basal body P-ring protein FlgI,,,
GCA_000258365.1,GCA_000258365.1|CP003416.1|1998807-1999904|+|g1853,VFDB,gb|WP_013097134.1,91.2,100.0,Motility,(flgI) flagellar basal body P-ring protein FlgI,,,
GCA_000474395.1,GCA_000474395.1|AUQU01000012.1|229351-230448|+|g1875,VFDB,gb|WP_013097134.1,91.2,100.0,Motility,(flgI) flagellar basal body P-ring protein FlgI,,,
GCA_000330625.1,GCA_000330625.1|ANOT01000058.1|12326-13231|+|g4133,VFDB,gb|NP_461845,91.2,91.2,Regulation,(rpoS) RNA polymerase sigma factor RpoS,,,
GCA_000812595.1,GCA_000812595.1|JRXC01000010.1|14981-16078|+|g95,VFDB,gb|WP_013097134.1,91.2,100.0,Motility,(flgI) flagellar basal body P-ring protein FlgI,,,
GCA_010716035.1,GCA_010716035.1|DAATFR010000010.1|38520-39617|+|g2616,VFDB,gb|WP_013097134.1,91.2,100.0,Motility,(flgI) flagellar basal body P-ring protein FlgI,,,
GCA_010123015.1,GCA_010123015.1|DAAMFD010000019.1|38676-39773|+|g3455,VFDB,gb|WP_013097134.1,91.2,100.0,Motility,(flgI) flagellar basal body P-ring protein FlgI,,,
GCA_011457165.1,GCA_011457165.1|AAQBKM010000005.1|116005-117102|+|g1992,VFDB,gb|WP_013097134.1,91.2,100.0,Motility,(flgI) flagellar basal body P-ring protein FlgI,,,
GCA_010123345.1,GCA_010123345.1|DAAMFF010000007.1|168828-169925|+|g1715,VFDB,gb|WP_013097134.1,91.2,100.0,Motility,(flgI) flagellar basal body P-ring protein FlgI,,,
GCA_000812595.1,GCA_000812595.1|JRXC01000010.1|422324-422956|-|g496,VFDB,gb|NP_460542,91.0,100.0,Effector delivery system,(steA) type III secretion system effector SteA (Salmonella translocated effector A),,,
GCA_011457165.1,GCA_011457165.1|AAQBKM010000006.1|130624-137934|-|g2336,VFDB,gb|NP_461449,91.0,100.0,Adherence,(ratB) putative outer membrane protein,,,
GCA_005675415.1,GCA_005675415.1|AADNIJ010000002.1|86218-87270|-|g953,VFDB,gb|NP_461706,90.9,100.0,Effector delivery system,(pipB2) type III secretion system effector PipB3,,,
GCA_000330625.1,GCA_000330625.1|ANOT01000048.1|11892-12944|+|g2909,VFDB,gb|NP_461706,90.9,100.0,Effector delivery system,(pipB2) type III secretion system effector PipB3,,,
GCA_010716035.1,GCA_010716035.1|DAATFR010000010.1|85010-86020|-|g2659,VFDB,gb|NP_460194,90.8,100.0,Effector delivery system,(sifA) type III secretion system effector SifA (Salmonella induced filament protein A),,,
GCA_010123345.1,GCA_010123345.1|DAAMFF010000001.1|345901-350034|-|g322,VFDB,gb|NP_459289.1,90.8,99.1,Effector delivery system,"(tre<up>Tu</up>) Rhs polymorphic toxin, ADP-ribosyltransferase, type VI ribosyltransferase effector targeting EF-Tu",,,
GCA_011457165.1,GCA_011457165.1|AAQBKM010000015.1|83346-87470|-|g3847,VFDB,gb|NP_459289.1,90.7,99.3,Effector delivery system,"(tre<up>Tu</up>) Rhs polymorphic toxin, ADP-ribosyltransferase, type VI ribosyltransferase effector targeting EF-Tu",,,
GCA_008005965.1,GCA_008005965.1|AAJKJE010000001.1|4410-6575|+|g8,VFDB,gb|NP_461184,90.6,91.5,Effector delivery system,"(sspH2) type III secretion system effector SspH2 (Salmonella secreted protein H2), novel E3 ubiquitin ligase",,,
GCA_011457165.1,GCA_011457165.1|AAQBKM010000004.1|77817-79190|+|g1570,VFDB,gb|NP_460656,90.4,100.0,Effector delivery system,"(steC) type III secretion system effector SteC (Salmonella translocated effector C), kinase",,,
GCA_010716035.1,GCA_010716035.1|DAATFR010000007.1|135626-141610|-|g2078,VFDB,gb|NP_461448,90.3,97.8,Adherence,(shdA) AIDA autotransporter-like protein,,,
GCA_006862905.1,GCA_006862905.1|AAGLPJ010000001.1|169038-170429|+|g160,VFDB,gb|NP_460656,90.1,98.7,Effector delivery system,"(steC) type III secretion system effector SteC (Salmonella translocated effector C), kinase",,,
GCA_010123345.1,GCA_010123345.1|DAAMFF010000018.1|51461-52483|-|g2934,VFDB,gb|NP_461229,90.0,93.2,Effector delivery system,"(sseL) type III secretion system effector SseL, deubiquitinase",,,
